年收入,负债率,信用记录年限,贷款金额,还款记录,资产价值,职业稳定性,教育程度,信用等级
46.87102551652672,0.1863226011122777,9.984404145190611,28.943674101499056,91.26999430068093,376.8918014514722,7.660137096861155,15.920690501639623,A
40.3475088173105,0.17380561164308703,3.857059025382764,31.680816471997616,78.88879583502458,247.66569194274143,6.049490290293067,11.805342589747445,C
42.04226648544261,0.3073565017159766,5.143995436477798,41.89899085153708,64.24315792338732,229.2634106874695,2.997059727314277,7.688087650058559,D
25.189302028068642,0.48697198504743433,0.4332286091548534,38.573487963502494,55.20967627251661,110.46696474720079,3.796741373851123,7.528545838071962,D
16.736253124623822,0.9572466000616763,1.1788241522935259,33.32025732518933,72.93029009573944,-0.39083873815970094,3.147390482799075,9.880586447112952,E
10.105112997765726,0.6557005534249566,0.8557037491223327,42.846953555764344,61.029049108032105,97.57612111930385,1.6996214858716963,9.373593280968683,E
22.881294641105793,0.9373682903477334,0.5955175832801843,59.27259876897436,41.983994578378486,56.498513090960024,1.7014243996977514,5.502765435397249,E
50.11538156116135,0.42695788281492497,1.7711056049825138,59.359566622055496,63.10904384306796,93.1509346302884,2.25595461199293,12.581936301510034,D
53.99935291597267,0.3500095867240668,3.9277230486696864,40.647211836960984,78.79309476680373,224.03872345954923,3.9794726880608007,10.546258174567535,C
54.143326518721295,0.3647187309783215,4.956478530691853,44.19801183599468,89.67240144533103,274.51025305572483,8.54850674462141,12.641700953000687,C
57.62648556174575,0.3037863605206572,7.0151394901340325,26.397781001015275,82.17291272737518,323.86920452214616,4.0160751332802604,14.258856443475231,B
78.35155365548465,0.32016601250985116,6.807085836881445,39.973189094493364,91.74437904885735,453.5827736729936,8.699473647245497,13.222584668934893,B
46.52112221720285,0.3463948722807908,0.5010873917056342,49.37657328659412,92.16622260022275,325.37171295897906,7.165723951136158,12.32450832238951,C
31.69096770542412,0.702850781367954,-1.5448448107430552,51.729815843011934,51.85501463481498,163.5812666166369,0.774139595283307,11.75211909067703,D
48.64535800017438,0.3750201736916953,3.350642273964806,21.33229815723969,92.24319951751434,189.20181835337982,4.403393524064001,9.612646237797566,C
43.26123061294121,0.3132406650710535,4.489987916362072,36.369210094180445,80.63663465914881,296.0709685481589,4.860785368362879,13.556465277138884,C
31.94913512033905,0.6403580122700758,1.8331106148340799,42.140802251566505,70.22142532536905,204.04879863170422,4.741486367308312,10.266861290504462,D
34.88135079993339,0.5343811050193398,2.1200479103424583,55.34995046504469,73.58896607009285,194.11150001517137,4.585240905462177,13.31607186183625,D
70.50732105870134,0.22050432756921318,7.614805352114157,14.218479110090854,93.18579233700838,438.1605490307512,7.7493322514780045,15.613246696121832,A
38.002155912440635,0.5226125000732217,-1.1742636781610276,51.929340784807536,63.018110293444494,105.5076014248215,4.815095131240522,11.026151757702543,D
33.6101506345107,0.353940140181749,4.005434375031409,37.13899825484797,66.49593140943807,198.44503415206245,4.021160695576665,8.448619477753258,D
54.679261386029864,0.27287942682169664,4.160259985471763,35.652509605961846,78.58123028094496,295.2772579386768,7.412678597376155,12.217079286276958,B
134.19818424402953,0.19998067422511256,12.95169429212821,27.89293876005599,93.8272398783589,420.7390204472529,6.993199770253757,16.848659594874626,A
45.62541576316092,0.3304259955401961,-0.8244681884533867,31.521827088972174,79.6763779939542,183.7903674901952,5.933512925867269,10.405428534676117,C
80.74474036335401,0.20847676359626902,10.675090989993823,2.5780541268581842,97.13407927073632,539.3115876558608,9.661986593225476,16.872133483532345,A
27.11209124895215,0.32940372934760614,2.645296116448572,28.905529521043142,78.78131762350063,261.44768177011565,6.189939066392405,13.756346239319313,C
50.90504519555601,0.5191717037491965,1.901004163686901,45.14860368223485,59.19084708029357,83.3684386522698,3.976296135145689,7.308950874304683,D
49.509291839831974,0.3884320970944286,9.770119867416339,14.44010659988292,92.5991026981149,327.8570685217078,5.682744999281766,14.298557435261989,B
65.95223738016854,0.09751122136315073,10.461950521992835,16.599330686956087,98.31198231707651,476.0117297961911,6.930567649514042,16.810459234601524,A
80.48701691247518,0.10446787786169445,12.041430965698119,14.357865707805654,93.63336047341825,536.7557333657712,5.736814221374056,13.65843645707253,A
20.71722655229849,0.46194688860154826,1.8952046239478264,31.298877169582,68.7548012203214,51.96090246719322,0.23391366469000108,8.98691790545847,D
52.588529191315246,0.04230537608299503,4.337656733166213,12.457981974694388,96.22797665360264,568.4280212568565,10.403667101769079,14.157635274863935,A
21.50951675494848,0.7387323528866987,1.785916208843885,27.118202491456827,45.46871530960853,29.439105811075372,1.2036792982179363,9.849339658783904,E
70.71263938786963,0.22379441250629514,6.5471567542984275,54.288261184336484,93.24121414659652,208.22098663063775,6.540921027691863,11.72342153808151,B
24.930325260790642,0.48586669534446836,1.9290317596320194,90.48288655988134,69.4916957399297,131.91908481460916,2.772297945735922,10.427365838666946,D
75.13217697182418,0.2190213827729134,6.808836893147118,44.14088335100722,95.42656773887205,284.12088031924435,5.528595260389263,14.64268770746218,B
42.60691081461836,0.44912060050991637,1.5815132261756637,39.919135760927226,71.00623928702879,199.58356977649433,5.620434092269672,7.445840156238226,D
18.592774320565816,0.5608699403905796,0.4623939512467552,63.2626109919204,49.10126209031172,100.24628760460561,1.5500073470890698,9.128937322951815,E
51.25866077177258,0.28314176235374516,7.5132833468639575,48.95424815070487,85.6044103450749,225.59997276196458,6.877301309802116,12.111695053509257,B
56.99782772347554,0.10553259363189407,11.804111754992467,2.1418549324388323,92.2194047450497,590.2748441676132,7.14203003490754,16.370598395489285,A
92.29574653746232,0.18369776142693367,5.005490746204461,17.520523781184625,94.65275448454037,658.5264597540381,5.599822031599119,16.68640700755003,A
28.75599792703018,0.9517305381924195,0.38217996864880166,84.6104367165767,63.58992968914309,135.67112557537158,3.129615704083321,9.628061878140006,E
19.88209754826058,0.5452922509952138,1.7272297251394961,0.02074126418144573,68.02715778344188,49.941685519217046,1.4454885665871062,4.377586858446937,E
115.57012912488528,0.1746780363271412,10.868670712634389,29.747723114135702,96.9708194491695,522.7843361144239,6.726703279673747,13.478236038095698,A
41.32356673970497,0.4627491367223433,3.508314686936481,86.76791137104618,71.57196842400612,178.217176866077,1.7076611454164983,15.866904189159397,D
81.42393802209772,0.2012143250391471,5.817293597075537,35.00139173652455,89.10055316995003,432.6481658765554,7.985511576833353,18.274121749358756,B
16.5656678408782,0.39389699226567537,0.9504652028549178,63.468728353855695,49.56711466621807,112.52763280209246,1.735210737911157,13.308399763766221,E
92.09360494272624,0.16000731507851684,4.717564465058102,32.64332894580187,90.76002293533477,408.95663591017114,4.324375356117028,14.083703674181503,B
81.36486018146942,0.28493063428130194,10.157693385085372,18.050137401932318,89.58474614432205,258.82314881198727,5.163969067991507,13.007293966657205,B
60.047342586493485,0.12498229851611817,8.814346403984924,18.4238285057927,95.60422965401676,288.258662836549,3.99450534926367,14.47813479397677,B
50.04827647173629,0.20016575845319812,6.675813950920835,34.35608999810361,84.27295013517585,348.02052966208953,6.021827034341773,14.302887115460235,B
73.04039114613438,0.1489874273852625,11.562486093703491,16.32909098016913,95.23697080455739,381.837222406271,5.1827258719951566,15.66845527565926,A
25.065236512842134,0.36535856459931365,-0.11436469022373386,51.18646626301009,81.63948072449446,180.83870198446203,2.4583575000109588,8.513790569863467,D
61.79369717556086,0.2795577592178926,9.355029675086312,39.2037571762415,91.45386025290252,187.81254210832816,5.298889803333141,13.142219493972968,B
56.107499531449534,0.19127899592943642,5.436120118599851,32.893452597061305,85.99485612312567,246.87323429596194,7.0771334890208095,12.6459017905277,B
112.24006118901156,0.15285382966524605,7.007084297611606,13.682133476465118,97.9688956965878,536.4029175094169,9.019522165718431,18.712624434723693,A
45.8741122674906,0.7040892947044538,1.6865776159497274,59.77557945541772,83.11943783926328,160.5880152792256,1.977108482056444,9.340718119689255,D
60.304856244841076,0.23896750995199473,10.042988248766902,48.11536958240572,84.57407381900514,282.9478436902559,5.715956764074282,14.698359362136866,B
9.644318932802376,0.753344364959029,1.3086888774993004,42.48098310291759,66.32580788277049,130.95290743958392,3.137403648126468,7.424245444841404,E
44.675754755830255,0.2976738785868321,3.3311806204770518,49.55727499191487,76.22308854394107,287.36007561006,5.93870289140252,12.663026253928997,C
32.645127052941085,0.5119596893477727,2.8740818205919214,51.95486179765701,79.66676780801609,80.2017670082714,1.8635664025505,10.423363913127888,D
35.817617230617294,0.3156997764604745,11.300703011949292,42.19417380055453,76.04020488608226,326.37490208317223,5.110023987734548,13.955733112698931,C
23.414258430778716,1.1556523475059692,1.6640459732857877,54.406870757984876,47.89685507353304,108.97838926270693,1.4907427782060265,10.758785946325634,E
42.13727370944995,0.17871072250159806,11.0513329499251,17.546696760900094,93.76129391347966,531.8484727254022,9.783782876209703,13.946782721591074,A
26.654017855639985,0.6209330225117905,0.22028065320521129,27.119421437995477,16.593133390442134,92.56315473444894,1.3828480508188141,8.387199892080112,E
88.67453750810178,0.09124723793908757,12.611070833867169,24.052954606784986,96.11143804563072,442.8649493253008,7.469098675103669,14.36516591965794,A
52.97196643109038,0.3582862855343946,3.8094850307860595,42.005400227130764,86.96712605176764,283.19827667264065,5.275060963659892,11.764209472064117,C
29.723065684375957,0.3860815794734073,4.975336929590314,-1.8435169714467747,92.53364797632368,272.34421285820554,7.93347246492627,15.055094831211703,C
34.07233366574525,0.4719171100446802,1.2418293698211311,32.726528214650926,61.962637488992286,57.56460001979208,3.3161713865391422,8.402621374691462,D
63.488318138391314,0.2839831275628199,7.241936113522941,48.04216524422731,80.05581739413401,344.9458946980252,7.901182444277587,13.744433475378825,B
18.344660071360174,0.7849997825987904,0.6044175683726857,48.928370313143816,63.316226356747435,60.77634676072856,2.482855054643334,7.943504844595157,E
100.18806066043301,0.2136923701455425,8.38266155221375,34.865670696856206,93.51974222645991,673.9827245230848,6.916346509780541,17.622651637969604,A
23.317136979058272,0.6639974850462567,0.6899174945245308,57.39266452905411,75.3601712486975,2.7447052235409046,0.327592494476892,9.947370895080024,E
41.73977446635756,0.7204993295039934,0.9356256225311244,65.4950293434917,81.94332209419436,266.70093018416844,0.6743954046986262,8.12774401141199,D
40.24670479141395,0.6169324056557312,3.3196562060387373,43.090296093045374,77.28942064461347,166.06183455833238,7.567443681338264,7.683705473652656,D
65.77679491397095,0.2190027763317907,9.493359038041127,-4.6110697489626595,92.80933528340884,391.0678456783562,8.358076509286818,18.860874334398368,A
23.83134799144043,0.6681907107589918,1.4369502336526898,23.096901162122784,79.00508932751774,78.35678205218228,0.32583979296548127,7.086492559075037,E
44.734679988276284,0.26108049460992294,5.471024941655814,34.01685065872658,88.48115647459011,376.1453449274757,9.081891706452494,15.110743005351097,B
77.13402157199084,0.16187794906688496,9.271248794766194,34.3223608922407,93.43535066108463,398.5815669250692,7.130908053714309,17.86150388269324,B
15.56722271153211,0.7409482395968464,1.0888100776211511,84.15634934721233,35.96997317035438,111.49909109159387,4.083608132322824,10.19576065950808,E
39.71795288092691,0.4575184938275105,4.033335495039629,42.461927529650346,91.8088012085075,40.39003382256412,3.688670589357896,10.484367987308477,D
17.052675233649094,0.456412036399091,2.8261124225130807,48.588382281986036,73.02211508795041,135.02588566916853,5.151117096763312,11.246819760548062,D
47.78118911352598,0.6347202223744065,2.7910764527184204,63.446423993488736,74.49426972514897,133.55297884665842,2.4909860206565404,10.90725674385555,D
94.8838788341937,0.26291677339005526,7.410549654915647,12.323838338920634,96.85500790576528,461.1569932157962,5.13638488953347,19.69680880456635,A
27.216661606142992,0.5647650752143865,5.614952151388246,56.19333363207288,78.55022617546635,104.62163757008287,1.4261071789589828,7.11196053497647,D
51.99987889067205,0.3275918531674551,1.2688036933343487,19.908918330457784,83.14335831854835,202.16891246598595,6.669896362805584,13.300193295386144,C
28.51408029713144,0.7700039728780431,1.0182023169245982,44.18594016471771,56.527937430068974,253.12177208699097,6.9237808766514135,6.921230971212591,D
58.3677324558552,0.14616944115183078,5.714039877038384,40.1003775964569,81.80965429526294,330.36769699124727,3.6076765262172588,11.36366299467736,C
55.48549766036624,0.14724489688715475,4.457736340176938,44.49554440318996,72.77118760476587,196.87767879576964,7.048819104136688,9.6458698350097,C
50.808472003630854,0.32053952995453044,5.462615070698628,42.56426098504189,61.95106877619669,249.4594896562218,6.264758418450993,12.151048176394642,C
79.96719372926161,0.18814273443695143,11.97378930556674,11.441450398401305,93.91275941203257,364.42773840789414,7.713143862022051,17.794079410867294,A
71.9643742549201,0.20664711359670737,9.83849697650768,31.38949352584846,92.86158059718515,615.0075082014731,6.60571493979449,15.823826706647775,A
49.26023028186013,0.34289398683121863,9.5401278299097,21.11929431722687,85.0821859635398,203.24332527125438,3.8921530982941333,13.145972858378304,B
51.53668382316137,0.3230378247429867,8.855086779758649,30.536419877629463,69.53740619374929,211.8576679074256,5.455245584965075,12.700327567067493,C
47.41595847217797,0.5721038395559576,7.7025782330759744,76.7222347790318,67.1635156932771,113.2415717125898,8.823457266940032,6.889588176776751,D
62.60604569159536,0.3089670851492171,8.010601529730273,17.09905263114721,87.85009922856263,269.9492210618481,8.033293092075676,11.379552457585735,B
16.191476112074717,0.8907122449055396,1.7833006457474991,128.4075965329995,53.1716295007818,99.93204848815645,1.843477892951485,9.978625122518906,E
29.05591030274319,0.6376434669114038,5.150303371636895,33.733487001289426,75.71772404403268,72.57015244156912,1.4500977331991707,15.04980303955339,C
28.192154971696336,0.8024841372838496,2.818397508098075,44.91719133131518,56.814338162715416,122.32337101182247,2.2584023422937123,13.981343520221042,D
65.03814260130535,0.23133091192868463,7.904112630459146,26.98107011223399,93.57553290662592,538.0677340851389,9.256026779832007,13.568387122678885,A
11.793505207611819,0.6565235553804984,2.156787283909632,56.353589431807656,42.96211972293431,128.45639396360374,4.391579007557541,9.579326374490488,E
22.612794909575108,0.5568187869244623,0.738654568202111,73.18311789292143,56.85858136723534,96.44571884243686,1.4087120792016719,7.422510589967391,E
49.939620621536406,0.4314704505042759,10.231584732251095,39.96489955671624,96.39658825472296,404.1099902620445,5.35704501787018,16.677744080327113,B
103.90403344019724,0.12954259548487104,13.927632113459977,22.9381262224194,91.9469404816328,443.9230993770142,7.523850443988145,14.335618780209305,A
56.117292620100294,0.05959853588522135,7.086479498285875,12.834185875462222,89.25603729962863,374.7124491998821,4.182840062028242,11.025638490533742,B
25.402917808050365,0.36856734042368344,1.8335231855728975,57.863787226692835,69.18219147089731,147.92955711146016,0.3707531389700467,6.405750029158337,E
10.75039241087862,0.4702905903503623,1.3893379748195542,70.98614375885307,59.31634063721094,128.27029698417542,2.357913528757359,5.435082342397012,E
16.062481459350064,0.4952105650866272,3.277645782957497,35.106025274750024,68.14629565378227,144.0258885020211,3.572550798638985,9.45455724058653,D
22.02597468682825,0.6639436597087855,0.8297589577749438,76.60049971430206,50.82887463671284,185.38366732092027,2.214697315455203,11.897834490875844,E
75.52332922753727,0.14738256080939988,8.167628415415551,19.383954722485598,90.01942352081925,307.3948482631732,7.285667740022535,17.02708869799519,A
86.13395392759406,0.12287314979022838,9.830214513548633,9.803813942220819,91.35544176868576,587.518945529663,4.860154491250954,13.875476019815558,A
2.4278219792012727,0.8954393693771172,0.2827976871496469,39.69864372656908,53.949063245660014,82.1655016342745,1.2293258476366549,9.862514265110246,E
106.6641961466157,0.04491976897453051,6.213142134565157,27.61964726951878,91.2336868164053,597.4776484054129,8.609065731183907,20.882206845086994,A
30.451779835142222,0.5751147190385939,2.4114011704755134,63.36447627754279,81.09459428965656,187.92613800977884,2.7178917525308144,11.671120045454458,D
94.22454940654453,0.13555112451506068,9.6888946454198,23.335510794714015,92.81359180448617,464.9198896467812,8.21168485038326,17.173642046314043,A
66.70678304290686,0.16402016898359015,7.827000144583895,30.39553639225298,92.42303357966041,322.88821531868103,4.394908617903692,12.064303114186835,B
32.12023904231709,0.6026223635050644,5.332312943186876,55.17989649419313,67.95911439892117,194.21666507256188,0.6812166604306373,4.340493237706988,D
14.168227629097402,0.43421845366625866,3.9988573219489383,34.67256289901482,65.15880201264551,186.68044435718724,2.0482300314974697,10.138906904673984,D
53.337904787471494,0.35033980304311846,9.417353100330867,51.661249131146946,82.59334846638099,334.2318757073159,2.4947942714264055,13.688800118600964,B
41.91420764836878,0.32803817616633413,7.002435546861744,27.119634105112844,78.10873023365035,233.26786166349478,5.094746237554249,11.618817922901032,C
35.96343996284119,0.5848134641343966,6.820360685548756,40.58108315194772,64.96710522062446,165.29494566299832,4.3680536431537025,8.255647614196132,D
43.0392077457512,0.14200018835460687,5.5851713433338785,33.49930683329521,88.58209430130007,455.7668434038964,12.011488851971205,15.260210470969923,B
70.844502265606,0.03926637812132561,3.9118258418536285,32.60855407170558,85.12470352261509,463.70798724953386,3.3943847912381,13.643034709970506,B
37.85622265893212,0.6203066812151886,2.2853879013849685,42.75787962964554,73.9275107720283,177.0803749843846,3.07916435345879,8.428753659276198,D
14.787041562901493,0.6973645959862963,-1.4594310430384745,54.92912196489125,61.7479081849744,97.89123434980047,0.8648491527683897,8.0584778357695,E
76.86328781330042,0.20550768660153837,14.437417154168,24.351489355753976,93.23022546600804,435.4755645188699,5.706295620152533,13.558846563248792,A
101.73576930756954,0.12697117751854747,6.364034783806305,30.059096999149503,95.58564674006561,310.3680026255395,9.34168469684765,14.258514091083416,A
23.05065260911625,0.5424741217648333,3.004585117093183,49.461842318410206,82.98962462085653,192.98357125570814,3.999904944421515,9.624915027113373,D
73.34451164107955,0.15243708380565454,14.392610053431333,29.31888626055646,97.65193213623583,525.9711872717696,6.957958766135229,16.863419304992675,A
30.73749219833646,0.7963051440822461,-0.13388823018813278,53.025746610904484,51.95821457365088,116.64169800584992,2.366753232803356,10.844819701123079,E
18.680527207083657,0.6145974310650509,1.957117230764179,50.809269921588054,44.60513821015553,48.36078506796184,0.4329146826129886,7.279544029184999,E
32.68714264057481,0.41991315916329214,2.6565967584658083,39.61996575263752,92.49309004652227,359.3832794447775,6.577266736302352,11.188141162629242,C
59.39589595624613,0.24883652955143676,8.911673131362052,21.988393424222238,86.91554893757132,466.24390983122635,2.84564134399957,16.360438569247947,B
56.26774376305823,0.1372283237358617,7.979874433378656,20.409505093118028,97.133416769091,399.621397120893,8.637729606780496,15.07621551243533,A
48.20613425241698,0.5653653155589551,4.323244824741609,18.337850744898724,75.17853656785591,90.51529178541483,5.469203855153593,8.130107389699056,D
59.22300158264619,0.3274173082601123,8.91713712345798,45.94801810509541,83.63393437394129,405.5396246212454,8.315044887361942,9.31046303087794,B
50.20045158932461,0.3613056562703315,4.6837611151704825,17.421427154865572,66.28253386550136,272.31930659565046,6.9362401519626555,11.512378018156207,C
65.30680849027125,0.12539282870520563,6.296827604830275,19.116375450237765,95.52796443477821,562.6504425270532,9.228903071817182,17.850816866660644,A
57.87308800085889,0.327859231310795,8.311669259659553,60.240100071862315,69.0301840615302,262.77587395517867,11.540984714846774,11.922075996617833,C
8.738835663000627,0.8803949560849154,2.5737841864702413,55.6405120834451,46.61731135330221,76.89144729493329,1.8244918930400487,8.52366103478176,E
41.62509652336217,0.4895313445290387,6.613384136543391,21.63312053790357,91.65483842951716,239.6819604248326,3.288261094727421,10.382078577904382,C
85.2951474711409,0.12788643305566666,8.819309700726357,15.113956314112752,96.91194687508089,385.4083812166766,4.167121408112964,16.097008378994175,A
58.182603076553434,0.1528003666422308,6.485783528590972,17.18119862950797,92.99715927387889,446.13659235364395,0.7734082417491805,13.721953104725996,B
53.251891584008455,0.41567691586760097,3.3293170888379446,33.22504976733822,81.23455594724791,330.2184443920761,4.1233332635036914,14.095307438411467,C
77.12931172200236,0.07703931760544475,9.735765411182497,11.581844195360933,80.10926459033979,364.20102396612015,6.39031271190877,14.669718030022173,B
20.839701263793053,0.5152675444530932,3.8651920547921934,22.28645014955193,59.260958357497564,156.79768250994246,4.806784774130583,8.620290962898046,D
22.75515367169092,0.5849338331407735,4.210327517938464,59.346154816725196,84.36174735146452,82.15395147586119,4.537356347349077,14.640094218837373,D
41.120078768802934,0.7259922000973398,0.050305164387601575,43.717420752399605,62.43300649327625,205.89608202287883,2.9186331501883567,9.253320830832173,D
55.21410211555953,0.11220590501141506,8.58755087416085,38.56975835677042,91.11364526509843,401.14925589882284,1.762087695571978,15.565368951775655,B
27.442782819802815,0.4736514679710941,-2.317043386176732,72.26105817712889,38.54770643750146,32.563031778166945,0.9767005307435681,10.142022524781133,E
51.570103266954504,0.3418626980022078,6.9303032104206785,30.65922851431177,82.51098121070383,448.39854482147666,6.667458489385115,13.14152439820923,B
37.830966472597176,0.534041877904172,0.39208464895600637,71.99061142086016,83.03517245649599,133.67495267802582,4.023283696844286,10.758521418397303,D
64.54892450371982,0.34512836341036823,7.62971917844462,41.675153013400944,90.35515804144198,527.8661907827668,3.1694443883891354,13.676434396548165,B
37.89915363055693,0.31591585359110813,4.435188046947793,44.55985123861642,98.83067987985869,258.8880879014753,1.8626213600582942,11.09605775323918,C
12.79050232763499,0.5134272271620901,1.531100452266175,41.485621487438195,54.042708094029216,82.93359490843771,1.6918516680870146,9.195055626055195,E
86.58956156835126,0.15369743039759012,2.7094019101572044,14.19636910098798,99.91316018867367,472.68114477813907,8.537368662688475,15.788937818610556,A
59.62301964314877,0.32148528997187653,4.8498771820662165,19.33974028811041,91.968236133492,417.74829355085217,6.537966591817286,14.421684081606593,B
133.40801926718513,0.1552734666570736,7.052951015639065,28.26868754805106,99.4813551039799,571.0229110890177,10.748268545961206,13.994573905759236,A
39.399342227100185,0.57639489960057,3.7828550372527077,81.95470942107116,70.14694195049573,39.49613221658544,3.8530257969705994,9.698358668478441,D
22.541030391386162,0.49637450912109354,1.8218546014831287,29.67761975160618,94.38548793411073,192.6733681399684,4.235642873421693,11.041993481714574,D
34.23144306456903,0.35298688314960325,0.8615988623084365,64.39597727883385,71.92313583076515,98.18529836253487,3.84521545404253,10.806803862457972,D
47.07461294083898,0.41291036046584734,3.5242710075015182,31.72954608251552,69.49054351376968,296.65258346691775,9.374235003891595,13.116207060586156,C
61.0577962997753,0.35162517051118913,8.293698829416382,29.327998958090554,82.0453100937852,346.6811086161044,6.055687343841636,13.983094214558625,B
75.95280378165947,0.19196432509503603,9.016380825906094,28.125029954462153,87.09126904495021,406.1717698179996,0.414783011335464,14.598052863356413,B
60.705174578247764,0.2108249953992971,8.037205084776327,30.475779674152367,82.99599781683084,345.0905015484435,6.785163358931146,13.652360987235982,B
8.933662683339879,0.5641436561516628,1.2545556344619233,79.38658150167139,53.62495164826751,101.79068458022667,2.494257287162555,9.479845622421513,E
23.43796474301469,0.4877063990360654,0.12457218981206042,42.235658263177285,83.52230383008992,225.69788595654822,2.606171355408971,11.44129760242421,D
77.23105453761417,0.18904107704047524,15.039102322307857,28.38030005643855,91.39511737973133,541.8838442465945,12.450980192359395,13.174038235981486,A
57.55706858978882,0.15031083955586508,13.382942464108726,16.349551837855444,91.06335030553232,443.6651102354718,8.866656195781745,12.081866898477557,A
54.21000667689672,0.4018451424561839,4.7847345490081326,37.30736720057467,70.88377982113397,226.777949887213,7.5838620928061165,10.44057183593995,C
19.26002154753803,0.3355905124699054,3.4234619485915125,43.233236466934365,63.83738044784031,169.66780790043896,5.736054020961953,14.01037502123766,D
44.08167765553433,0.47500397493107716,4.989919645738327,55.74122948093021,70.72781023818794,327.20133718203135,7.768617340019792,14.838511017986896,C
37.59325428288653,0.4346080984938312,9.314982291775934,18.064641532932377,70.22410966672618,263.78325775923537,7.008984060511148,9.850388426686008,C
63.76353739105,0.22013572832089362,10.007086799342687,11.265392909256885,88.63807279504785,276.2989565637373,7.430069869258478,12.829209880597286,B
23.16787821118629,0.5403814210604937,0.09973949879141775,65.69386823492295,53.57306359162571,63.19123275635975,5.5542919173232175,7.617712444003851,E
56.41133641316726,0.46615412960131203,6.589953605355124,14.959003451761511,74.09483792715373,310.0603739177471,8.726569625282243,13.32797753890614,C
42.304622025435734,0.44784891621738315,2.3241741416193022,53.903390534644174,66.81340601822494,195.57364592160667,4.423345637739265,9.481643131793499,D
46.3289904536699,0.43495239997636664,5.843339794769084,17.874303014556084,89.69008824864655,389.49865214200565,3.542096011229436,13.930948865326311,B
92.46686048089438,0.0466884017750879,9.362013736537104,22.12320143120631,95.59184926278688,458.805102225636,4.477322815668881,14.376948911798303,A
47.583850800740294,0.34118385870553786,6.236981481534823,21.401662543975284,95.21218822570417,430.3849075449817,8.078862013180252,13.255424748924238,B
42.12965438578738,0.5688388749106073,3.0545662160322085,21.676720272834004,71.53867493218576,120.65298969664427,0.30283872929042754,9.939281839753527,D
40.47246158107805,0.4145423548384706,5.717981576567009,33.06276375842473,72.38732160728912,241.32286690188417,4.595984604376167,9.647827413634397,C
42.037780614603655,0.4527944613415439,5.675851568382037,42.038244217627586,80.28983960073187,294.9096515295758,6.240929388589201,14.028203290242015,C
37.527654037504206,0.402947929060111,5.125589594262537,7.468951718188762,53.83903228473173,104.23217077682108,1.1786551977061241,10.108282002183397,D
18.412614811631844,0.8432515341744786,1.939557973933729,66.6705501170441,56.83092685246717,104.07027966462498,1.2399472789626957,10.264907446363594,E
14.2438919855623,0.5079150619210999,3.1039912739517908,22.91332928533293,51.72127000321332,92.18790592865417,6.7154848501295055,7.922923832325501,D
62.512442994316785,0.3487199897457163,6.651989765236246,31.65176655686104,79.90726955727757,283.1799834270702,-0.6887189894509342,12.66157601799544,C
20.221746380004404,0.5920204160666593,2.282019433394212,48.7269029888385,59.213734018927816,125.8687718623618,-0.8448728993212749,9.358795869141154,D
62.81984651715657,0.41324483187951394,4.508584951130273,19.161606363274,80.02146936431794,245.51483005595475,3.6716726801454356,11.110343140695434,C
31.31909771255543,0.6499349934901963,3.111253751700115,59.45214727222792,66.96433714390115,215.33583958937564,-0.49339793491957185,10.572574471709212,D
81.6756410767528,0.2540933865116895,5.743964294423844,38.79633732243637,91.42927216790633,296.36565204257386,8.817641637980525,15.827169018843135,B
11.322868872887678,0.6189947827705671,0.8296621190729631,85.81905943277462,78.26429099907793,100.4420678883246,0.5242145803105773,6.022000967923086,E
89.00976760710167,0.09815237596823298,6.385037986236814,17.589250020171985,98.32327095848704,552.6491847011364,12.83568257708188,16.795806548656646,A
55.0872434558326,0.7536048074493562,3.3855227622332675,46.20267934983065,74.90528174094413,183.19079655044294,5.717908546975708,12.341032502994352,C
23.27477535726146,0.6610091809346348,-0.6854071814313736,35.522477305913945,69.46192593376449,131.0300403197402,4.859197855469255,9.228280596170798,D
52.46305061517591,0.5269081129474535,3.3850999098394703,43.270656821295454,66.49177621109763,168.76429698127123,3.051752477520994,10.139187410555905,C
19.479378849347746,0.7788325057226217,1.3177546025755165,24.688258739823226,41.012578761624766,137.82802078774984,0.9684137714171532,6.883432214239331,E
16.86961014216011,0.9720235333097343,2.1197329593932936,4.930670996370189,66.59432434130956,107.5693565672542,1.9034697977580086,11.121071798375997,E
69.14858493840282,0.174391051254743,11.948424995035065,29.08564734439804,95.49957640434927,474.7065778938144,8.582788936319822,13.05867349731803,A
41.54877758082537,0.32335188207386995,5.9306337038092805,28.55447025099604,76.93367232758976,283.41768284600073,2.237614013289872,11.656627978414434,C
36.17993587559027,0.3728403401605325,5.056327794903676,26.02404042860222,76.72757721760344,226.54337525797445,2.6293383760905398,8.286831583206386,C
75.83812471865662,0.3182681215433823,10.060379450213484,22.05849864061897,87.136100417853,352.1822599352828,6.78525483597631,15.011300667000757,B
30.09881290359579,0.38788037297327876,2.758204561299422,49.33108055249662,82.66340329291282,117.48578777947625,0.6276739942185579,7.682811625770638,D
38.791779468825,0.3214928235051055,6.932915952360647,59.81419493236456,68.59316880748517,291.9620276330272,5.936005474369917,15.256745521891125,C
75.68264597159884,0.11323356927953379,7.850067140070054,4.957645130947974,89.3147309377752,280.8822019872862,5.902484519737201,17.56045499028008,B
58.7041476989897,0.35332221798043495,2.2520647554826563,25.208523948696282,84.87156796318563,228.4794434176328,5.2586404186046165,11.150502949710644,C
74.08949686543019,0.3683720289960032,8.389973092382249,16.12080422398525,81.86376293428053,316.5971069588409,10.013746414123766,12.37441036583474,B
26.086077966631606,0.3772919022542774,-0.311148097200477,54.71392413058904,54.359298737075264,108.38932845447702,2.4393959793956697,6.691659984252315,E
13.167903036584168,0.7444887354007248,0.9785158642804603,60.84769021073556,71.88916554205395,91.40200458224396,2.3272477439052675,9.833679103690617,E
82.63719614860752,0.15159365261383634,11.855003673583635,18.471171909327587,93.73853638635376,369.2193429854246,9.36405726554777,17.633230587272575,A
49.60530144284646,0.4083260678203793,8.465433358822796,30.24342971606187,70.72282627689742,204.6842206873635,6.415043994745099,12.101424245107436,C
29.084642304932572,0.446771947603529,0.9296128476335546,36.81966775090615,68.27050758506739,68.63247821625912,0.9763803935697588,5.724531603826691,D
27.22363500282609,0.6178003188434135,1.0420327299404784,42.41010385673642,38.74852748937792,135.832907350237,1.3622054188248263,9.09618634474613,E
20.891475237291,0.8233614872166393,0.03670682029702066,44.14461658204371,38.9259324461265,35.05433583380268,1.3392864856334201,7.08821766540569,E
72.75804108260378,0.16198003439243341,8.207926223680747,26.744697914373358,91.18907631539788,496.6945801403711,6.067254869819488,16.31641565480071,A
29.82072777039322,0.5981887390411912,5.594983868522215,51.88673320819543,56.064738545955066,161.03497443946765,1.181322100456648,13.65570861701397,D
27.27214397482757,0.5565171241281759,1.384440938265091,27.742000012759064,71.2033497976489,179.18627256748633,4.902215146461482,11.150959490636561,D
25.563030115568473,0.32250188266713853,6.854972283091804,44.997708398511335,71.80749561898827,321.7601955343219,3.6226635455368577,10.225207345210737,C
85.46008545494675,0.14206308077939264,6.87356998177015,23.829240982708964,99.38301165781195,665.2612004513612,9.197209772037986,15.704704600423552,A
61.093182533888616,0.3664272303010888,8.174226025285826,17.240877551048477,87.78061305862312,369.98859428294827,6.879244556879914,14.994643976254023,B
18.949756048288258,0.5229099826417315,3.683760296505063,60.13713283620328,62.89860989761863,258.84190091788435,4.352420331053407,11.152236969456107,D
98.09555186490495,0.09091821904323696,5.775866927973963,27.397993035964795,94.63904218328011,420.33642438430553,9.238892467575651,11.293486610312131,A
20.000887467399625,0.6312731520985999,3.0216594871648113,96.70517733686557,67.25460353062229,48.88348067289386,4.356186568617284,10.227563641629155,E
48.50427643121162,0.37578569586492583,3.7487641340030122,40.60387278779198,81.7159244818765,222.98376272090397,7.017334177216126,12.158366597113611,C
28.788924061306417,0.9418909948806081,1.8794698791173994,56.81766714213029,76.85477654726782,158.84423745056,2.15649048432119,11.570417992902465,D
7.601001206951462,0.5235750107192693,4.106298131968668,71.22180849787844,47.75867526845539,66.4543284112373,1.555801250549957,6.702799360533122,E
29.33286931534117,0.7122307501399499,1.8932021320023371,44.66898940265842,71.02854316768992,65.89050482116153,1.8356638553839664,7.202015355987853,E
66.70548043246703,0.4149549739069919,3.7168205851562144,38.89428545509336,89.02349546397257,243.26138958039297,6.220175843236821,11.640992831007626,C
11.732110226664842,0.824877091783089,2.2326160935850536,31.896951223356993,46.04991248468417,106.50178520064249,0.4518326505385395,7.231958643630587,E
12.649383803866094,0.6032337761154094,1.8101907347441655,35.22344082366687,42.886369087346964,169.4733617323751,1.3143484659144924,10.516372125046182,E
26.617797684134974,0.43996777616302163,2.6896026743670034,47.31469104540718,85.39964736370283,365.1700558869412,4.116910511724216,13.280229784869787,C
73.7029777991117,0.1423457912328547,15.638322863883028,15.120087202155526,93.22028313674497,502.24554278637976,7.019067131242007,14.278858843071394,A
64.76900716416007,0.36356491608521,1.2415458398466628,36.91786081777629,73.29734342794805,244.37165146844563,3.0646665732653293,13.657211312080607,C
64.06607763225053,0.35242569438865806,10.980368436938827,12.246868903581976,83.68867741790703,352.1128346815426,4.095952490523406,11.914879651510613,B
49.9945283207267,0.19689983004820794,9.092057359060387,20.647638073213084,85.69927563619324,496.4629183699177,6.652638593997296,17.38898574862535,B
93.0777213761696,0.1479452623503983,11.953900722461816,16.94424383061306,93.58624828814786,402.0552758895781,6.364601015453438,17.026911229157708,A
38.52235547050626,0.382720227710068,3.4504932902045264,82.5536286429178,69.95419413417738,133.91606574906942,1.3561170635115356,15.649864721502507,D
40.78966695645438,0.5918254215341138,2.6590628430769985,45.61625195756554,71.67670537126455,128.66908968451895,-1.2445266658297625,8.264303724669597,D
47.20502943706829,0.07543196593571633,9.770894903822278,22.596013978967573,87.72730085997692,273.87663387515033,4.56803568833767,14.99412197944877,B
26.23637089857754,0.6645985935759281,0.972092557864585,57.10576356612725,38.04971486073623,40.281891681320865,2.257256406710402,11.660377273614793,E
38.10863895835597,0.4045074261368572,2.3737839775190794,39.70131518927081,88.9991131799238,208.2335046091504,6.681973888472606,11.187970451202476,C
23.915456388378388,0.921372368520974,2.2187693955115204,35.863994890867765,48.74804770923117,106.05640532537616,-0.7471314978522265,7.796271270383937,E
5.281879712715199,0.7698162556433578,0.7497686583774769,51.798290728676484,45.44956524607284,68.85592093715402,2.2171412086605384,7.24783621408325,E
40.276574739886236,0.2721741778304668,4.667255404540155,23.889209904180376,85.11829664898116,232.05549298314907,9.513152781800677,13.335446148656894,C
28.389145580163053,0.7147393493874851,1.3668883726351795,78.04400215014633,71.66246967607492,74.19357981520346,5.720101626989661,10.680737413980685,E
51.226740689197825,0.444397325189668,3.920706586786804,42.26424723560462,88.20764191858862,360.95777684213317,9.814111159076692,12.915539978221037,C
99.855320067653,0.09131394352360378,10.15555567475734,18.14050597610007,92.60163124320394,553.4271018942914,6.257192212843973,18.933989198187813,A
21.122309049635895,0.6603967567102301,2.438691925862754,87.51303967953545,44.94807535215389,122.94396233388883,2.251333320225251,9.534036996747977,E
75.2015843487188,0.2157338339689115,6.913882886583548,33.16077404567709,84.59600276463748,427.0236077079363,7.398504804542916,14.70031099427275,B
21.718837474767184,0.351830527820701,1.5551020763940742,81.32436282684351,49.14189647919121,71.29935852172193,1.7262175195010439,8.918322532254832,E
60.78355087472819,0.19787242228905652,6.549989241767836,26.577562037786237,93.51961594881901,244.61981314978226,6.929911429490508,15.021044324904214,B
55.52718718016988,0.46036527559060575,3.562613998040145,51.00807618914015,85.88916815574015,290.581757975063,1.2148825121344555,11.555414964443177,C
44.65642420679518,0.5733304954129315,7.239204176686832,47.91884125300985,75.21739457292387,69.27161624896382,4.851225902807438,8.768529896175048,C
30.565275191760136,0.3685108911104349,3.756795318650506,49.85471765455938,69.82173647574189,137.85212051931052,3.4118624634195163,11.426467728618011,D
54.65924736751631,0.23405931163854785,5.3687366664318885,65.07197235749584,89.34719741440777,294.5208190854907,4.163780348575962,9.615234361681912,C
17.227868306345595,0.8051005972763591,0.9549117011913494,81.59542181938886,41.94405155768305,3.6793535926971543,3.5614455410366266,8.184873979000884,E
32.57923454378083,0.5749711944792923,3.357336631560736,51.752112296974644,57.75809262183025,58.272744139798036,7.46123568459823,10.778131503221712,D
8.656195649759237,0.6020038622325037,1.4029912370747906,81.90221179443444,90.15290428583732,94.6015479957258,3.2916857049705226,9.46587982692401,E
47.79472888849996,0.4513993597460235,2.3125393831474077,49.743587300049406,85.46366045505064,334.04151423853136,4.761867167026648,13.756430189857777,C
47.20550500360786,0.3745250268099332,7.956024025120312,45.518873906638085,89.3849134927508,361.23489990924384,3.100081254502036,14.776386398483439,C
1.698837461934687,0.5173323891233393,2.8579631082185,58.48058337636084,44.89104960456096,138.67797251413342,0.6924786543935266,8.402707352969845,E
93.82127297742343,0.1177231723145521,12.635774315467778,13.55834165223776,95.10709844684078,421.26229542428797,8.791251050742973,16.61304895000764,A
32.79453798459562,0.4380024870183976,7.949154990650127,46.79781677830242,77.75664087183718,241.89334531460815,7.613217444189894,11.425023960155926,C
38.901678357114086,0.32851041559665706,1.8624118071824904,23.235314271353097,73.30590322951196,194.08474933869547,0.19422323206564585,10.93338191448519,D
86.9016425363845,0.28898421878340713,6.831379254394222,27.93311741721516,94.10405677641697,353.7909052595642,7.293703342014223,14.638504191751762,B
48.29192911939637,0.3627852375450196,2.4990156298223867,23.850896601115803,72.58429020830313,235.6884539335302,3.1647705523353586,15.653281927409068,C
17.43496812545171,0.592633805486124,1.906151796825761,38.89849159130519,46.89479743401185,103.38160038795968,0.3301616718401985,10.496812631824982,E
16.242254126373457,0.44346735656025116,0.7877063241412076,47.2993237144201,61.94781002249291,47.778337317842826,0.263161462003628,9.104433157996981,E
23.883647045426994,0.633881179227781,2.0606463355397144,67.59826199884466,43.29331470116884,115.06611617765455,2.5315551501045483,9.784682529127004,E
40.565283972975685,0.2957681851052202,4.813925098576322,25.57576070102704,86.22161997446065,443.2472908136035,8.762548769890913,12.49031909401153,B
68.75161278233794,0.1855452068071443,9.094991262805111,5.405706137070624,84.97076822898141,494.970327503057,2.7531359110885583,15.960279411839625,B
28.305287008731394,0.7249314529219187,1.2185641533009233,91.076147745442,73.33559667618893,63.975181207040535,3.3570210946361962,7.251737182258307,E
26.136106362828308,0.6450256917831264,1.9310998134536215,29.73011473993172,57.228764603738824,71.10803069933381,2.713770683599015,8.463594569759573,E
26.864311013912403,0.9548581983007931,1.8697137905105237,94.82593436634187,63.68085415364866,125.94918318215758,1.4454925671319572,7.617037496751275,E
24.797862066069143,0.6772842253235005,2.8964302284973287,33.03478211889678,72.04058178395998,180.54795721930017,0.4322299209452036,9.176265832137595,D
86.55430418749067,0.1623351080641789,14.994104866315418,22.516847951646277,96.96890907448507,352.7389445636052,10.041603932831212,16.96047413703422,A
15.740040511341391,0.6955751935388302,2.3937656271349406,58.048689302928196,34.40906140185063,116.02674568589688,0.879780644764782,10.878319124444673,E
58.760848834391155,0.15438595174627195,8.834593281554767,34.052324717847085,88.25526565986209,380.1144647181349,4.360792665234475,14.512453138266828,B
20.137755684340505,0.8151280174936728,1.0718951331591615,84.79385661306331,23.474697693956816,91.02202086395494,3.4786559603061415,8.960868652213563,E
80.00316127775461,0.17623842768770076,9.594144670861507,34.779840963023354,97.59165296054202,547.1545825414559,7.531579578524308,15.112517846277601,A
73.76722746861599,0.14239870736216834,13.36947517122919,17.646221114981458,94.25560799738723,518.9099803160163,6.0822881641548605,15.213717704296428,A
56.51130311857436,0.3552688894609854,6.99307842240903,38.51968878303226,82.64069427421013,235.51529452960486,6.4985382229746325,12.664860322804747,C
76.31979969008087,0.1199016906701422,10.57261247723261,17.922626123781825,98.09743244354378,467.29170028639686,9.331218553606366,13.626875102083705,A
121.15237603760798,0.0426076437323606,12.989935887186626,13.930865478220412,94.94520223368129,586.5738086777272,9.135300173783236,12.550440320742068,A
63.89028257376798,0.3161040156103822,6.8014208018104245,32.71250538444577,85.69532025191707,519.8570917775052,5.798429531785194,16.929824870520996,B
92.40901052887777,0.19782700426372546,14.212409978783976,28.696081701293064,96.90841236366697,405.20936864873715,10.145050693362517,16.871617401034953,A
85.90545806000507,0.1837548227077233,6.784328651287588,15.159481242699147,92.12618373435184,508.1922739979731,5.798721310307172,16.145699410680656,A
38.36098199200285,0.39968693094710056,0.35054771907217397,46.30178035384345,63.50984094768904,171.26862996866572,4.998974493845819,8.93540084470082,D
116.89611730672787,0.15905465459596538,4.426809804585044,27.917803845935666,93.77936165599328,327.24575931316383,8.843721411763967,17.511399861373647,A
19.19394522452081,0.5590896672996287,0.8356336783273768,57.25317914818336,74.79921881382838,137.5627386210085,4.581151172251378,8.356122982874151,E
21.154527844012595,0.5657238006418005,3.8552203023985974,14.82079642060161,64.66218329122303,190.27707800021955,2.0515227355465098,9.266075579485596,D
20.607144607700494,0.7736172917719011,-0.8685517813653703,57.9749125987215,72.97522233271857,21.841391310461475,4.031278990913485,8.032208144791312,E
39.075316680031825,0.6074821397028954,1.057357806348486,30.445710677667037,57.30756712540531,159.69636399522108,3.906378080435381,12.35794229182414,D
44.736914419435564,0.5005717037660132,4.957388784125527,63.758354879783866,61.84673535110129,99.7129135050873,1.3643968970356748,11.871073500917948,D
15.975167221079477,0.5873362416888237,2.006405639910671,33.309186274546605,55.64188297247145,37.9831998438818,2.344302018581762,10.656417481936899,E
50.770723432307555,0.17017303640946113,7.613085932244692,24.605174783307888,89.25965659896455,294.7501505415074,4.757543682974377,14.181812794491321,B
40.60186937794258,0.30208990853511847,8.38761922498105,43.645020267317996,79.49691714504826,438.7105826450506,6.226881686820459,13.733817745845913,B
24.432795946382242,0.4024717954191881,4.717606507716479,54.93557878187666,88.09680646250136,208.10738517779475,6.286133446699086,13.273457562637862,C
71.776137353519,0.18463906692630505,6.006727755817697,19.46997145783351,96.97572474818377,450.67339185480034,9.471591760400642,16.70053221962353,A
13.075362003994762,0.6504608649124202,1.1083538350699724,52.677201119911416,69.39610167222799,83.26787826772332,-0.0802915099601309,7.962870667173085,E
117.11424708921015,0.18256073703294035,11.64047113823214,22.301022295593615,96.48154331492664,600.434154693882,10.541769867701106,16.35237771482272,A
64.38536347872261,0.18966288401839368,9.818631373973018,11.304766557915466,92.68223410419722,544.1878581222952,7.536576980612186,15.159907458745339,A
17.074296690441315,0.3457282377908781,1.5033907337344348,60.23796242734558,68.25580287167247,94.88457725050145,3.791660351291606,9.874671032968648,D
105.29646874656314,0.10974318614956344,10.899049539131026,28.15350734651708,93.53122341894728,491.36362576189083,9.8269076113466,12.830421618589853,A
33.261286852603696,0.8014713893675833,3.4737931894524396,51.40590578591061,46.68385110404136,104.89116825967484,3.7426527333489306,7.597099801730167,D
44.67511248820646,0.375181823476405,8.925808399312817,38.977760056571356,85.68867376578508,286.7929748660041,6.544764234365183,13.552411595328932,B
101.02208271590584,0.18976982924475055,10.49904862568582,13.80325436744285,101.24811734688939,464.78234695295237,9.017212212052724,19.270698708529018,A
67.42523269089536,0.40767715508598523,5.602875636253337,52.82964029424771,78.02370604426251,94.08522659234521,4.186171656041261,13.529847484178392,C
53.942228201526255,0.354240798909352,6.776857060062118,32.675104639572346,70.3049363953848,192.7768560567193,2.9568244318948054,11.324373997085882,C
23.1451629470832,0.7192305586852266,0.46440623751134313,90.16906438752723,69.656529229437,83.54335412826545,5.604074255622892,9.53929733128467,E
33.63390208865851,0.5614378674029536,3.5928008951473145,32.29756334327734,81.09031126284862,152.24992191432227,4.510528783636768,7.444536939460181,D
89.13963571398949,0.1687902138599895,9.35602401689509,20.925173618614743,94.42170923083049,588.1702445121747,7.699180022699265,15.747305059893758,A
4.980560936718293,0.5702888786128498,-0.6641902474479413,31.067728413304355,51.64409870753141,137.144937659366,2.749996353052377,8.530651822963357,E
60.377145979780956,0.15169823296651513,6.9206137823776706,64.69083630485609,75.15933684505033,320.5328349755385,4.241801286126645,11.64331989152236,C
41.32616658244879,0.2942606304640617,5.743363055056208,63.91031082350375,79.45442217591793,134.68932357160475,7.874155597134779,11.177621127271847,C
62.164955130353015,0.36757971458688243,6.9012645473385135,18.960386839682393,82.75198488274211,394.86860149486984,4.540965113542155,9.39280430519457,B
22.75940363792968,0.9030668102502002,1.7248455618452692,64.23905137945249,47.857246723419145,40.14577815885288,1.152768596216014,9.658901263323509,E
68.08217502088914,0.11513022995301794,7.338953615965041,21.851943328475674,90.55496923735245,575.6244043015812,5.435110152167428,13.186679641301229,A
98.01046947593542,0.1714182068831653,9.934524342806334,13.741232592936857,93.99682770752122,353.66270010700225,9.624352918314148,15.810606551391844,A
18.510431953544504,0.6915167776263473,1.6130906549080832,45.21561687171393,69.74515768800848,98.58434341373365,1.9448696045258391,5.033732016784276,E
101.78417503844699,0.12322295449024635,13.186038967966669,21.44459700014558,92.58926585765016,448.75851583769116,8.586917381828636,16.326839802051754,A
36.31164679237126,0.5415871132394143,3.861055630805642,15.91879234049837,70.5802443529768,175.15780958249192,1.5816679559646847,7.52124087617239,D
37.61283097930195,0.27441343725862194,12.95248433545947,23.7485365750215,97.43483208066196,528.5966018443884,10.168696996112772,14.133933271280199,A
46.37969561916627,0.5076731084488474,2.5188528615071677,42.35645203057206,63.215386452083735,353.68237810058923,5.231871076480967,11.65768452640937,C
19.48455705663513,0.56403289580353,4.397949345639569,62.85652563555935,88.76731282427016,130.54800032694138,2.6603286420103434,11.230993065576715,D
106.57084896018932,0.21383825879142654,10.611283465449269,12.631193463441674,91.77184781749145,583.8180664834625,7.974856524801379,18.15460255495917,A
60.07328474824879,0.1920556526619627,6.176633710668183,31.478910046329165,90.66667722509476,384.67308096994566,5.202274069535824,13.79546642497212,B
48.182317806864454,0.19703679165014315,7.92212623498927,35.02292487497228,84.18222421417475,398.7529785121958,4.167259513322936,12.21230658551217,B
77.11651221761451,0.2568239539210236,7.346215244006066,39.271394787849985,78.27695685199224,327.0477161772219,3.447737473227045,12.943968416969643,B
48.128943437015934,0.6427488894784245,2.745686873466261,1.2738051435113036,63.822704599229304,145.89263698112651,3.3387281822977752,13.400435055591519,D
38.45067264260195,0.2042797633360765,6.35262659518611,39.263839892608395,83.67183299932663,406.31880376182727,4.874332639124776,13.923528561652535,B
72.29533849766749,0.1145437151509581,6.099641199321832,19.353952550443424,93.60891458425206,383.34692596378926,5.732367948505109,16.27649126626603,B
48.815390796049385,0.08227190411119842,9.947157086885287,37.24095872207859,86.99145425859743,437.9772070113854,1.4304634570620447,14.90605975514627,B
40.27209513788896,0.13013375641728978,10.520947615131194,22.749279618777535,91.59203691188075,535.1658739275476,5.222982028908093,16.03643846082763,A
90.09775803586348,0.23219995645772964,5.808396675889833,13.391383438354268,99.86080923213137,444.05010562553446,9.377863852720612,18.429465114342527,A
32.62747792401588,0.3904864873330308,5.3215459348101595,22.920623560254594,81.17990125991388,233.59082927239808,6.863459986298052,13.010915882517981,C
77.97079070723494,0.22458825674064614,6.59872614037258,24.593544184020473,77.07822322984323,333.73394319425086,7.326072008678358,16.507549353655392,B
28.40713156463766,0.6372875940450762,2.3802546380391805,56.04222644044135,45.29420208060784,43.174586686493925,1.956913187809134,5.973183851041231,E
52.229201627064036,0.16580671748990136,3.966938854971989,32.163973227195136,91.29072749899228,538.087509565055,8.499793228354479,19.356989640400492,A
27.036835697244065,0.5050618892584845,3.1808343556221406,49.39862821476946,76.9359169648175,89.21919609870102,1.90037207949062,11.262546629707062,D
66.79826943782689,0.335335481505754,6.376318149592563,24.099062288629234,87.07530250821425,265.4079742804141,8.963688057931789,14.02430709543308,B
34.75276946399509,0.2623451134483346,5.588889081648084,18.208857065653344,81.52141985247637,209.358230335306,3.1502896425953777,10.009383327708985,C
66.50321901291156,0.2704930118884575,9.422865845290566,19.546043294889216,86.78766820355719,375.26185235665747,3.1655293780194174,13.493439902820393,B
47.18903223770738,0.43438939736036486,2.7465432359668243,24.666945222300473,72.86298529043758,186.93397977756518,5.819939226649458,13.11058936683059,C
71.62664578376075,0.23018422004464634,8.950304200232875,10.863837390012694,86.44102178624173,454.2263916507602,2.8296477196993544,11.35706556683798,B
75.84010807096084,0.20518178263649753,7.8597677242204576,23.045460375477504,94.64327432908979,647.7711172954337,8.335193046837702,16.472643730992868,A
85.53344426050286,0.11535565356483313,5.352628188364534,23.05653578931661,96.36694513343251,498.82129042285277,10.819413979868195,14.936220469155504,A
6.702044071975559,0.7134172179525743,0.7136323177327951,64.36664104447736,25.516088453709223,29.788451847862603,3.348859015777246,4.919050254775669,E
9.787710581097006,0.3416042793425731,3.0503273312133556,19.155956001210065,64.26598098072849,204.79380723511125,-2.340454256956969,6.192617055171251,D
23.349469635616863,0.5554979325993984,1.8244866743368817,75.22388937931134,56.43402351351038,-22.578251926841546,2.5669575499867148,14.1647563484629,E
39.01676841457557,0.48671364088253666,2.765173700657061,60.41596738606374,62.779129347037404,114.94668824521527,3.0420203620331048,12.555386593989411,D
63.32870608452181,0.18854680173029778,4.982864084624886,40.5053291868687,83.32956719450252,316.73279446505416,9.203268005039734,13.72641379468071,B
65.86408519239771,0.2179711049419737,8.8102266860028,12.64876343562523,93.4676137073502,590.6889215957976,8.721717191957962,19.350124687553848,A
52.54871914292554,0.1638166995561875,1.9703773876801236,31.029879454132853,78.51634069141404,207.81629223950765,5.458402936255305,9.496535149959211,C
29.094435588308727,0.48236019994504137,2.973590025777869,50.03396959606222,90.60159520338217,166.79244538216878,0.5794426465061377,10.789694535825541,D
64.27252276596501,0.30111454701704604,3.5543716259519593,44.52073842998998,83.98465875702905,249.94368375684775,5.249206237486233,10.631304584383198,C
15.822111925842172,0.9064108426730079,0.44911313108505024,70.20183243018946,66.0357048193402,71.60007284639126,3.878342673824589,8.890415034997112,E
42.859403616876,0.5126944102299962,4.876878668324149,39.58219374491481,55.630534000293615,200.5407349112212,7.620971475716732,14.732695344461536,C
14.920638287906097,0.4034986569522873,1.535419652399939,85.64454738490096,57.01225451364781,88.76285345526173,4.445554951796462,8.111223341114174,E
54.19591511121035,0.44111688507791935,1.2248125285915097,66.094084987275,75.14947739969928,212.40051294412712,2.6479199066900883,10.622594172399435,C
95.38916927853008,0.23360986179612744,7.203474022814921,32.553423332833646,93.9509673104736,252.35812339056542,6.60332773193425,13.840403906637599,B
73.53698333288781,0.4383545764396457,5.048954627408669,43.3708317891615,79.04298097824433,228.9514584364473,5.621765988771328,10.843595342138434,C
27.08937534668103,0.6102416780319493,2.590973376457779,34.41161651589883,64.8839202996029,162.11695515444353,0.800134369882151,7.75014580162639,D
18.165300920142904,0.5540180898919121,1.3327485161950867,51.309937751124224,42.95023596272629,108.87169496012561,1.2802123832410952,12.69569644374545,E
48.74620713038295,0.3581642305724535,5.6673711243976905,13.9607745459435,84.12198433162138,239.2191580438418,3.2420628002138496,13.877304735748085,B
37.23109313312249,0.2019795972985478,7.619803250683129,20.067880436130643,90.34062910191851,396.01822796652107,6.262353605187404,14.994507526326576,B
53.1419170145481,0.3630872624577793,10.801174114840224,27.387676014078348,89.56925890235523,285.9905491683441,4.422300652834776,13.942420199854768,B
32.2422913665891,0.5943786180074019,1.396856540782696,78.3366344134613,58.27691276240388,94.47756595376836,3.0727858603609777,8.99189065808862,D
45.445055876695285,0.45475491198923923,5.211599975791624,36.618769019515604,79.44681641548658,212.90610033529035,5.428223137767902,13.163696935768963,C
60.41662429207504,0.3398200606168529,1.5969803785170908,48.310324912257386,75.3205230486237,195.20414193994463,6.053853146847634,11.737421910344432,C
35.21072149324873,0.6665537433065483,3.3723898239063756,42.310658408076975,56.148559189986244,169.50895481917482,2.983386020700411,9.296130904997563,D
52.99325044176737,0.3335421946004421,5.428363079971797,28.209304303150002,89.44947857628647,390.70278421035414,3.0273519966753657,15.123499937062544,B
82.35761186209793,0.21351346891218975,9.552076067375005,25.595047248244718,90.65345245140732,484.7423122059181,11.977206368448504,18.157220029101936,A
53.120774724150436,0.5189414471948497,7.770993937269626,41.42149224684963,73.61111802620262,181.54269188053036,5.75353932329861,10.856879598513537,C
17.87864835393678,0.6676899145055458,0.8129673834016656,32.123622294272764,51.220918316149884,84.33142848169211,2.2408349123484537,9.775859944901853,E
38.98652102106098,0.39469682611122786,4.700766157146986,42.36464790067622,77.44215347377096,368.820206495772,2.371516767126219,11.835898996313894,C
20.093392983199276,0.45702495722876874,1.1222053200536797,73.3964435537925,64.36871994853007,69.56968031740888,1.231455195311915,11.374464524963363,E
68.54855078019116,0.21752441784740406,9.426958138549242,37.41273036682567,89.48875040284685,390.07520802156654,5.435033698836558,13.433901576892163,B
45.43106370848714,0.5952778849549482,4.7281206049113385,26.734459510596164,81.70816668642986,240.19487046142117,4.7347527663110975,13.410554112654296,C
48.48511969431957,0.3058550475928499,4.344486059114766,33.186699235811844,79.08328925348516,446.94046718441564,5.5600016519464095,14.936656906850187,B
19.839000393843587,0.7261618885522815,1.886207525772929,57.823552029872026,42.165103574151075,88.16409246677567,1.225610196387024,7.2169190626617254,E
37.42908741630769,0.4240923165877959,1.3622956792610297,76.86780979917053,62.541851200575906,188.45399453535958,3.0396088358994335,10.017156943759359,D
51.51158043607224,0.31710929747253536,7.667746988049197,33.88334712828951,102.11131106292494,199.1952174258858,5.336419503617073,12.267603213052414,C
8.550993984707512,0.6143118539662095,0.9070265416660321,61.744505639167365,21.25601970997655,145.13660820381196,-0.5271722932991842,9.150148501109838,E
22.321366627130356,0.5426274815803807,1.6469384702340168,102.07876124430209,54.63233044797996,169.20549413475757,1.3796301331726932,6.025037411012873,E
54.919169921408404,0.3422088015552645,5.000764779253517,56.32242621237286,81.56457983888846,295.86904732204937,7.756704859362573,8.888384127597774,C
45.92770927496714,0.3909835837421984,7.559040584417465,45.969209159560286,80.31915182079136,232.65639539557878,4.242350131926457,9.518672926030822,C
33.33313937966465,0.25475837364374454,5.568583678472391,26.3807431544061,93.39328285867812,253.4432021743153,3.279899422734415,8.534201534726082,C
69.27932869506101,0.5177573175392287,2.6594511886228087,25.65086363080671,87.31542778532297,379.22815514953413,3.568438050039359,13.738924078301558,C
30.857027654734235,0.439232386701016,4.7462571475203585,46.53361555123904,61.72151834952345,150.07316889257723,2.6659248753718128,10.257009150442144,D
94.34150047536956,0.1122561030086954,7.841402923007772,21.584886865501584,92.77314111360582,621.7612383990269,7.1556070363397755,15.220133210221721,A
34.83534023151595,0.5768722856482728,1.7634019551990072,88.5270492869498,66.25994751366477,62.794866358853625,1.4230679903528647,9.63532664076,E
56.78029068747302,0.3236525488636127,5.604887134567017,24.852262932176554,83.16283147790215,402.91468043292036,4.2269774069407315,13.767298762928936,B
21.546377956197787,0.5319025413146496,3.4223339376556945,49.42574284999003,69.64695241276371,228.5016188549974,5.761185428670434,8.64982203242916,D
51.60400218397106,0.10328720057615298,4.707862332620602,27.59707159432872,85.99964532252305,306.4987288017715,7.249438521839867,15.92650719999021,B
14.91490637348549,0.615942054256951,2.169867184564322,80.20905560727675,89.26502045362261,175.84592594307344,5.301307520117044,10.008900810719343,D
20.77429634426045,0.42385907350918567,3.755715948375699,36.72399310997275,73.9618735227284,139.40893422463193,5.8659911223494285,12.771923595589488,D
105.98796763038396,0.13244109552394567,11.770357191707284,10.146601627707868,97.2583306505449,452.8382269910819,13.276375081327654,14.984609339415927,A
7.7639244330904,0.7455447866326244,0.8353753612702972,51.405570803640174,40.51374520809816,103.24929697361733,4.0052887509997674,7.985178052320779,E
16.187964051320815,0.6306189837751109,1.7156889430868663,26.76647427721862,68.2394026963304,68.58278046877604,3.782513944117321,7.507844877674122,E
45.67123802443917,0.4123625274402328,2.35834078026318,34.26293134861744,95.3478142520261,181.05441919497446,8.430920084916258,8.20659267173416,C
60.3812095555166,0.2628434360877796,7.30219612926611,34.73519965443564,84.64629265431137,221.70448177742546,7.555059990372211,13.609195483183036,B
7.407957804231332,0.6504167470299687,0.9685229420812389,23.859220225457904,71.53040113303567,81.85837575738958,1.465979098449972,12.257877801167526,E
34.72388199057037,0.4447529799319341,1.369355603690226,55.05574266939979,62.67283839576625,163.02557024322022,2.3220627162709135,13.424388491321498,D
31.186491995501147,0.36907357189900986,7.832817791650563,30.576460187033327,76.9796546827307,230.8547744405162,4.083989095891199,10.602742815207387,C
-0.7317729796619012,0.46470430590658907,2.1199326383676156,37.17648837234719,64.44181624028307,65.62515598120197,6.237550212201034,12.909037990216076,D
58.771484553281965,0.43193607169207127,2.5538741179126214,30.527288451745278,80.87781127119668,191.05081918192664,7.6426592278369565,14.789675964328643,C
11.26896077680736,0.5955191474256822,1.2095017582379504,58.35427155252063,57.57396459348597,114.09225536460568,1.956918401449286,6.894289243828173,E
65.73896281103698,0.166441217879653,12.092178237274341,7.870617997069974,96.14836525742656,470.0525176742839,9.38822164963942,12.808664174911888,A
77.82286112520245,0.09189397477404539,11.833713867362786,19.60348115843139,94.85303848410818,599.7286623519271,8.189835024472087,16.541438379243424,A
60.24753448477749,0.13443738125460714,9.640414729341847,36.4145840569478,97.03531935156559,398.94681542397944,4.317745133074649,15.12292238049985,A
34.441999425757416,0.5319826923467276,0.9741106451529467,82.55074133043064,81.07295284998597,144.68185946911208,6.474747939767621,12.6905629101526,D
88.2073696266373,0.21033561509847282,9.494618577323092,5.463592683660449,97.88109641665177,531.39621719198,9.430485464909061,15.154255091778682,A
73.05989631562115,0.17186196670344114,3.80465039525828,14.91740061404844,99.0335900095287,589.0771720301972,8.635534885923336,17.234476707030954,A
74.07253776069598,0.30082465228100264,6.872896999878848,36.623477013283534,78.74255539371241,398.6147519887891,4.173800192709569,14.333054774452934,B
10.808980107205038,0.9687868268482585,1.1683634756526557,60.53240250371922,88.47823781702347,85.96531847716797,2.4504410840613793,7.980333376559642,E
57.85318739828488,0.17076000839096772,7.172467985352674,13.956676161075997,96.79772888551405,448.296200490136,7.737614265854818,15.153848183088249,A
45.5083028003675,0.41868219097535564,5.994822068399426,14.721968890755651,73.75749701015089,311.48360835458413,7.021793614850384,9.451475447851674,C
76.25585888058643,0.47420024559458496,6.659537410592099,44.31039042940859,78.03478510013312,176.454633120604,6.978424615960265,11.050222623885187,C
14.261192290557268,0.7270742040382522,2.1187294267142924,53.04008712063182,65.24765168113139,12.351098669420168,-0.12435576312893692,11.463787143087526,E
28.677521214720368,0.5204639796578703,2.1952395041246007,103.25900652122212,40.42590631807764,105.43697161624284,0.27399947922703305,8.511166834104932,E
74.69302091211935,0.14991481461491496,12.491143662721484,18.27580245143981,97.4685005381572,332.12898670549737,9.993824960186071,16.552935116296077,A
45.33584050581629,0.3887585920301114,4.766392850463838,43.230760163842945,78.20820054640174,255.51739351569236,6.159857727815031,11.520798028494,C
77.75886085967504,0.22377902898379792,11.016238849444735,35.457143568919676,101.22164788400997,426.1913521315394,6.545743965047118,13.920859263435602,A
17.686382263362805,0.6656435544537089,2.165713021988191,59.756103004694666,46.58741784267204,91.7482420406703,3.869097899769652,8.054561472718234,E
56.525887676149075,0.3429359567121272,5.472602622355777,28.504657349763,80.52619265839249,224.8425838733812,1.6114959039113672,12.649589763607391,C
15.762833062562612,0.4434794937934052,1.3870928947420624,24.342766900261786,45.314369836313915,136.53888078613343,3.3711460089041134,4.168944707153189,E
19.23051978321425,0.9275893737323919,1.9219196894324984,59.46913633089984,72.93635499247264,12.107724232847943,2.331582437853245,8.918712939642607,E
50.01636695646401,0.3951291938838538,4.663141754457558,22.13272566472052,67.2633781279648,226.90701849024074,6.557589127645653,7.642220600400868,C
69.11234799354568,0.3632381602186218,7.21285084431653,53.31530579794385,78.81543387883134,249.0570572852365,2.5435369533225956,9.877258490707739,C
15.902558955767521,0.6986959118639042,2.7909125549026865,76.5464328327889,71.83955955659903,226.4307121814193,4.7793492012931775,11.026201182763323,D
60.20186109524933,0.35763391240760206,5.616129251116433,30.109589330238236,80.72735805514884,259.96965290150746,2.2607849091278474,12.457482619319368,C
69.4296050504501,0.2655724037210848,10.8057602028317,20.96640206194416,95.86197863654849,274.9315617270705,6.0462124000396855,18.258381300908603,A
59.82239701049958,0.26119985774476906,5.760504839192251,33.84998948156195,81.09430984939164,397.1998639838238,8.606092774043107,15.251307905748941,B
42.503500296418295,0.6244140607472896,2.4543906545346466,74.84095845450511,65.91823969045868,232.469719668333,6.988304741303103,10.531064561280271,D
40.69928658447243,0.8187677638093163,1.0243856291241842,91.80633302484696,64.4137088582247,-22.641722446984204,3.0360646314817767,9.181133916734863,E
85.61441074807698,0.20572318306274873,13.679758174427842,6.034129782268085,90.45423688806818,611.5127204567809,9.026200159006393,15.791901690608295,A
27.41789586254688,0.6605117939002911,3.7861396051399088,81.67796027942279,64.38306108560376,82.22243369984778,2.264633517777461,9.872180035230944,E
60.716685391942896,0.2696504810738655,7.60557722951996,31.52919771351654,83.9517089100613,447.70315214099844,7.46784773956535,13.118192629793064,B
40.187336070361376,0.16100398852897183,6.601626603242654,24.30593795034184,88.42193562577056,324.72365566510786,4.843228400738993,13.939033132678286,B
34.27114801884839,0.5900514207751094,2.1080213597479878,77.09072825880023,50.303831961796064,116.98584936067837,0.7538260823619913,9.816159839655333,E
24.144821943315883,0.8494630115863286,2.4899651583188196,17.22594658505694,75.04100955932833,93.83272303885785,2.121126995655419,8.665939567242553,E
72.30247185629428,0.36371823174686413,8.536343176327295,33.53313944472408,85.55491137831748,273.9881907574895,5.5411454486136344,11.95901402053796,B
20.699725950037184,1.0702170733685745,1.541724113938053,35.36042833876944,63.47116750810601,134.1755981087175,2.218661172525927,9.981393165167724,E
22.657214982747597,0.639186187455327,1.421748041566657,35.795207506651636,65.52809814265578,74.14263566414682,4.2637325035346265,7.6508420019389405,E
72.25884828172963,0.20970970476252437,8.55233370321099,38.037037189350755,88.9645612646611,296.9052618133496,7.694545689299244,13.813473133192028,B
67.57007490236026,0.21122105358963555,7.499319455856428,26.51132779762129,97.09501170556962,418.9616138499939,6.258399498369748,16.21422915322671,A
18.132088474332555,0.8473074744960348,1.3292279627386845,78.81518215278568,52.03577435062065,85.54755883187164,3.9154216134173496,9.153066539810714,E
63.48778520328684,0.22844731877148566,3.7835961457479432,38.24477559499266,80.67840817570061,511.21638545314397,3.8870682351351444,15.872449585782366,B
21.51385882279844,0.2959313834780723,9.756308940710191,44.80228611759197,84.42416468068448,219.46500848672278,6.162067207413784,10.037293289582538,C
84.12812519292716,0.09234086974279056,12.45286869241216,10.046052340550537,94.18812380834183,558.5032299854788,10.213732489819332,16.14130863291285,A
26.263972590043103,0.9417232764150287,1.8020189280331989,67.73273656192674,42.15001981423857,98.79555492909883,4.837518118541205,8.973322170727062,E
64.44990384224013,0.6001057268594037,1.020217969533503,32.049063437172734,77.4813505425015,125.83074219069724,7.834435999209483,16.49927194340941,C
57.207816262667286,0.18563582910947973,8.093802906422486,14.096651979309128,94.69297435037477,300.5667279819288,7.4234230399804595,14.550277725495956,A
52.536385008060705,0.3340634797876748,5.97341443622568,27.232738843425096,84.1936575839327,360.4604932995546,6.964761354712385,11.579985664335403,B
79.27639285833976,0.21361253161011906,8.592415623786394,20.63230787695916,95.52765633006793,718.5276671881402,9.845824398215195,16.904788186915606,A
44.43614220119418,0.38474432941312936,7.409140894309333,55.560675738955204,81.18070015674056,271.6611572770363,2.533208381467044,12.291588530468518,C
34.56767963090312,0.34362821146453804,4.825446762754254,71.75335162548129,80.41959892844642,104.07060930354712,2.4122499671077575,5.7398555796018975,D
44.51044355218511,0.46893370662357853,5.329544442716836,22.12106037090458,79.70041762154571,287.3316420744059,3.3348013992489625,12.803294607285022,C
41.090280523506046,0.44702002054073825,4.083217467029343,27.02952089356739,81.50359099273099,127.73749144369526,1.505375974327681,9.584483842402573,D
39.537559325484615,0.2814833029725215,6.446640502207157,26.276862361036507,99.89619294881832,508.5760941167988,7.775139665779063,15.653495805521139,B
46.40730645191648,0.27008402154385913,2.03833988380886,25.530916301292613,85.65369163445803,154.28044124208378,7.615084258721245,10.875042827011395,C
69.13738819329845,0.11297182164142411,8.563375569456658,14.214491305161683,93.06580767290109,474.513984703723,8.975170231481657,15.637600867941936,A
59.09119638596728,0.44090975848360786,0.2830624363657863,96.60398174533132,77.27968831394259,67.76297418024846,3.007900646894305,11.329122921267683,D
26.293972651121777,0.26517877448987737,3.21489081574402,26.957920736571918,67.00461639968857,148.9041462844051,3.9724306707021,8.395200978120934,D
96.03874428660636,0.202927762447018,10.940495453474524,11.00004675433323,95.4550601020665,485.3780766802395,10.132270597171209,17.594576798642446,A
67.78877028739825,0.37807670517978387,7.91366273244966,43.407668984330854,77.66627332219367,448.47968481208403,6.687849088633309,12.016544112657384,B
66.50598587349485,0.12768151728068844,10.030724713905437,33.828375239344574,84.69621398235783,510.25592376710193,9.676608146752322,17.315297914309653,B
37.809460118817725,0.44660663617735086,6.124077605601728,32.90115929461525,82.60652444685996,260.43974503352575,4.289358790898573,8.058379462637571,C
44.75082034499748,0.6463982794514873,4.8347492734880975,20.052952863195202,88.67469378434362,223.04555688664365,6.104588319921693,11.925685826644228,C
30.790672630875786,0.477133045119399,1.7765349420956547,60.118294378176074,74.29683409096977,116.46842341176736,-1.6692968658062561,12.760898496928647,D
85.53247887801474,0.3329598461947011,6.858756930534178,23.985573357908464,83.48152247111672,420.6626917419696,4.775291124348349,12.539472120080994,B
16.787369339268036,0.9042906975449696,2.304276998016908,35.22628913392107,53.65117071545081,114.67550600753569,2.235058066977628,6.355821540085369,E
68.04602473358553,0.4913403397958783,6.095725007538621,38.86594130048375,79.69823691579977,175.43654893819738,5.891561238952535,9.75460079795309,C
108.03307367447358,0.08632895140859394,8.717114996497676,25.222244141000928,98.15136407553592,466.02016393630066,8.181732214034607,15.009692854970485,A
33.957748145739494,0.5041324138842169,4.213773229887993,48.28156396082106,64.14767941969832,156.176426554276,3.5654658765275706,9.55501126615445,D
31.736812021250273,0.856694853327656,2.076086594503352,52.60989148818334,42.208818088927885,96.8092583241314,1.769060283034982,12.439292762480394,E
74.72353846952454,0.19398561612209675,9.635271541074626,13.657300529937789,97.24741827820523,501.87366281978376,7.113224499370109,15.960826987893892,A
94.81927999720429,0.23946799951956868,4.924593592629307,15.757101233873952,80.26623243326115,412.72765923456365,8.542583318916446,13.755460796347927,B
35.15756767373212,0.5603868119724098,3.292280841511622,90.60609844413753,70.87172558259438,208.14413335826606,2.3935578836424773,9.973487777304495,D
3.1895389212910885,0.5777861973246204,0.7907667542847183,14.247005424782571,60.450101364537744,156.6284566430668,3.046030173860177,4.731028954126738,D
25.54477561306961,0.14776658160396128,6.937388773821312,9.494513796903512,90.07034172594692,380.2694322108181,7.896620361253311,16.237785109170215,B
40.31332360152506,0.27023715281041816,5.22158420944322,36.13352866196364,82.9501995314873,188.7852541466398,1.2239291782858595,10.895498807724431,C
62.21806231229262,0.26349302496314525,4.8678559670069275,48.233328435413554,80.74848576830043,428.7119049850154,10.605588367838902,12.577531745215214,B
39.634560188243476,0.4687562548318919,6.149174542324561,33.15046306881996,82.04005344905585,329.13905241895793,7.73298717142562,15.056051347749479,C
45.32808001891151,0.5918802254982575,3.686089764819746,28.33580895756651,69.02625371353452,111.10068755838188,4.612568031123581,8.999768352711335,D
68.26709038142634,0.22523119099942768,2.9683278658224372,30.98001603619007,90.0936821950582,411.7723081823687,2.255192896786462,15.5191815438226,B
37.74102643271141,0.23213562138960978,4.777641279291287,42.48490007699018,76.0534914907962,294.26445584340325,2.9103528431525474,12.408676257419012,C
32.12701544112154,0.738706223693194,1.6672744998400868,72.10281657895399,65.09537472336248,101.54893092407448,3.769039883211125,12.628792540654377,E
18.683135664704366,0.5979453512538938,-1.0101502620471332,76.34628172241909,28.04277995567534,93.89101528205119,3.041956463173237,9.267923538624078,E
35.88480313397843,0.2736306188694987,3.523908656640497,76.95596291135121,56.432718113956994,161.0853700918124,3.500063151308299,7.143752411097424,D
100.80777781523676,0.11902912643293352,9.462131251257047,23.3398150407235,98.16551841236152,650.6706238585812,7.034175192565814,17.482478639575014,A
24.70629805719475,0.7229043065867446,2.8515158318185483,38.519730941710975,50.843342212078284,133.86371477867254,2.5812586858713726,8.30172811123178,E
65.14557229313502,0.12541521685708745,8.02436492930888,17.30877559028421,98.0544409421836,502.0552523044957,10.952446536340082,13.862645754731517,A
107.28507523562463,0.10391037410887023,9.239206738021169,14.734000436758691,96.43102281225228,368.78285570588196,3.8984607001183154,15.670934989701475,A
35.32583928884242,0.636809771881305,2.4289175303821406,22.076509750566785,64.27995057139621,159.41065779596013,4.13668935156141,8.27093423537911,D
49.20264110246366,0.2702363485812165,11.923393019544118,32.47453958515888,95.52697355004499,281.7347207854304,5.715485772452116,14.815614893258099,B
87.79453217529378,0.18218808268573916,8.316312955392917,21.63509479859508,98.61384623654301,434.56305246279646,8.455614792195705,14.212667875288652,A
62.876790730319826,0.14911826620468485,10.93406828366008,25.9221847984289,94.60648183361235,521.2310184083427,8.262874547956224,14.734081785988572,A
28.33228403876025,0.33737489215675126,7.490634001766632,36.721890197520224,90.68737612245737,218.28886998240614,5.54956592408353,14.580548426134406,B
28.443446903810223,0.48305999547865897,-0.004122825345423742,68.66976317073787,62.49043560481542,93.7472772579057,7.234787644477767,12.314199460318171,D
73.01545974738245,0.19040629399284398,7.981479832297293,14.26143090820745,93.84707303332102,565.6902473041372,7.502908880289907,18.23248229380114,A
27.601732682840087,0.7613998367963756,3.5537864930146315,75.4132931048753,73.77400115382588,140.01456463589102,2.4148794268166203,9.82894374510105,D
44.242352460164675,0.24146298695329535,6.3512044821387486,29.086770737169328,81.91610478196853,258.7298026442083,2.004736957773812,11.774337259625996,B
17.110240371631026,0.5467065364186667,0.11691615739601668,45.446075512772296,52.83899804604539,168.5374772136873,2.8677896302072283,9.049616526210599,E
49.1377728334145,0.1616166083200279,9.310847014783675,27.754140966423403,83.53420644222537,454.9571738263123,6.613990422535308,15.753022225215954,B
80.30916165810706,0.15568801506944796,6.192004656583223,45.548641380143394,81.12459263723935,350.32256881643144,3.9109258159806797,14.242120944263634,B
38.07303734401934,0.36966578260556826,5.46725515608312,68.62296705626846,77.13342378010752,284.1093467726699,5.105776879778364,10.087339282877329,C
78.51907755971949,0.43852691306457103,5.888482715950575,22.90981714532058,91.31791684781471,247.05249536403954,4.173166270451234,13.082934151049821,B
46.96112069649267,0.5206307736619218,2.4334618522052436,34.43453545664222,80.29002463084542,292.21459277124774,5.9631667288074945,11.0143095073425,C
28.60967079531943,0.6140934193393284,2.4638748039946403,79.19487800622383,68.27799881181215,88.24665211749499,3.2258508956517407,8.207358490838786,D
51.28064782150113,0.2890197936092381,4.4109767929938934,57.72743989542014,83.05977307960272,325.29994208432447,3.2407052791717277,11.931601380323727,C
66.2487915405797,0.19728753445654904,4.72244330575492,48.04417452784121,84.99282657922495,462.216815597472,6.558268411021371,9.025153529539638,B
14.845770593129668,0.5657493394557561,1.7257914940967258,16.80910815315933,54.14531196826014,88.36451597587123,4.669583797303172,8.74294792594323,E
66.72131937866823,0.15171103855427337,8.215386559044981,19.346597700806164,91.2922759980475,336.8354294591846,4.751741668257217,14.936097956155036,B
36.83545833818138,0.295659802614964,3.8493497147884135,70.38084025648658,74.4497732570647,206.52282563312815,4.10263352449326,9.7904560485031,D
24.441926762983584,0.7039175517749242,2.9763252341696878,71.15774183806093,67.94553789725272,155.48516613731664,0.7241390661954554,9.036414444563118,E
84.90024157479763,0.08120598196123761,8.9541266411512,21.377731269429233,94.82919051090668,648.3390085266359,7.046489683494805,15.170670032611,A
35.96109849646612,0.7054153908618374,2.955305586026682,68.0962241126557,88.57595576353143,112.24245617225115,2.892793781685005,4.450080509712907,E
112.74270883580607,0.13612102451627928,11.964596138944025,20.325204913602608,95.11872584375185,641.2973264659056,4.5335165276100655,17.896007563452926,A
43.777563500803566,0.03880103558475059,10.416268611397713,-1.376434148513951,90.05553813184957,439.4899566719664,7.258434608089803,15.935370043039384,A
82.08424452892768,0.1629916078020786,9.15840449223079,21.651427630646655,89.31732213170835,478.1224583754877,9.4404877198997,15.595476705687812,A
74.56550213322285,0.253908308163851,6.1500056289476825,18.403151196190002,94.81975556148949,453.1149876446872,8.238622776896348,15.567112214111837,A
30.567116999275214,0.5461068783386358,1.4988710803921927,51.087285348009985,60.531223196682205,63.29118623127576,2.2736240505742193,9.434381049695697,E
90.13944596851204,0.05640750368496153,6.72247734949336,19.967622922968843,90.86085684889662,336.398243736882,6.9656224155949555,14.159891408627349,A
63.11976334329932,0.16875761839497216,7.985503164044275,30.539958817199025,89.5907465535063,406.0014831914819,4.525340004829468,10.057587533295742,B
89.43694172347003,0.23490601271760034,9.6191126434227,29.57834264549878,88.61824006243258,502.0435061800129,4.830240176421022,14.790979257385708,A
31.85376185930854,0.5169703063493922,0.5223928834259444,101.35264496176907,49.66276720634989,168.4734793832871,1.233591919691864,8.571479207908558,E
72.01890908997837,0.48597015708086866,4.28771306639586,17.70942832346116,67.56030540625564,298.059463404381,7.214449032476723,13.572534535836107,C
29.81902907510973,0.4036522892438854,2.75945164744133,87.47803271249451,82.43525624268891,140.92660969315847,2.9832695471050044,10.764912408502497,D
98.35236221314376,0.10855450706799988,10.73173322966916,21.44798548865986,99.49514297267203,414.45709675602143,5.4288457577148455,12.534420684308104,A
33.110487862720944,0.4495980922986149,2.1239297835716773,18.487920326096155,85.2676282217411,200.16107395029985,3.857109337640665,4.177028114834151,D
48.37258064074154,0.28601312080921,7.057778195185293,23.55439657832991,92.01247850621084,308.89099904676095,2.15776881855482,17.245364232561904,B
18.640414443112668,0.5093721117456528,6.612513657704929,68.820986426776,51.057947275301174,92.60673714552252,3.021355858796355,8.700251615241605,D
50.327302652708234,0.11273905776791679,9.594554625188856,14.325194494201579,87.84074550878007,419.4146400844571,7.065905846027318,12.848735703191034,B
63.0221295510081,0.30357827399505155,8.006792534261805,31.059279703389855,92.40312123948938,274.49077855579696,5.329091601195964,13.030847634231248,B
62.82368420968653,0.5165749694407913,8.822571323901098,77.47072916225953,86.38067357867901,256.861338969342,4.920239439412168,14.817560458997374,C
35.77228813092883,0.5038887203247443,0.09008462763204683,38.940244264611934,76.82859354365998,239.27524733348972,6.45430312989644,14.519687807809575,C
83.24334296250693,0.17213142977785256,9.927474370689874,16.708426479411656,96.38167104161248,368.9412501217939,5.709431746318716,17.183618650601883,A
82.96074921769802,0.19996519307362884,11.966569467590748,5.902438177103221,93.18425211802021,597.94020058186,5.4706453057546085,15.795211514085473,A
23.474206675845025,0.44681469274026553,5.491101671873949,46.01063266613214,47.4219829883228,222.60679998483988,4.1467264389898215,9.502094467286156,D
50.655966805212756,0.22219365664826163,0.5870271808334397,30.67516335493479,75.01741999707598,430.6245716031673,5.097610152135168,11.512116216582335,C
59.47300613096312,0.2472404366544264,6.116885396362487,29.2276360304206,87.67879066785454,289.0512093788889,4.415629949423102,12.51548534469199,B
13.665596854187697,0.7631782436922272,0.9635177895850142,65.78461993657791,44.027235142217,39.47524628872256,1.8921738060513817,8.747883678335535,E
12.016047286305863,0.6370664868493452,2.467487765223228,107.7149813957617,67.9463407376139,157.33368413980835,3.0661399010294996,8.53732827975222,D
56.064570484712796,0.4157619685348694,6.987553358463323,56.73192400942335,89.9678342871363,210.8558899767969,3.4498163016719854,12.889205106349458,C
80.49300003459693,0.23675285069230168,11.760367788221748,30.232953501431492,93.3847941596521,452.59264495214126,10.664543721773688,16.810945851666773,A
15.626185524209554,0.6518819288655292,0.23840844126964034,64.23314017458611,52.341900679362226,107.62780141673142,3.516951094186357,9.34074273831373,E
24.118372532747593,0.9352011459203333,0.7371655509225322,50.709207129506275,47.33437656211956,61.44350142986255,2.0382393755703143,8.585158318757978,E
56.933735775908374,0.15358108071454857,8.262968461530049,26.9452008941245,89.31181268565409,397.768451630458,4.952952515578901,11.930429435992739,B
87.38793258712461,0.1311650947074159,8.015934828041539,22.681014155101945,96.78158822309287,568.0596422776781,13.903827607044999,16.529796107085797,A
11.55868668975107,0.5683452976938612,3.5818286420431704,35.11712121758029,77.86794713034413,201.39295862698756,1.263741758452114,9.688880974575827,D
53.606271783242576,0.23221403402350743,8.66497015610299,10.41707755668132,96.36811402545364,411.41422373734235,4.583240674715686,17.460997363400665,A
86.59641397045353,0.10892548584984682,7.515018836882474,21.049799551573546,96.03384379045949,384.46988272134587,6.1248020697756385,15.232050374706024,A
51.14525957138952,0.25999815812489335,5.14074724225207,39.6634646771438,98.72849521113342,495.71861149766903,1.9974584740927774,11.164364238804454,B
58.12525371351573,0.2164534075843463,4.694508742903869,16.249210872056924,98.56716710999349,402.9170174774173,8.774468632691875,15.616014240801402,B
18.838931025479834,0.8600664613915269,1.8869505709476548,64.45632561513918,63.5563587272861,112.03293357939704,6.417925422652619,10.05957613977928,E
54.175201904798335,0.1744736756603053,6.300855568960895,30.1535448232609,79.13028075662335,266.40962590201445,5.985205316213411,10.267968949575911,B
41.75012988214168,0.4423533468632316,4.694585002136123,33.40551640653824,81.30762392499723,237.69038627698782,6.694140164801304,9.180459026244781,C
59.92853645925067,0.19535714095043527,9.220663613516328,32.983948281182975,89.37179686114004,253.35544319481798,7.392676376139767,17.025714050394537,B
21.582643905688027,0.6244713826219332,1.2225789510856764,65.57655334254923,80.07492831092827,42.46381733843795,4.151900418719753,6.5955907097854745,E
37.74286117594605,0.5221641587898964,2.979999290699536,47.57892109146813,80.41871369332368,74.30976717301789,2.1800365345288775,8.015266570532978,D
47.65872386024399,0.4335552284421068,2.5639609751149637,46.52013389844847,78.92663095323923,159.2329011770015,1.4639128158374484,11.138996176041443,C
27.335738773037956,0.6732556219209025,1.8901628838675997,98.03987632476883,71.29824084028917,76.39070985059575,-0.13243431068720612,8.157544744602156,E
110.58017338541094,0.14063160433172514,14.388340147606707,39.63738872443662,97.78722806263151,548.7701149585537,7.981798871969927,13.267666559380013,A
46.09019944194967,0.39183927286972287,4.61776843592444,24.77590581329371,86.67824454348901,284.84523471550443,4.1161430311930705,11.324114846652304,C
21.536620037906918,0.3601567569845525,7.084130712643517,9.41732565684812,73.02595538734012,181.41374737280734,3.455714390541314,12.380651528696141,D
63.62167324258117,0.11399577254154439,9.190227373577176,7.7124042448508465,95.59720524225807,396.93767868926716,8.5618499848999,16.377784857632175,A
37.615922062633516,0.4586777782983884,5.692525815506325,37.09466802738741,79.21041346810898,154.4242937795364,2.4751029959459383,10.137369675226704,C
23.154445693249254,0.9036005128838376,2.1030285543076275,27.197207236122495,67.32975300119728,-12.918886408330351,0.06858134969342755,11.251860915972093,E
25.63338477405861,0.4744038015019026,5.848508510104202,34.457760562146625,85.83974758685615,300.62504833312113,8.006034208355894,10.285349349645855,C
13.225731997389925,0.43192097165726756,3.2449673463764173,43.21006688505071,68.54729006391949,169.9502248482743,-0.02739477348442776,10.738799691392307,D
54.22896870963502,0.19290457729410673,5.198551569414243,30.022869893962945,84.87630952337973,538.2172124295511,4.06227208676793,11.554672502576896,B
62.22049248903798,0.21470133505973588,7.100871569965575,56.89915960665726,84.66752276317888,244.0374192451623,2.686910783736251,9.229601687505156,C
67.58465987024135,0.07252104268561255,10.085114443552545,15.360666665183237,96.35892186203017,551.1539917321617,10.082254125335698,18.612440199002272,A
29.48273456515427,0.6766403221978103,2.0416679471359194,93.80429449419671,71.08159038885528,111.35098836748874,-0.6568268603853116,8.610105518905861,D
109.28626823665405,0.17198526917309,14.083037249877114,25.502793089193656,94.56398611047305,650.7952873426696,9.519243507599919,18.80283367866744,A
88.8334851426347,0.0808637757848141,6.796141263540056,22.59257578659438,96.31772954221536,608.0918177443984,13.891611545766516,16.86518425605965,A
13.499770287267097,0.27994397708148383,0.40791349203814575,28.156061644618475,29.98909170111076,64.38660987532332,3.4544989905339145,9.726951358328337,E
40.23647212530091,0.6554999443703996,1.7992413573858286,29.569851400789894,78.98985093897865,150.23053266251821,1.7876252652601874,12.299998839354638,D
67.30640681473048,0.11440735901238763,6.735192918116467,44.67526038032021,84.8645528193724,423.32308557465547,6.165141100217241,16.591689684197632,B
114.35566164083247,0.11838097381822901,9.48514069005119,30.448603812523885,92.22996852104832,517.0325228426481,9.603511947501529,16.209917068714244,A
45.99219342711869,0.26862769757799243,6.340832200038414,24.19676005686318,91.07693468193649,397.94231370328697,6.202463010751345,11.46788192259657,B
50.216992141807594,0.3090271588953991,8.333534320343597,56.67314993116182,95.74928629043426,387.26075412448,4.946170253643371,13.240781861923669,B
17.270388783828214,0.6568760968712378,1.2832062479875905,74.17650096220662,45.38596839960862,50.38705211904207,-0.8731617450699369,11.969491337511082,E
74.93517378080611,0.264666638972732,1.227559548051416,49.08487938778576,75.93780672236451,220.20058339583187,7.257293980719361,14.9140416165708,C
51.3699854840187,0.3580884623080932,6.58289837819209,42.56907666015454,72.2584817242098,260.27080879447453,4.235613689158256,10.353247800268582,C
72.6357097749355,0.29594263313829056,6.948420915522836,29.003905067323593,92.78271443511525,453.4239566658022,1.44809791480266,13.821357047185558,B
19.541179086505583,0.7428319123740654,-0.10129727020288204,71.9079851616771,49.92434145298183,93.08660775277802,2.667235622316564,7.715100194375873,E
26.87685013867235,0.515742390628644,1.6819592007184454,48.33492719329111,71.47743968824717,211.7666801356546,2.129183017769406,8.985014249930025,D
23.483682547340933,0.8541471515534186,0.9659526993950582,93.88889546029796,58.38431506524969,73.33786763515901,0.6400158135713041,12.14161519300435,E
70.6976768591461,0.5195323211534925,3.264313118875685,30.088868413857927,75.30217102543904,279.02457644066,4.71220202965072,7.915208328658663,C
28.95656993757092,0.4979085282394501,3.441745806778317,54.4214319891499,85.17621169936194,208.67580628159052,3.5094296683474884,10.159366250477635,C
74.52260119104709,0.15728253585735827,12.53351292101916,18.399095630224828,96.28567436313729,454.32920858204193,9.540531722529888,15.884922123695365,A
24.40361204226317,0.4849334377264086,7.662421206552649,52.08072885534035,72.27875633764299,154.73052496916705,0.9793729502864874,12.263488130178496,D
37.16051888526899,0.5929880314730295,4.159590756184072,43.9494411055839,73.55490957090575,95.75256512502679,6.878732428625875,11.36874976233726,D
48.88099500004115,0.18954452018494747,8.273756851925581,32.847814326269955,79.92167537416641,378.28194071428686,6.286503456966102,14.163758276386654,B
27.996455723356252,0.594292982487053,3.201853088064908,58.80226419077746,66.41601982968514,253.1089783743484,4.066482885914852,9.29572826355054,D
34.68497051892389,0.5516242991862493,8.765994911208274,47.36061410461608,76.1556857993143,188.28390938802312,3.6723534866605694,11.122631895145453,D
106.42751728135275,0.1482320941582279,7.093751214702069,15.217902662726082,94.58934080857351,647.6192837563705,6.364008815994541,17.33699420967742,A
