清晰度,对比度,亮度,色彩饱和度,噪点,伪影,边缘锐度,动态范围,质量等级
53.531638723842626,66.90768564200512,66.65690814026186,33.859897219706795,13.701339211095732,5.890771229413852,51.24120566287475,6.264179634245648,一般
90.5017176468953,87.11841869083882,134.23805052627995,83.65959065964952,0.8242389668800929,0.6397033478206404,86.69879020392673,8.080068060790364,优秀
57.64085586863586,57.83118962323003,88.77053664134782,36.95298519758212,17.22423492138031,8.485190650288372,56.238742506030924,5.75605556043234,一般
91.82752505094867,96.58035561849645,128.97156831693474,87.36075059333555,0.8347492202281626,0.3647242871532125,87.06631014910414,7.923354063188482,优秀
74.68431358099359,61.70590884118201,139.62360907234168,58.568935117359224,5.42179274995504,2.541221023837826,81.55509296975666,8.490158251940349,良好
35.14971024775039,20.621169952605662,76.06998271611124,17.51604550908469,44.56705983842326,23.98960812908714,46.024437770063436,2.327083482580284,差
95.60959568732515,88.04095075244165,124.0733174437824,80.31426615656008,2.4503115359657266,1.2729974746838448,96.9356016679897,7.720358431244814,优秀
29.268433289751304,35.082937458315904,99.25027655377568,29.69001511711894,26.498158924312307,11.491736536370755,12.919636624548463,-0.08783750656457023,差
100.10480767278732,102.12461662114559,119.87713117525847,79.25606602706078,0.7397679548749385,1.3873830161208214,85.28066197598581,9.081043639402967,优秀
62.21225116601891,74.72314391184668,108.0849206947679,73.44001576938584,-0.05397900096428909,4.637507800432151,74.57058808393349,9.44177989139796,良好
92.72761540398933,80.28662121621672,113.27143223180833,78.04672682200601,2.6757654252584278,0.260776004149581,95.0886700667112,7.758264462076097,优秀
62.332275177744776,40.44245589056489,86.76236012066163,80.75725843060351,15.43211030798486,8.033021330305763,48.062019671431166,5.2804081043777025,一般
43.65930827803359,36.37663198248137,58.9259953246401,37.88731115881441,10.47854440023839,5.1763834197400564,43.962473976975815,8.335441758585512,一般
47.69363306363579,48.334036912319405,50.255878703664145,62.813137197523275,17.773447211606104,9.221122800099147,34.37176559437374,4.428031536674959,一般
64.13423632967515,75.66588096612188,114.97142649679772,82.75102004200076,4.246620901560789,0.3524380664205031,79.96268914143651,6.431765213183495,良好
48.45617462978555,1.6937215254403064,160.761156321709,10.2130016978495,17.415652824215478,13.904944113862982,37.96690634542985,3.319654559594838,差
84.13721171117535,87.60905647871611,111.9083982886979,61.47291855168834,1.1913974208149054,1.1094742041137227,89.35970306101812,10.431406995527098,优秀
93.21372563962082,87.49337609700365,139.51248187448752,81.75144137623434,2.4685351292915545,1.1135957228746887,85.90002632059954,8.663080596073765,优秀
35.88466710782912,36.44216904092822,214.76882535981557,16.49836349859585,21.250835896423435,6.842203520871239,22.056538533993447,1.2365342570252214,差
83.98352831175208,80.84351108610106,86.55200209240051,64.6940060465256,6.258981965159223,3.7476365837356598,74.84588194940108,5.499866339021536,良好
57.71593935872859,25.555455182608455,84.96533431385514,55.63876988996138,12.977223754517496,9.535093481964065,64.52102094424932,5.3823146138653195,一般
30.61723738293238,41.575870621582965,78.95468532668205,21.00394955005063,19.78255691946036,13.186049368427291,34.26139582034434,1.2276121062223806,差
36.49977965816349,56.38117482751495,132.76974043740546,-0.9695174408813116,27.46314109941709,22.219879631001433,43.22157173419813,2.8963949126928803,差
93.79977428538675,73.34553792986189,134.01129526465064,103.02414671381626,-0.19859173706792443,0.5953775863251043,95.42794759482197,9.723243118815535,优秀
44.03843849583552,45.5908945752771,69.95362115352903,33.725953710144154,23.258002806735465,18.68075303816897,48.821944284219384,2.9603834020646835,差
55.221020686170434,13.88157503201976,138.99085674838645,46.771842787153474,12.538400386768998,5.143433904125548,49.0321461896957,5.800519033565703,一般
40.150963034875986,45.63332368666374,73.97121546914333,23.06698662635925,27.742183414184847,20.74149083845266,18.72135205435515,2.4888326804275374,差
88.13964075371028,73.41410278280499,148.56496978761533,69.83917516153416,0.5626721133038357,0.8917220256300142,103.56384920627158,8.51810108293828,优秀
15.651808006579397,36.129442542063245,18.42950803659069,18.719327914983452,37.77451410448616,28.948951699234726,47.75259091545448,3.143096399534096,差
14.722659958910642,31.3481712039378,78.86379417549401,13.666066786465944,32.80609589342566,20.89065361868625,35.73334444194576,4.964740055825993,差
52.10840647279692,42.632318550552874,105.76837855389823,54.76432496967116,14.782726487703007,11.364305126049642,57.54601937431869,-1.0991976868186857,一般
72.87894726392058,52.51084205003647,101.67787664528404,41.527858293340785,4.7372246397205515,3.4198649322288985,87.11138911093909,3.342667787584168,良好
101.25455225539096,82.31486817946237,126.43655096735817,87.93531763291897,0.38037601596417026,1.3995172776400544,81.37208122467644,9.64134606755834,优秀
73.37876539819281,48.87026834038484,125.23724658546736,57.72084582952945,6.827986490015754,2.731772124512859,78.25280154977992,9.075825533043066,良好
90.7416326829299,70.62889948138874,151.11179343315922,75.78916485377489,3.220090939169136,-0.1137970545975393,90.31927907766732,7.218447204629954,优秀
74.84066506111478,57.54253789439052,93.96428671898401,68.66894038741718,5.523392309147844,3.9312526340168126,67.65071723941047,2.316265463969261,良好
32.799440475089604,19.164915194575528,2.982872736666252,23.793544884719005,22.16758655022022,13.667244651758224,36.304448584590496,3.644897547859498,差
99.99640483923658,79.53404825394033,141.8248410829331,84.94867451799767,2.802433611628588,1.1351923906919927,87.55029979502406,7.604672398590995,优秀
92.92731450597246,89.66813176896277,161.07877476461613,98.07915101631312,1.1190175631095665,0.7047971910080317,82.29576742240677,6.610248522260452,优秀
49.627620292957374,54.98187060257578,105.50594184467073,5.083849936336669,9.152427074555114,7.434037291424719,60.23017613117277,4.293402546790775,一般
50.3242509327114,64.70518912489779,117.00866397200097,10.5064778930879,35.546450543542974,10.740737946873615,13.412804772070174,1.8078747695579074,差
49.651979494344864,18.817240913141653,71.62504804780082,28.06246385257395,20.556361766686816,17.78949961885391,9.691922574411233,0.7720805470174157,差
55.67932485903985,22.09306863607756,92.28300777994595,65.09832636907414,16.569342817678773,5.152398031702308,58.3904206724303,5.877404456198594,一般
64.66675793108536,89.18598313117751,90.1522849802069,46.91562921367962,5.951511816880659,1.655976161693708,53.742550522603054,7.4200210979818415,良好
83.66843777136025,96.94869885904595,143.2662103370929,67.10336769979241,2.080848150708688,0.7755506488974369,93.85294153785496,7.016525104216761,优秀
55.42979093135762,52.68156359880284,97.91208246679462,82.32760165413944,12.342853518867324,5.166679934210527,54.33799985141443,2.5072908588009573,一般
71.83724543790426,63.10014881963666,67.83096300723682,60.88149171555642,1.277610627578328,3.5277468429644783,72.27768386104309,7.270272308968062,良好
90.32108876006708,84.06591393333692,127.32157122304208,97.74260432865,1.2238618604342744,-0.09268634140351817,79.88078784310373,8.71732493559792,优秀
61.91870203945079,23.11080413155412,135.5192424729494,66.45603109167848,15.418785753306802,7.5249452779274275,30.309905016239973,4.724271207308047,一般
77.93833800550277,77.94954132388175,90.54307249359431,75.20906013425378,3.801485336658097,4.565168052666403,77.3885428218644,6.082194904490567,良好
5.3828725632344145,10.33800922746191,113.86823960889004,22.9631486018643,25.96871048977221,17.9638786995233,40.59037532073478,1.6087743690459209,差
43.83299127661895,51.36409420986267,125.19886589336801,29.44066302485546,18.72874212168786,3.6839393713913093,63.53174324153626,5.475947273553885,一般
26.91774835402385,14.722433308644792,120.98944946334879,38.396956475117136,28.02085810228632,26.6846507022612,22.695933070307245,4.161520613757098,差
87.40789127434019,86.1686455015759,127.25973929610197,60.48641144168366,1.8986607084412777,1.2251549882532906,97.50843096982678,9.69891325605173,优秀
84.91528800942287,65.40155959639523,91.2606704401402,65.72458778378449,5.858670211801586,3.5858460573738316,86.34993403166563,5.743617081470163,良好
59.06113573870551,64.32558348559525,113.86029216044635,73.68900148038932,12.492438728712912,7.9030228627880525,44.07139187696437,3.197329817958826,一般
72.2696129785951,74.13048728851295,123.87921638146493,55.10669654533014,4.980505816136777,3.2100591841408237,65.4494689398422,2.6769682660749714,良好
65.5872207796882,58.82723959120902,93.63988303189377,13.983961372575397,9.899615406485227,10.561243978513984,69.42662416606451,5.169782282650751,一般
1.6975888069060439,45.428690495497364,29.6539734902965,23.549138175507917,34.98419817025986,8.488332739043607,46.05622552184874,4.693240616314373,差
97.45183362029424,74.91994426900386,109.96621615075924,100.07428745432657,2.348316674601155,0.45753544668918433,93.45407254024562,6.634165875240196,优秀
91.77922203706584,83.44708875605305,142.13428822364307,86.91364605942105,2.8998952377995018,0.8998407240125101,84.37261425981549,5.968366966818447,优秀
16.704543598407707,10.978635832260007,122.90967993510083,52.81487367235913,18.844767932850544,14.839844954868946,-1.565612713217849,6.549636787070227,差
76.0705226268769,54.1912920348923,95.22748349801127,58.99854725389341,4.527028351866529,-0.460083116204824,70.52073286654011,8.917874354135929,良好
49.72916786419376,60.32721946618294,107.59498428655822,61.003911844603195,6.390872898571595,9.466885681810666,53.707891729548614,4.475758587487415,一般
82.71721900409193,64.90353704419351,104.78114936651399,63.2823342459937,3.0389797876231746,3.9879680642341646,76.13625210447394,6.666134826366118,良好
82.49136125128744,75.99736568772374,143.03635550298992,60.83811774019581,8.297576803229806,2.211559122753485,74.28298020868488,7.7909277648603465,良好
66.58975647169069,57.34536102196499,137.35061733955078,82.68315145962049,5.296122056244748,3.509882956998337,68.58676186955783,7.225122903839618,良好
97.54194752099178,98.69314574451013,132.48943432074606,82.22953969418388,1.9560828852699415,1.1167243035876195,93.65845357697496,9.717070090057314,优秀
45.005803237491534,3.89668251564472,43.5066640699575,50.31939654014444,20.948465440528416,24.913141620429407,14.63459820711211,4.97949181071661,差
68.21924511281537,75.52400170081478,108.58709588588387,55.01746290412627,1.9327437195807162,2.759737388580641,72.10244336803734,7.438219173650417,良好
37.420871893039546,30.600836830434854,55.59897551585665,33.00335756248464,27.277910497009593,25.4296421908379,4.631852435551728,1.6919631930183665,差
36.31740616952182,27.114536112059707,42.03492184469002,26.30752820325778,16.66574840510409,34.80868726932843,36.246451312421016,5.444273990156784,差
83.38624942000338,90.67061862569129,104.61091052524384,79.23604012105831,2.962079532267835,1.495691237698508,100.40001001867056,8.543550708555173,优秀
89.58861194758656,79.96516523745098,94.79806798376933,64.0881486373699,2.279009880186144,0.8830993673260704,91.80731068731812,8.787392033200012,优秀
21.91527924237005,17.902969556855158,117.4473926482062,44.90457931462344,12.35305509173142,14.274186022945234,-3.634891788652382,4.024338266803108,差
92.43261531635125,104.34277115749057,113.58991410739414,83.14614212316536,2.732597951253837,0.4187572431294748,85.55866271183403,8.86240347640582,优秀
76.9562694312863,66.0448165725086,136.04233310921495,77.0582556446843,9.017985376561384,2.4403632778934896,74.66060089414484,4.545826804899335,良好
25.164357815892913,39.96564122955697,111.50419205784416,41.709528193751,24.85750033225055,23.288910814282076,-1.0838168304040678,5.15629915419345,差
92.06898412987805,97.48385708451013,131.72481762307734,70.02616801202498,2.9881254386258123,0.9065668575748594,79.54158306012644,8.15826030781851,优秀
58.365698464512676,41.905496706105865,128.35153440235194,31.90546029488126,11.99180228348835,5.901127621204023,39.31569587609585,6.13531274386752,一般
86.11602781827973,99.05000362905585,156.42374621421527,78.36944425916431,2.2025351457540605,1.1527527200087835,91.97357016422595,7.750410207683483,优秀
34.040302512938865,45.38459829322038,107.70626413385651,20.810612430462772,8.340107719190435,19.997482788635857,40.88829298006526,4.0150881433697805,差
56.87425143980424,51.240077950970964,134.7454861769484,23.642161867724525,10.262267621943451,8.285727349948715,44.253038934029874,4.000292319886905,一般
71.36277636350427,67.96021725864483,124.91200923406343,94.08076652830496,5.173550104231733,4.353265658646971,72.41636083051137,8.52287194140904,良好
73.52604119392372,70.09812709501718,114.03603974793562,74.7914944220598,4.0799835981164385,0.09682194389609755,78.83696914314994,9.166456467377529,良好
77.72015227133687,79.80548929913098,105.7545050142531,73.8562509811201,6.061781842296038,2.506576676314847,86.96545846770994,8.069232522511156,良好
88.25948642129521,88.55655784421111,136.63147858025096,90.69381395699685,2.701697294029775,2.020186864572453,92.74215313743093,6.65491849809125,优秀
83.73176910365783,66.62052649589265,110.91773952055924,67.82075976347865,8.148984439359717,2.684909000921232,66.85482132200146,6.935625811408491,良好
16.190811962586167,11.030598706126725,85.14805392116915,31.630758547314485,19.082285750659715,21.214894133814774,49.9856163722048,3.116479391185141,差
51.24842532846645,77.26949381586276,69.61334062099753,59.19892989026518,6.73980489529777,2.7944936988629205,49.551527202835274,4.458716358351788,一般
82.64925139237195,93.71228578782156,104.92879549553929,86.75478596810726,2.6753898229076345,1.5771876394096447,83.06214056116269,6.7603725952229246,优秀
46.78388285455636,51.79218883770963,35.71165821970297,44.736465733455105,14.57368078292771,6.211976265804024,66.02032076339535,9.626243925030511,一般
36.73281773014656,23.85939580788869,103.04200853787268,23.552367338833395,29.557382689730222,17.66464359183365,8.971959805547023,0.33804860473970155,差
71.72265585953971,26.571626379824338,60.840387982514464,51.68790717744984,10.575573474208031,7.95763030382863,40.65300670195083,4.397459723203759,一般
73.19541250062177,38.699313621421545,92.21688822606545,63.409049329943244,11.223817630368476,6.498928647026526,74.53847181798633,5.911474359069086,一般
70.5087664295753,87.87764909233204,134.36623383510937,52.83526330908697,5.129304214474768,2.8534468802078434,72.61130104838504,6.256000790661375,良好
45.42607107763567,45.05554542457742,72.28716219976701,66.61324454027766,12.760360278638707,6.272894897289234,40.49968119516332,6.273933784866743,一般
91.19707494922011,73.53096543832275,116.61281034336899,75.30555445045661,2.569007780854174,0.912492113990278,90.62386641324127,8.633168345443227,优秀
75.06223234577988,53.33926556047056,110.04173930962492,79.23644099991505,4.5945162785290785,3.041424221239128,75.23213630226803,6.919708245236361,良好
64.8178769211697,62.87892130672715,119.73019062188655,50.40640502548319,9.724233268587316,4.122661971830542,39.75861009046038,4.094051552133217,一般
49.98166127773938,23.917826010773137,91.80700813984755,29.760411392677028,9.36864201322133,5.883063063948859,62.687415600718545,4.447343163788509,一般
91.77017923126276,94.36859729393623,113.71923228769691,91.0131233816463,1.7373043346856905,1.3157779777874938,83.77633360384229,5.572967031388656,优秀
84.37784334032565,89.53536971779413,131.12812730159828,68.30919581631602,1.7070548350732624,1.2660547588028386,94.99524216965415,6.091702852669047,优秀
87.31067473624086,89.6785593957087,96.05699875639178,70.43958949298107,2.139040778074657,0.1511390273093728,89.45574338967964,7.607470404140408,优秀
76.90910144894191,53.40048459389728,118.54516702400458,58.73072482165706,3.5710735554935233,3.0482115074903917,60.13158060991053,5.350211674343688,良好
39.8677432539983,18.556682605120713,74.12164583246026,30.027039296669678,20.48804744965915,14.206006740555791,39.45756258792264,1.8786104470288985,差
83.19217756032644,75.12302150940675,131.28580552755528,71.3713381128123,2.016058944287153,-0.19154958673125622,87.59176630965766,6.181608462564403,优秀
90.07819572034538,89.73419476842663,118.72385826699401,76.51427899854008,1.3393055992261544,1.8016293059463104,87.03428352087538,8.958131506951673,优秀
72.13138096690085,72.44405612070129,144.03178269686472,70.32960837374517,4.886223650002432,1.517314637430302,80.41183242570402,5.977303760854471,良好
40.19223321981123,44.285450705716215,117.27784882431972,41.34051261783049,17.276486021870838,32.39987526170915,50.431683738392415,4.792292691725122,差
58.60182985276036,74.77143211246631,74.29176268656184,70.42853806689678,1.0442959775864158,3.3405540040165387,86.86407391608446,8.71296830589473,良好
30.77653291238717,31.905976673063083,156.57756189033216,21.26190914422503,19.54018428434057,23.454864196951952,44.04505323393549,4.1818285594373386,差
27.993596823845287,10.087617357354457,114.90172277738567,21.607930093327784,27.13556355339267,22.052740423301813,46.71755953490286,4.496105341891802,差
52.068204594276324,41.763609844967306,75.69533156268176,31.63182753945967,9.626628177309794,9.949432182233704,40.08020668599775,2.897105402196371,一般
44.39414914912117,59.17049795483865,79.5155627109673,40.23666125130628,15.66322059191874,3.977473444572645,45.54931427019076,6.871064794845061,一般
47.95920541455936,60.031676541003684,73.08622789296281,35.482526575876605,25.374971690202663,9.85209471392714,68.89005403810671,3.7926056511372934,一般
10.835441479359343,49.41753233213872,69.89940355060727,13.5947176958105,1.2270103372642538,16.763832798577432,42.485884819377304,2.3428234686999776,差
73.8566747916169,63.35089108133223,95.29473708466959,42.33102507892896,6.400409557508945,3.255860280738444,74.8971147287265,5.064744248042336,良好
86.50339508606825,81.56197318152171,160.1604658938895,67.58484987381196,5.461395627904041,1.8359898213462573,86.09080338066518,3.8195741092040265,良好
57.68556126583742,63.724077073266464,66.34829810352463,82.24116245352923,14.09150405936303,11.7445107462629,62.76095458039546,6.086541781256639,一般
76.26163251359637,71.65474449592521,118.81261412995518,57.30242840439392,5.701181142805777,2.2929154963650697,66.8946170465864,4.61093482623866,良好
73.06106976047529,68.21094871679281,121.95629950431429,100.72276506870492,7.118727910426949,3.299705490923771,65.65442348223667,6.692260103461999,良好
83.03901237184067,87.50615542216954,102.82014712823484,47.667711181817495,7.071599179595573,1.7818104221637792,72.50932373022167,5.973347115814351,良好
84.96634994877336,65.5129181325589,106.70977783139153,70.96354954945362,6.485496893712376,0.5637232476152976,76.09526103229716,6.5419813672965885,良好
27.89502850108566,4.56167452856528,103.40970721095066,30.008140980826443,27.18309046686025,26.194234541472536,3.636073253034258,2.9326084279488485,差
29.979390331088283,76.05748577269009,70.25644864705352,54.05011489188432,4.6931979269610435,15.241137826724968,47.538422806073804,6.11387571048511,一般
84.04458026878093,65.26032620066788,129.68780126698857,71.33735524304933,1.0630648649814978,1.220189819150204,82.34872975528691,7.81195290465109,优秀
96.69966633412595,80.50266562797209,146.70453790476074,74.1522356112694,-0.17898532709731851,1.7340159198834062,87.16627848695977,7.487923262084521,优秀
48.27955176219473,49.69684687773456,120.18536121051493,56.030482182712255,15.80607218843987,6.970286245423303,51.338374669896325,3.7820966442345147,一般
92.69237119910134,77.07396138950139,115.93199423250893,87.31883171393605,3.903220990761665,-0.022706483961455914,94.5514766103714,7.168347695688279,优秀
78.3111753249355,81.56629953480088,97.82668147167122,61.61477508219241,0.892353519527747,4.707737708088729,74.86811626620508,7.028313407714988,良好
92.76228470197826,82.75034545912236,125.68477461575539,86.09685636212913,0.6826085897358534,0.9499030286653116,89.0343140026794,9.833518223550508,优秀
67.80978055631759,73.63031341729217,93.97430471910823,76.45245130144423,6.495334320526048,2.144803949787158,79.90846360262351,5.819522957131747,良好
65.24585533203783,89.75462538759986,112.03716171529754,67.42414432297056,4.750197834441765,0.014380495399223925,76.43026821544149,4.998323928742602,良好
56.36280530162503,49.12909691516231,68.79973657498647,30.942057876266,13.444279876750853,6.919800614152337,59.36748073527727,5.592499389202691,一般
86.19361681881827,81.21602053542952,102.81666817651093,69.21203875422418,1.433514480946461,1.1156601292370618,89.43789570420107,8.702832793129781,优秀
88.66127293418245,85.40590633349895,126.98397035363226,93.88652333660056,2.461087921091938,1.0977777433115605,90.1317297243064,7.904275700277068,优秀
97.51480717011468,91.5430144866675,121.66368115081046,88.64725276438625,2.8603574596929837,0.5512122920252145,82.14276343339279,9.302470042964938,优秀
51.327992095190716,22.398015848704016,97.87719805368093,34.865591611404966,17.02302467580507,10.393638442574694,66.46951880085619,4.377010144932591,一般
28.646905741164428,39.626577045740596,97.16851898824505,59.31566727123807,10.719351223114243,5.932274653934719,71.66697875928563,1.5397727953234446,一般
78.69898698543389,59.62118832174802,141.94203449103998,54.24810432345433,6.632277984166716,-0.5803346547805841,81.00029645136229,6.808029278270574,良好
73.65635669714953,50.78590402522346,36.593304068515,40.318237984147366,6.4433341688572625,6.017677474493484,56.56012101996379,6.382615828574902,一般
54.860668492191735,78.404535277914,80.8938304525264,51.49469161578503,18.23655072667276,9.640102443340894,59.84332631378686,6.642641128272686,一般
80.15306857216271,67.92707272301831,111.24950488245489,77.2131503751805,9.651438792224834,3.383913924832879,81.4288001624998,8.115424138528716,良好
22.707179412121597,33.97857697815958,116.04642060262921,44.554767121941,22.618996258305323,24.936969230207055,20.515600780895262,3.1821167242536084,差
95.91752046852714,71.46985220267506,138.28654011411368,93.83413899436995,3.4446084082083264,0.7620062235479561,86.98016481877775,7.00478457688312,优秀
89.29104757720559,89.93537759207074,136.90633577190616,72.0986169346458,4.062385987120024,1.049903208799831,102.95792775829186,7.293779502041458,优秀
27.028540562368107,36.235784713697655,129.31954116470692,33.38658906348183,17.895179328504895,23.210759679312638,28.319528595608848,2.6096049906675236,差
59.3930995135707,49.67136321638198,90.8383828319563,29.435426846743752,10.900569943283859,4.567542152249766,44.522114273318834,5.77205669670762,一般
62.88222423604469,42.69137575174806,102.828630623891,45.21958675573077,5.996603442311926,7.580883764180515,39.07409028072867,4.564345703324917,一般
55.843252834233375,32.42445261699562,127.08985639864916,58.1802440618334,2.730191038194711,4.19116410807038,45.362865232926566,3.288377498181797,一般
64.75013606184274,82.37729319065288,131.87887278137816,70.74196886196684,1.4937459305792347,5.369259235989044,85.18310573421616,5.256397658431263,良好
96.70136750953145,89.53584564938515,119.90346036431166,76.24571638826214,1.898138301740334,1.310510621542659,94.45696581975874,6.873545824339842,优秀
72.91017752949006,64.624085426269,139.99187410890724,54.15378014636036,5.277940807358786,3.2166237751160334,70.89958557602135,6.874891563397732,良好
69.51932171967947,43.772316168852086,17.716242007588278,48.91986531401723,10.04886239083872,7.960121656683817,62.16186020707293,3.685250270789922,一般
64.7864667835234,73.62613773480312,109.14485488890554,44.23898251296925,7.956893568588573,1.6097487381312885,78.11950925845153,3.766369127820958,良好
87.1265401149319,65.89278726974412,133.50509556525728,61.15707419111519,2.4418925430940095,2.570907418745864,81.50089304325986,3.7165958819496487,良好
83.88558552805821,92.2146917420767,110.98524169915984,88.52628590811159,3.32611953347831,1.8128790805946595,85.88727956026327,7.746194315115924,优秀
93.46227109945303,79.79130079622884,115.28753126754886,54.441827832372844,7.71631695229847,1.7227882007001147,77.49957271300161,9.206288594476248,良好
86.19113017928339,79.87194997271595,134.2331518754704,78.42525501120373,2.37252967025103,1.0693045026615182,92.8528074569229,6.808687707941217,优秀
10.64301406955325,36.33038755088448,25.873557302584977,41.125858053297534,28.29088539177586,25.75946109155748,37.51914593833241,1.384025766751916,差
53.934836680684164,53.678121104697276,65.84240549974965,7.638158344657015,12.231418878885137,13.041142319704697,61.983796108568285,7.665484224248045,一般
34.93287521229898,49.131387648025424,-41.88120256665117,38.49370538950531,24.449938190751983,13.306765524714969,24.30877594515036,1.3918245992833675,差
86.57774570232165,69.20183282975756,144.23359467946634,94.69007067080344,2.471594909826176,-0.002393895637306409,89.42395598492186,5.9183503401850714,优秀
21.10666080328373,68.32681981338558,71.9122183668201,23.432588657355563,17.59382857526681,19.842867382532052,34.079409413695004,3.2144689580872687,差
94.4234409230832,77.97738797682682,127.84637817312392,95.41364594152019,2.9688518792008685,0.8804557441436742,90.72122891519025,7.335769713509138,优秀
88.91330280412681,89.43330136382623,145.25400746932252,83.98844129822622,1.1221695416349902,0.3700744760059732,86.91089303290254,5.777433324153751,优秀
32.24299054041553,40.247740645241365,70.46902813713244,37.190128142123484,33.626236831525084,25.02037664632506,12.4819334810037,2.041345752082905,差
94.40478628501768,79.72873675281409,123.34991710862053,88.93937771788084,1.193886441228324,0.029188346359666606,98.32277232227918,7.803125745565647,优秀
93.03463569330614,80.37519049407447,162.77532876888554,70.21519587097364,2.536344099644694,1.6905048801555118,91.19185747267728,8.364016055871238,优秀
67.65711921693192,45.27473043787927,111.33525549419824,34.500192819967324,7.3767548305938,2.3334956304433745,76.07239093935051,7.711167186325235,良好
65.62223039314568,86.7798738667394,107.34013135573471,33.85207136352497,3.8264958891208916,4.544965055454641,74.04553311691288,6.928971545829444,良好
81.2302601204984,79.60041914533942,125.06702685299072,82.73104407429655,2.294332294593403,1.1859082273795236,90.6593983273335,7.671359242116351,优秀
86.90762858484773,81.8773584244547,111.00964465489801,85.19067392343058,2.2475112273299414,0.7053547557030946,93.13115988372712,6.530532760276581,优秀
63.1314628172486,45.79136637864915,73.25787965111365,16.789736781800904,14.535510950496842,9.423179455137904,69.23196381952553,2.5280105085325904,一般
94.72522665856155,83.03234670938406,140.92487636175343,79.84443931787895,2.2307413206477413,0.6731165428371944,84.82222666901826,6.41986163062359,优秀
91.39807013311261,80.94605779034958,117.67839601461756,87.30219715829266,1.4710923716586648,0.8929449565263262,87.26889711938543,9.369660434595733,优秀
48.67979767574709,44.17234880125875,102.60673215258932,43.28947289595802,14.71080431052609,12.156596275374909,98.10675554533496,5.534397447742855,一般
32.653928575435664,29.853538030113576,43.220388823535245,32.92082229675694,22.785109681668715,19.235477245222974,21.690689874422013,4.643579275060008,差
70.49871869487738,34.05466695313632,98.65997412067604,24.741561186934,8.144275142616397,4.710360124563118,42.16965808358531,5.472731548222933,一般
34.31756622898146,45.84956356085781,21.21165095709849,11.580608474984473,19.708737870379608,15.952465744798776,43.217886193800105,3.0220901447837223,差
24.213737360213674,51.15904617244284,57.425525773146276,79.18837329134311,7.09678730439401,4.770159084517749,28.080426585725363,4.832347315793486,一般
91.4092480176125,100.71133869463883,132.72837875914766,97.20483530225242,1.9300168358672416,1.585627864864402,88.73488059710992,9.181341954954624,优秀
79.47625785075172,67.92716516324705,135.1279844111432,82.98704042518474,5.160060714432542,3.650162893071095,70.99955003710453,5.831400476202999,良好
62.83771857655479,50.60186468014118,78.75102932541176,42.041735224695834,7.821752408558555,7.239845244937907,64.11349564887516,7.585568227266199,一般
70.66276795589543,74.07742179920822,124.0468104689264,97.10415766621503,2.1155155205118654,4.675976538337311,61.44668673078945,3.922815307554475,良好
46.234662242864445,26.83083941967174,74.66007148455458,18.225279384458997,16.171432038263152,24.47235112365199,53.76971569107032,-1.366453846388251,差
75.42987068462156,80.32740999436261,114.79981341893605,99.09726346373512,6.279190438205658,1.854678637080981,68.37957863838615,4.755191248399461,良好
15.940849432120576,28.58410530649122,53.85108392530602,26.076819475126918,36.88562098740795,24.568718984161983,30.48552179842521,3.935360699726435,差
64.8055171043895,86.79684262579167,98.3879047668167,65.67929234488726,4.697141611362714,2.9385650385450104,75.36432854118796,7.439907812928309,良好
93.76701784402118,88.05322167069848,95.50957484443359,67.35762990212297,0.8618568700177112,1.294239704658401,88.10152467758068,8.445439431924294,优秀
25.122321904778005,33.27923361125274,78.002813359801,36.85243421769667,23.742831004800568,18.897750563330646,11.444376175858682,1.4354882178696569,差
22.51145183470309,33.86848798380069,141.80648339939813,47.892729580832814,32.96848946749114,27.568333581215235,38.55857621927935,3.8634223183026264,差
96.5108798187318,76.93993125565015,128.95824426546042,71.41474373331437,1.864623743435673,1.3576316085027116,79.68660145545384,8.463823976247065,优秀
72.5149284280771,80.60654447338166,105.90718852990561,68.15632374556095,2.9768748143107184,-0.04558517893851999,74.0304596134607,9.13705174686841,良好
100.56480873610691,88.77652597691943,122.06181178854314,82.66166446738072,2.7991502620682494,0.7160705758612873,93.13018846154209,9.678421819017458,优秀
73.04521051520784,80.14678100444229,130.54837250160026,59.85212498532491,5.339611515126138,0.877653410231038,76.78702869437173,7.278253170652068,良好
51.31515740489726,32.66039590003909,61.89714698970824,8.322131642865177,30.93251969538732,13.237081712353763,45.63599112383,3.5803124251063325,差
65.78942364025868,61.8558221169104,132.41729253526236,69.93991850752005,6.321049996417459,1.2325376475734982,70.99452025396403,6.4353842879076275,良好
92.51199193499596,82.9418169519169,162.70639750158722,86.65303795737302,2.201885628665266,1.3964794519062642,85.97200397213693,7.349115390142449,优秀
56.96631085605279,53.160010960379374,117.8878934041784,48.15160104415394,17.66731320016251,9.085590690942404,42.414014066787196,5.036877214181631,一般
91.14397311903247,100.32227187999463,138.59603778843515,89.60445532101325,2.110027840156968,1.0930209035636655,91.24453913526007,8.68671695926771,优秀
82.81150175586836,56.940484685217186,108.10859040494759,72.4557133775576,3.412756749757969,2.6808905477215426,64.84997352631316,7.141524225176188,良好
36.03615079783079,46.64394717950551,43.122119857409665,30.336939430339818,38.24003888579413,32.97241278117555,38.03328884914302,4.152723213084263,差
86.9674569359507,86.38933623394377,110.32022709747616,102.14018381990886,2.600197028529664,0.9192565933796254,88.79438093837508,6.993941037799138,优秀
68.36253782486543,86.09745500860764,139.1157602306021,85.23115853497299,3.829299901443184,1.6525974914372847,83.63335859506005,4.964683546099196,良好
81.05456934577624,47.01787525143834,105.42693683975372,74.90635618952143,5.0311364685966184,2.4215614938725123,69.62922030310199,5.402357232640164,良好
71.75588911138145,67.23647182037725,122.53551842887762,71.44290426945118,4.6577641990210745,4.06892973096435,68.09255299367084,4.008204337085401,良好
85.9366962441321,66.0790111659854,126.00306594010675,59.4351588559023,5.99117046662106,4.799737102367895,68.19934374464168,3.523064061743015,良好
63.01327267412802,64.24987503905314,122.27798019274825,74.11722893654664,6.349491902122366,3.4297695223908256,76.79900936670724,6.0463103665939535,良好
48.94372656906303,13.01442707404788,170.29996321454894,18.805189116623296,24.925899999573495,20.739294243134857,55.99750902889407,5.030741209189637,差
91.94227860107583,95.17584952749334,126.4962023869557,89.0205183497036,2.9367767153475426,0.7207379986080997,89.41247146481847,7.74033970395681,优秀
99.4882197732011,75.76576334076974,118.68662237456185,71.13208471506952,1.9779513361509078,0.7350848653605904,82.03357502465536,8.60471524672803,优秀
76.5089992738574,46.94678023232609,122.52042120800995,33.52460186649367,10.170678252203906,10.113092610585753,61.796714253464515,2.05964560284966,一般
87.17919589156165,70.63306267106958,112.92888357198014,48.38528097618671,3.742060429910085,4.461866163763761,77.454661863133,6.286502929973157,良好
26.90605943518225,26.14642544005278,107.79085099081041,50.75311179306198,22.199978318641435,12.79994417490555,9.138261714976966,1.2938607986493889,差
26.75282503434087,15.732723833868294,96.92635513502228,16.407890771921686,23.561340899409338,26.3928663005172,29.1476114247957,1.3949317294709629,差
52.99861039064039,13.929872289997618,76.76411264068737,23.908221916315686,17.207680721264374,12.237115091851134,76.54902437954874,7.010078103462973,一般
83.79353789073696,77.15395010423228,93.30593425089049,59.94987575470542,0.7215619340515342,1.6412149527617732,83.44459513414476,7.472935214276321,优秀
49.63201024421387,32.57029894518171,63.54801406543339,70.43160190347503,11.816314216562052,1.0257858019040018,54.144351786369114,4.822977138305588,一般
65.37367164149524,61.27450188803311,79.3009722686127,56.86818349193388,16.53430233206386,10.778381990994703,59.4973606530885,6.292242406365202,一般
51.612112007451756,29.906158571693307,113.18400205249723,37.3194279445566,14.385038813236793,13.19904699418035,57.56702520699183,6.43890876616341,一般
21.799047693084642,12.506949818636155,37.31578207245745,-7.269153182481304,24.96757718729577,15.369461301025476,39.4200339593407,3.9054857202036724,差
74.83639639711562,50.30675967337674,30.984829242245297,28.560346073931203,12.927353114403287,13.824855650429175,62.59775379814369,6.0089006533176335,一般
66.20210680120503,48.262903262101126,83.02393174067683,32.20159188228965,15.824628154934151,12.934507187925472,47.194374226427,3.883008696510755,一般
90.67683701438318,73.67134132459205,133.80308417794578,80.26018569027487,1.8791624178713404,1.0689067444219478,92.71581485454095,7.801793027197062,优秀
31.497060516481994,43.39619764407266,55.594076098403264,25.66889608577832,25.091705983853736,15.891742864196374,23.534946371220983,4.551134120889226,差
81.85292213875768,75.37163087746717,119.2114688014258,82.27971303476063,1.7855605922607738,1.301123187484989,95.11983137470868,7.854046368337266,优秀
76.7170470675752,73.83767989452744,108.05056804603883,68.75034062781725,6.329417125342869,1.9596404433362578,84.48615517084332,6.766426604067663,良好
95.27391124413083,75.80423264721287,124.93239374859745,88.45899455402234,0.6377038342369186,0.7809823416661239,86.51767470962083,7.529363457026097,优秀
31.803666229378425,24.90179498431492,92.05720611725633,4.710747331814591,16.140185475449428,18.304030151660914,26.357017621405998,1.20645232495898,差
61.97156996546053,53.399239641018696,121.2267661555166,74.94863477950767,4.634989326830281,3.0711776463091978,47.888352896169444,5.412044583397297,一般
63.8930141056204,70.74388704819731,125.80094071781292,39.07799314693179,12.682797536575157,8.422084871445653,47.0807567661866,4.978576799121192,一般
30.493765826219402,19.123202894161018,58.44847190692185,36.71802753318841,29.532833169951303,23.442568970984965,7.402566049338667,2.941363213088242,差
36.87082077915434,44.9449473939192,142.09277165302905,29.95482043375679,7.870064587494294,18.790399239436326,17.32237072915874,3.5734576373177203,差
55.24557846587265,37.19308363415918,131.92877918608178,41.35039570218724,15.673603011891077,9.513983226173456,35.950709874575466,5.059307320851981,一般
89.25103911296928,85.61155067838645,145.79501985792888,73.69224376579741,1.1629659203183738,1.5467575111115233,91.06607284504368,7.7518149345644565,优秀
47.821174025154406,31.26416293442082,66.56490457230711,53.19330230183937,26.649714846496014,13.508270850484632,23.795097539109143,4.747187171031776,差
51.85821179689354,29.039899768911894,140.72917304821567,34.34821700360794,8.220617166590062,8.936925090652181,36.73115811576615,4.828970049404965,一般
72.4038982801902,63.62906199844441,122.4712604399522,59.772381697932325,1.8794535013490687,1.6042699471581752,74.43572314614943,5.203364710072698,良好
97.82274528604475,93.71053623390071,154.6188934836538,82.42958855443213,2.2925226498726823,1.0295893353263665,92.61966841525839,7.783365550265544,优秀
33.91268659949239,40.250244801915244,85.45698002635619,25.35087234269771,26.227585765649213,19.67539512533633,16.052993346762506,0.4260689709933905,差
27.318245804084416,21.874464055406207,127.43548309388008,-1.5481377430259222,26.60600431895707,21.676302020165462,38.41204136205221,1.6856112844471811,差
94.82185994229738,96.08511701232621,135.87158926923854,88.70485686029082,0.8589573761704761,1.3646806602490615,98.86825849812257,8.182404013527007,优秀
60.40033423963969,11.390265476009418,102.20167167399133,62.0438782515003,12.994626063008521,9.830727280144249,38.03651475355883,4.037202473583502,一般
25.359528114709796,1.9713233352217188,96.89101649497536,50.355055489703666,32.414974887510944,27.272965295695656,43.06818925322757,1.7789993377074351,差
68.58080261659886,65.81739150473048,102.96714504877794,62.38951272193845,2.822566534351448,3.2294850466534446,80.35305905898484,4.799155818730493,良好
36.17235404272636,16.507841296846784,142.43241535185075,-10.247987405979664,12.850370706178698,17.30002782265491,24.929400023977347,4.405879863959536,差
80.8294943261707,68.24107226774079,138.40822426022777,63.9150029910911,6.3698798443861175,4.047089875021738,76.4330907461162,7.542840889116513,良好
84.7675566251132,77.3374520387511,88.67252858928552,83.48087074355918,-0.07651924848107505,0.49187619830819307,91.03020346560582,8.50732894185846,优秀
79.71857663181554,79.24896109233734,110.67606905305772,55.66549393032095,8.255381718661095,-1.8818409324960248,67.59001722878426,5.968308963601961,良好
66.48017778022495,59.51282509303833,94.90754329951992,71.65946737571126,7.068975091258153,2.9393074475892216,79.77093937688598,7.392773628913318,良好
90.91411051894842,88.84784755405951,132.62302152959933,77.25550027318133,1.2092842919143216,1.3243621091386386,88.52565655363203,8.560617169012326,优秀
86.81274974162433,85.16011655459151,129.02833779546796,60.87704938969005,4.480101406930584,3.3150706115923314,76.61658577209909,5.931249950687976,良好
38.268409154548216,37.72176011611978,123.03801215230735,26.95310670158147,22.303768042597216,13.454576539589663,35.02472934667466,2.4026623768008477,差
56.88433956323127,54.83407108411415,141.1528995102473,62.83085635387027,10.072269779366724,9.969892575182863,46.445142540422125,4.754199383653618,一般
34.11817743815856,23.24127432822658,140.34484494577455,9.67757717302884,19.327311099091762,25.560790418920497,47.388230369618675,4.99632092437786,差
21.887625064643128,26.481170706249593,49.212667807792585,34.040749442032336,25.962730682474877,12.17085082591889,37.410807966478814,-0.6990023139817252,差
35.79545214143184,42.34324525828303,-19.93458820597057,-2.0763229566340655,27.88555046154354,13.99506718184905,36.48499613054971,3.2603079762954428,差
53.85666539783186,41.01708877319786,112.75185100698225,42.819199785790985,20.69922366244142,9.677520493309864,71.70617083936988,4.720352477809664,一般
60.90702931003591,64.53702262034615,73.35506337180377,19.672418359088343,15.359450341951879,9.02955079618808,61.2388267305583,6.149728947272335,一般
16.977114973294757,7.440976667888229,72.27316935761301,34.201981252070794,25.334814463144273,36.27221765643941,14.989007892925041,0.7642506313089639,差
87.13028021860706,90.13791149939738,115.38114941540172,69.73948156325415,4.116129314887905,2.2305782463911648,100.30185670380165,8.252941048599036,优秀
7.614269826617928,19.47456596268183,71.52310281046628,3.7066684789161606,32.994084254031826,21.23119962445737,-5.067612141582202,3.9448225149794176,差
62.18694386682708,44.24813960865446,97.95244928978863,44.716525609387425,9.918382623338152,9.547905387007974,38.09617685361613,2.400911342641102,一般
37.73255000503977,61.28107171975955,102.2573703557344,29.829659449478555,6.993693974698564,6.712673692256221,45.24472721729512,4.7942289478329565,一般
67.8964495959762,53.79075156616705,110.64267153167896,29.684038040599685,13.111287259795361,8.641687970173013,64.0692867850648,6.2493624595524455,一般
94.5118015333147,86.35701008798,135.171527176657,66.59482560549375,1.8686236115597419,0.2243606312254579,88.83273465430854,8.760682751396022,优秀
31.467097338465614,27.000277098404933,-4.3578205783501005,40.64484899959953,9.351046346193531,20.274239204471908,22.7833580848661,4.172093674273782,差
22.92109279615807,21.125958058941556,30.65557559250837,22.77996759801872,30.640302289475194,25.144419002708837,43.788957509032784,2.2916866749265465,差
80.38536073395801,85.62855162979169,128.4706407214452,78.63456662164292,3.444934119376267,1.6319843539495522,100.17211647099042,8.166953500886232,优秀
96.83297713641817,92.4630812748284,143.9492652926678,82.1159102021442,1.5036442598001647,0.5522027327354808,89.04704281705766,6.568188471849692,优秀
46.58350665598378,51.03471650094536,127.42139043551863,65.54886089953445,9.314498394745234,5.892639896274666,55.1822016021831,3.737272416404417,一般
63.842139097994334,45.87694439535754,141.7237987622922,53.498887970161036,12.69109407819453,9.832480238959597,60.229447203495816,3.650625601678688,一般
40.12005351673504,34.89652783034096,61.29087951760094,15.56822784076768,34.82360250135355,19.829449926962745,22.787134089805125,2.8274635560889663,差
41.88644224326267,55.69175251213055,127.268916851031,48.70105737500008,12.906267032874153,2.4343493808888166,44.81830764856341,2.3775259698393305,一般
22.40312560237696,42.7883975756918,41.530981201322994,23.83561966366139,21.043860804073805,13.155311280063376,44.338266408741354,2.9738687506756767,差
42.972135650607825,61.55072264469687,81.64231697917255,11.321444998779882,5.019102917140635,15.946760091097039,46.85323401958187,5.946651826106262,一般
37.603679795166244,12.501206664959717,48.196886123283285,29.767843926803337,9.108559638887609,21.833524962528344,28.84321965745589,1.216993722746047,差
76.84766512080341,74.65113093512441,157.74626735924787,51.8219167286285,6.510047962940286,5.2056803963241505,75.59959917483759,5.448277808181803,良好
97.2641531305143,80.22247282493066,140.0403234260005,86.40992194438704,2.797781332886326,1.0786931154256127,86.01453009870475,7.333738246154046,优秀
77.02513070579683,82.83373520706283,128.32807455254587,79.90560997914922,2.269073028411235,0.9469820459800327,89.55634784673714,7.290978252090794,优秀
89.93480117781642,105.48843686772757,114.31893876589761,70.50141698715035,3.372665437149956,1.4778533214615504,88.49852893782297,8.014691102995933,优秀
28.6117823662371,33.07010798021078,42.202943702371854,24.74863252806401,22.334967312052974,14.128495553368158,30.61136005868215,5.179228214727427,差
54.50640347836256,37.327570708604284,37.66952531019904,56.41001931270016,8.338707533063895,7.472171820497409,46.2675740113799,2.8477466090817436,一般
70.8964481555483,62.61321156186624,126.68220521143336,63.27092326776706,5.33114278923843,2.596642384399012,88.42540540642453,6.01768300723823,良好
83.84449251085485,87.25221548234212,124.54523788929072,75.93331211582476,1.5514154200719634,1.131509961909118,86.14333269116877,9.699157571638109,优秀
31.144188353285323,48.11606383631356,112.20742203339819,26.857195232597512,31.618049092291923,19.11835429053982,44.56891996799126,2.510255232806683,差
62.09913866683512,68.95548132072612,110.33166105984684,68.42598111896513,4.495727319247715,1.7195832805067348,76.9439678126616,11.520504681517359,良好
76.76243375216134,87.13088325962326,101.63219759134002,95.9045218921148,7.8508842366833775,3.2209125070701976,82.49931552850121,6.811594276188373,良好
23.21896995155784,47.66844591549433,59.132846093738486,11.896813380032475,32.07135976375087,24.62833227573316,38.505698891049846,0.6288867064928136,差
92.43378118952252,81.0752516770796,97.8438064266858,97.46355376897964,0.5507482021101398,1.0343764056317373,94.00384404616955,8.627735980285252,优秀
25.029690740174125,33.406447152496625,87.66839767295629,42.559656332183096,28.42431134916329,18.633294289492035,33.63738501964803,1.919679196605956,差
29.351774923700198,7.420589289860608,72.72572625494635,36.675472015818464,27.23219191928154,19.40024331527678,36.406383093826776,4.579255159142795,差
53.76640000897582,23.198361555871706,162.49548783262426,14.696403091712003,9.536585319228141,7.083809129406208,70.12509958793612,2.0480267020368044,一般
68.88051634118874,68.13442469356387,71.94123974523275,58.71362832678246,3.6485303180014537,2.836961432245753,71.8770240160518,2.6630695598059804,良好
81.79351392071702,57.62720086223555,118.29643521550386,46.94926110149173,7.157411568802874,5.128283449085424,71.9367940041961,6.028415859522849,良好
88.56006290222241,87.28943923117103,130.50907062450813,95.71017692848348,3.530925278641707,1.7140187145431895,83.65013429507641,9.175784933418527,优秀
95.52248962489735,89.3000392990386,124.47564237614152,70.22828544250898,2.5625830687922946,1.2794113735013615,91.00489129583698,7.632669922907891,优秀
90.19125536252074,97.14959722451579,114.57481907461208,93.20666366063949,2.0044205505514006,1.0448182089105469,91.3189462600626,8.13076956554417,优秀
85.77190953714147,89.37575677275912,120.76588791392729,93.82042889881413,2.1595708314329025,1.3994080434842808,79.35102435464445,4.193875715370527,良好
57.078268121896016,46.940274050444515,156.9352999391389,39.42283531778197,9.508609962049595,2.544406655986588,47.81969281138842,3.973469622016142,一般
72.96724434304302,97.48642501982869,118.00139286640601,51.69943424615612,8.184917491732215,0.9661649228170397,73.17648072710483,3.8136080017231464,良好
95.04578878921434,77.36457765416263,115.8608211699744,78.85964290674195,2.4577052780952506,3.8354691231686178,67.07372788660302,6.408852049133133,良好
14.440694385162322,56.2476716380764,91.35762570356474,21.66412160237531,32.02768278506788,8.795351845607296,23.746282976187683,2.7097074917113724,差
17.50424136853204,14.128785819084413,31.762108752276234,9.224579027394746,21.76475228274065,16.354954028621556,17.05457911213408,3.617717765396823,差
93.07533186033349,91.5500803802715,87.83077762593746,78.22088469660676,1.6967970851087495,1.1162314481174007,85.07894298711655,8.667400157428876,优秀
6.7359166594452695,45.736335434752625,87.63546545271187,12.31427805649047,14.246450621989633,20.262442509219937,33.220888661484345,2.9735016889363672,差
56.7251669359918,58.98071496327053,87.14171023339472,46.494279911656484,11.263225367471234,11.76607014954999,65.07504200049951,5.382911249590333,一般
94.53657914923197,91.70562504675505,117.63730651260875,81.72865547078148,2.5836339825277377,1.1577376664963186,89.62877595127136,8.392456906428325,优秀
25.85970774894313,48.61840387680175,8.440335783329061,35.20150197186383,22.05009701982748,12.031377084661102,40.54415647481001,3.939309272034687,差
49.201490641528714,36.3975002586313,144.01947260400442,62.9061608803434,23.80812074928565,0.9506313329188156,48.5362325729826,7.691749302313356,一般
67.67816954833744,46.65536969571835,162.32132263640213,27.903346888362826,8.261296625134573,11.537414586236125,46.06038573125103,5.397158795204878,一般
100.09481096249017,76.43359390170744,119.97251819676033,82.39489607147685,3.572648542528072,1.4348867534779217,90.25060539268303,8.70443798082584,优秀
29.036687772443727,39.481753214617285,61.8425796848755,28.12157357158616,41.806145163530175,14.21145759819072,36.89056278397318,5.700790940154643,差
75.03104932533459,63.86197064395961,88.47676888040326,69.73294647998353,5.029803254058835,2.6482935160174805,82.95522014351923,5.920392218316773,良好
80.29507872373205,76.71695892877825,131.11858946745278,67.10439283911255,3.2933085584257844,1.8343917622255956,83.9099142008253,6.9490917429292445,良好
36.944130006849946,10.8027378946427,162.82207937944958,4.1940783016665115,29.098491958441173,11.72344507460957,35.59944069877423,-0.25380903715329106,差
94.069578745912,88.01296979291743,138.3158586957032,88.33523628553202,3.266388823948364,0.7752138278790215,84.60107039040653,9.6344786874437,优秀
79.22721494067221,68.02085592769144,109.39199048921934,58.22870481653487,3.3548578146353303,3.32974438690239,85.86256103379267,7.814543286999562,良好
73.04947994867533,57.529313547785705,105.64280429841871,52.44149263479836,9.320944142824489,1.407368657877761,81.32585716693308,4.376453838211578,良好
88.55744767658643,82.63446813916431,128.57873179974874,78.36625424834573,1.9062133259190002,1.2526422725451458,94.16227657762127,10.056816903273226,优秀
52.037758515702514,65.04419033387775,89.24137651880744,81.49705331702884,1.9102048639795868,2.6949706400717854,76.63352752399163,8.251977794740338,良好
10.539539103182658,34.48169020359646,101.03486669288024,7.412186650094053,30.94967343222552,15.180424805576578,41.04704228478364,2.8008893189344257,差
82.24141782576146,79.02407641380034,119.17409185819496,85.35439422771105,2.679605907214229,0.7786379434888335,93.98209385147423,6.909060899372662,优秀
74.52675986830708,66.53405177407672,123.3923607181297,32.940962427784605,6.002630172112798,11.342616371906715,50.10180174146461,5.188359361583969,一般
64.37186719934721,74.84183131542275,50.56534813816119,52.74893734906054,12.43523784253396,6.184653351914521,43.16819505415955,2.618699858060633,一般
29.481013406183795,41.712873546183395,61.376155625857365,-3.03045171445401,29.494167001823275,9.191409261666925,27.198972758030074,2.3701323592377994,差
51.27089809376714,60.32280412385055,110.95033424635771,39.515989851407255,6.862137156794068,4.367798574018321,26.167940210443433,4.315798662287739,一般
59.33488817352266,25.816393435325228,56.02343930234824,99.18003127799544,5.782387600488972,10.290744072953249,48.64094807304782,5.855369178705842,一般
34.417735832904995,33.81168251421259,16.59343179340403,1.4886449442595762,10.785248997368047,19.096829681366074,12.815393152268832,2.0078138748200267,差
67.29266401471706,79.36937602850753,101.31834494636041,59.06247875853725,2.310493802630505,1.3508901262887065,73.72603127232536,6.11333768325704,良好
81.38631126215813,54.136331763635084,95.52573366303248,60.97676762738489,7.678296969683842,1.4901521041853587,76.00478112320992,3.69250390413736,良好
45.07524037868094,37.35816523327619,94.28175881364353,25.159643000498725,34.89242477681881,27.93992682387678,37.524164640718624,1.792269349810667,差
80.58984915769906,61.79379706976741,101.24806952382548,31.103113950531153,5.519013016325257,3.488711350231486,66.33640579758327,8.786016312220571,良好
87.11220997684798,74.34346904353487,110.92874486004143,80.03697814509619,5.742025988571981,2.5668806645307116,60.90017040091155,6.567317818150604,良好
66.88630502328984,49.2480125584908,96.35291633727466,61.79288955838712,6.545451573001314,1.2134307920876268,63.91555933469486,6.671735898748366,良好
67.63234002463021,66.18835693948121,46.55897184181502,53.91806586456039,13.975738476953401,9.735943794621596,30.74199962662371,3.3280356557682786,一般
66.81018736889634,38.87770104058045,89.3330018218302,45.508357410201995,13.652204743444614,3.580463848149784,38.547936816111644,5.641957107555373,一般
39.33845265389189,51.160836436811124,96.11901406430857,41.95299893823317,14.149549446680464,5.822595036053305,57.31710897208656,5.573644338252672,一般
19.76089013693662,2.1755086525272453,35.42480826810231,31.429957343775108,13.934228483177849,24.52304074145175,42.94973627081803,5.382423300797025,差
42.847174984105656,42.60520152937135,125.02006975926261,-8.768286105751216,30.10025029235033,13.510102439874956,24.04241503495834,4.207952186984954,差
66.84296904900289,85.32467822936616,102.4721611885236,57.67634759389703,3.4601550598486526,3.4212695174936822,82.08685342465388,4.524264222005773,良好
39.91746713466751,15.536498889683653,112.32229957466848,28.26484083081088,26.957323770737464,8.498662711271114,35.164826332203994,2.337404800338849,差
84.26291478590286,67.89696570146255,143.7467793798199,72.46926271818417,5.1637774158329135,5.31100883772881,81.19213645560023,7.817548867989155,良好
88.41888730695354,78.80182914695621,117.45918526548765,74.08206294770264,1.1018334610524678,1.538185347145217,87.8904963136711,7.61565102234546,优秀
78.65102078894515,69.4899934509663,118.3287523563556,62.21814278249679,4.8783469970944955,2.0184536059722946,80.74053568147971,4.804195879508493,良好
45.385043311941786,22.40079620101387,-6.887346245810647,11.2439986812388,28.25107469395481,19.281936484705714,65.43313634595788,1.0488254131673913,差
72.2886817798796,60.34444385201725,119.10980954121045,81.03296199338797,6.609906290299178,2.945204441873582,70.67157808164286,10.023762242558838,良好
38.07578001349513,36.55887669132808,43.17851729860389,-0.803161929145066,42.063765040572434,12.766769150706871,57.24014988375454,5.301242954062779,差
52.99669168888381,50.506486417242556,106.653425467928,44.29891627768957,3.6717859153634116,11.652254898856446,24.151359828828845,4.009823271829485,差
47.43443804709812,33.80405991851926,94.02712092739866,44.44768863467383,14.351725658199959,12.323801301972807,73.48980005850738,2.8061644951777094,一般
66.29087161622317,67.38784579083126,79.94306472355193,63.40761336680354,5.742863171330601,3.6926507820647765,84.58480256537344,4.950042398077748,良好
18.719021191504297,29.645332417076236,83.47295389055101,24.34657114162431,39.15940222429239,20.080035976478406,-11.861513868535688,2.437241560627357,差
67.0094571029164,37.74459012469601,135.70250260851026,52.57575143836981,13.337635596414438,6.595185514512229,51.46131563283598,6.67840430516277,一般
50.544080640829605,44.658738385194894,99.68954303446264,36.940504120325286,14.948641163540376,6.679215372570878,57.5201230962424,1.4307661057458865,一般
15.500640970858104,30.900024123812706,99.48182220986527,40.40267943333375,21.68262375270999,12.904245468082731,28.799440549159254,4.2967325740302105,差
85.46603719798031,74.46857520152712,110.15112608541287,84.52382543123049,3.056456676069197,0.03652690998788832,96.36743995077774,9.347887321788182,优秀
75.75739195697776,62.53588696577697,59.78958265095095,47.13877182691854,13.803665894021005,6.4030061155965665,62.55750533706705,5.9594094424332775,一般
91.46290106697936,83.58878424172626,121.2055058437099,56.53760205133413,4.502959832546583,1.72963350699265,74.6735059400873,8.470792676722334,良好
26.65202011460626,17.51487416265068,67.67938621617013,33.763135179997946,27.05966173326869,17.329683034478588,40.365984494191196,3.172503317098384,差
92.0987456680721,93.7067920204849,124.71725919412337,74.23180682581038,2.4951430150904574,0.8517971862780029,93.92400631050741,7.974658937788903,优秀
39.79755769918361,26.191981553676392,126.55153046551493,11.663919327300988,30.930228989220623,15.095634399932498,45.72206837639539,3.3318751435737433,差
72.15805481020982,79.64738178396756,140.73364893201006,73.13349571285133,3.681609072971022,3.954413425526118,72.69261435115297,4.844076981733936,良好
64.15535065995776,48.63606325731035,82.7883466221808,78.44531566508397,17.344831426537585,1.1220900747852154,29.971225632585565,4.043927217416716,一般
76.98822059432997,81.95245274262405,106.69071067663647,68.35757220661912,5.118738904376561,2.5049977930935365,52.546711482422545,6.985287088110115,良好
49.83924833483481,63.39696526389743,13.567421182190799,27.899057787453778,14.875551399192924,8.60503662821557,50.36664357176247,2.8490793516310453,一般
54.1279586589952,52.886948586705365,114.6606549577696,62.4654896543311,4.545699850088995,1.6334907352446801,69.00581109888736,4.545862796842165,良好
85.18326126259568,71.70584761795625,124.08083260519889,85.60654655100777,1.9676604740281871,1.606414254548962,94.51700629201319,7.452007123816124,优秀
15.555325185621466,25.660833043162818,146.60150868685764,48.90193154330406,33.36013254190172,17.751717652209187,31.831633245885158,1.6495522891687608,差
80.42063331084398,86.75091702278748,99.51405456074977,72.42317391846696,2.5489395510998984,4.456513832401431,68.8042639540502,4.210698756485721,良好
84.68660590737932,79.40173704312791,135.4183039808992,90.25726284655094,4.153685383528311,0.6045140343292188,80.67290899485259,9.011509788086721,优秀
42.374647091140005,57.53398418437831,167.92411358996793,38.36476762934733,12.712345064732025,11.59245739742645,40.13146646069227,6.240116887349303,一般
83.20472445299679,83.38337787797681,103.36914304986865,47.33244540306326,5.572234357279693,0.3829553955262952,80.83914797244805,5.3845392902029,良好
17.155704898493894,19.594854603593742,82.52697653197228,3.8554377051421618,33.6262887911148,11.333333202218839,22.073555170841757,2.1355139431596433,差
34.921064368421725,45.68701981006859,141.6833709968125,30.499694208718275,8.780514266249408,10.098535790536786,49.588277030401315,4.520653306443254,一般
30.21539896954661,43.69868495158744,117.84427593082809,16.218104819422813,8.873270386938586,8.724364624863348,68.12847890438893,5.614780540684934,一般
38.5604759989512,-11.255027191607681,101.58665568587602,-2.9284101436857455,9.759133331683836,15.98531908867626,8.006449428751061,3.4716871601416233,差
50.268573024471536,43.416447872888114,106.53112779865488,40.40906813699912,10.514574091855538,7.54007725382186,46.08671668784967,5.332426034883499,一般
46.32125851409681,62.19809170111197,46.433767746523195,42.739478355518706,7.904610612072186,8.918005039451199,70.65403407864383,4.694656969694399,一般
87.67176174581836,98.09694369828162,106.58664959089259,83.91126292198048,2.2987547174726783,0.617930422336399,90.24864605088473,9.252076697488187,优秀
87.68709970420996,101.36588025466602,111.70086841634455,86.13323660380844,2.094246094679431,1.023977634031998,87.80285064909151,6.24069647669722,优秀
75.24905980335284,85.0838379300007,110.75377419371745,67.6184375661096,3.5179163276602505,2.196768208853014,80.51514439146746,3.119021519478734,良好
70.06574539765046,44.17216417615489,42.96124305554234,70.02936971916833,14.343446985018094,13.25548949484991,52.48655603388308,4.8442498655454465,一般
71.03984254256575,63.99875578356326,70.3501112335365,65.2092365415941,28.40136909854066,8.876710427923943,58.6763562895636,2.056861034106736,一般
58.66079499336647,43.197272127567025,72.00093408285474,26.797069132062724,14.74732544904903,4.69350066836248,59.05252374669064,1.6154186099074206,一般
81.13797314675688,89.2803991645233,169.0961515405296,84.1651120481223,0.9796361757599872,0.8236803192486069,96.22854622100265,9.255263504950646,优秀
39.8094612835703,28.3460715246957,122.99900839718651,19.40869601640841,40.822962087373554,19.2423720259345,10.18903858154546,3.0400498822647024,差
92.8535709120862,81.23310931787272,123.53015943441807,88.93197469358489,0.8557057134193571,1.269461597007257,82.98343178240577,8.458180989243477,优秀
71.4960916014457,59.89214822177358,132.34910529783173,77.44135356733631,8.809468322336219,2.4583548336175345,85.70936825460105,4.932613356069616,良好
81.49743009729025,41.76921316669369,102.67263099468863,74.3480141228554,3.9966656924672272,1.2542709514413768,70.30281937237186,5.498899374153845,良好
72.77521920775719,55.347449408561246,131.27852100709543,69.47026347093035,6.4689295039583,2.119965424635338,66.72122271450965,8.08352270266861,良好
47.957272206427014,49.777442396426515,63.26942120468972,55.76795896807617,11.029151157401936,11.00290004095488,62.53503516586313,7.682744697632218,一般
89.09620836832286,87.13832912288709,123.60634221999761,73.55756512244731,1.56243154999222,0.810066122246193,92.9023088782842,9.036591860802245,优秀
53.92125217190875,71.36938322177376,61.7698843608705,39.937354265498044,8.657936760388647,5.79960076984761,59.37102079147894,5.115014602675242,一般
67.06316600063906,54.65529787950839,135.48114190751028,50.94082731937576,18.78263485405454,8.888040492263343,49.00840490170987,5.0614907904630035,一般
68.34112776377702,62.54996486991219,88.70481192072008,76.0350405955278,15.882889820354844,7.0131386452487945,62.193989361854825,3.887485840132276,一般
88.97624014018396,94.53951271663406,133.39620945225994,73.86268426846696,1.5204742716991824,0.8150552924504474,88.96081810984863,7.955119030807791,优秀
48.901049371764806,46.28102210569406,134.40561173816351,15.124422104307985,24.474890446446846,23.248715015917195,21.682104372388228,1.9541915382045438,差
37.79260999395955,18.490950212813736,33.01849958786634,1.9613929023487309,22.992054713056834,28.854309298234462,33.80825777026201,2.50525078001848,差
