月消费,在网时长,投诉次数,流量使用,语音通话,增值服务数,满意度评分,欠费金额,客户状态
106.31695452850664,37.30161773806513,1.4102024338328012,20.347216377780114,465.4230518279952,4.6737197674826465,3.605072048514439,42.6678306065216,留存
157.650306505905,39.27496938279907,-1.0163780613015678,17.648649520118134,302.4071719656143,3.6145200456752455,4.6142849609024,19.469168088341778,留存
144.8920164296211,31.015209205980042,-0.10578867911059187,5.372189911148986,349.1501079605549,4.377495904468828,3.6827019504575764,21.307198906369045,留存
136.40127176692437,12.59405134949061,3.2383877824689526,12.4226999515891,136.18581303765367,2.0155759400235898,2.999161054301279,117.05792587299942,流失
70.6117935049486,18.059858515601785,3.6767360395085418,0.5893587041105857,68.38804952346109,1.1646523222586505,4.600686716254398,106.93812433263791,流失
118.1661741198246,0.1664864113523823,2.057834566574798,3.060091345191535,80.68627440941175,1.3086862796423104,3.2292071895081573,165.34389118163244,流失
117.01757132052593,23.553663626797817,0.3820408737755821,16.071958241434427,453.77699538871127,1.2801571961522995,4.2456954061477505,25.253398145821986,留存
138.56364930408378,40.88044420737948,0.8828516323203055,16.858148190165203,259.73974529770345,1.2087206930735457,4.117043103629681,31.77940410552572,留存
37.9289076203988,12.657634690509642,3.4619613808222534,5.332880808514755,204.3212860835061,2.017916402780143,3.0009229710585466,59.1791568029749,流失
199.44792698706783,35.57942865213584,0.40888251302303213,20.388792920591616,60.196518954700025,4.1508019570579195,4.96704377635441,30.992889238202572,留存
149.76381116271182,61.022243620770965,0.6540039496149395,13.076541875963915,245.12532226398812,4.866273076268167,4.6228891877351,-10.280795849187975,留存
78.85279623143369,6.0458023210074545,2.727846037939589,6.636404292046677,147.48165746325336,0.8058625290890599,3.2087999798198683,24.31087948193329,流失
65.94625677251743,19.205188780107438,2.4869732078070212,9.807520966059531,230.85093819435434,1.855817627801231,2.5306355898016366,89.62906437827121,流失
68.10849773553801,12.236454886024218,3.1697423716648556,11.201412614280546,112.28069596170252,-0.0742131951819982,2.5895874585504974,91.96006144865395,流失
164.85603823286394,41.657882141387574,0.43109394039546883,15.511022547102273,471.8201631418676,2.6966187318627464,4.906722049705241,17.93125938410743,留存
112.73281962962797,19.699472777951502,-1.0015980212060434,19.66786667724149,212.93612729813896,3.4286371027612597,3.924932958707148,11.409309802530462,留存
77.0802477191755,-4.390032227576892,3.63847223925775,5.379537694182384,365.3402636696785,0.611828497277973,2.4699768278994854,64.1033215984618,流失
77.75050096653368,15.557631697823934,1.358636781613236,8.486887963761054,244.47675990833585,1.4428349176023447,3.7654109623691836,81.81161789179468,流失
75.05396815578352,16.120956232873123,7.847822303371117,-1.8358224789027986,230.5155191922628,-0.05064592334192519,2.9119152864527402,30.880432668776336,流失
68.18315255150175,21.339424592326314,-1.840199958066723,6.63442250301172,124.08816435784723,1.5847549106204286,1.0783135828899546,55.70529527506499,流失
87.66651600297473,7.5118433844352195,4.997234064098889,9.875693583551412,199.6270861395281,1.2354572149334293,0.8777856614680106,128.49803803773938,流失
66.1407333454323,21.925855818189405,5.641684705717865,5.613522804815185,130.26537074839763,1.4278714409491917,4.777899082276006,33.418846956859056,流失
71.80392397375067,-1.4635626640428416,2.408907654812852,8.471232269551631,186.5263856909029,2.6116280992625294,1.3913706748758474,71.13126024752869,流失
68.3744028724355,17.835897247253552,2.205426375133657,12.642660928273664,162.01526697241542,0.4660864117893758,2.7476173996523165,130.80593687865786,流失
113.64461833383709,50.35171468033177,0.16651186343059793,13.697461233591802,374.9786344108492,1.836521071172901,3.976750675357874,-8.696664084709983,留存
95.89967853413646,15.510733207136234,5.170544815817294,10.543561598931742,245.5525058736739,2.152686487737019,4.182280016912551,119.63263109962821,流失
115.71530856121753,47.198646186963394,0.6507122519252375,11.443915832760156,332.56892309114653,2.4384268439570462,4.020167163233393,35.53489670940039,留存
26.008955858039037,23.814906706909355,3.3806670043660167,8.457090639714734,231.33534902803927,0.9827566297835835,2.3018897961405447,0.4257653176420604,流失
104.99522459072762,4.375807652220316,4.898376757305824,9.61055799127205,329.13484520453574,1.3006259744317163,1.9220549600458572,48.16009133522583,流失
118.25098613210784,29.797408366990556,0.06377034359246997,22.205927834029602,369.1099250068672,3.040089862110222,4.099222355204124,9.511520363933531,留存
105.42816980262762,11.827569113992231,5.945378357525345,7.378374362776626,98.6716039154708,1.0863357981687027,3.680973214423787,86.00865657013993,流失
66.51489713902382,17.02720636837977,3.8714215808317896,4.205488284864707,203.41119004106716,3.0075457080788937,1.861390233408698,38.81628558974167,流失
120.09578545179158,45.0032941019217,-0.052550284674589554,15.395892314874864,291.0282171207745,5.243520372996518,3.527044948359131,49.98294190026407,留存
147.3919940830817,58.998580040012605,1.3863860088429152,20.167436463841796,285.99969012685284,4.499514029392778,4.435508950848016,9.216665206827809,留存
67.93406572163997,13.637566873094192,2.484990876071243,11.017473688161672,-32.055746474228386,1.1767600379882692,3.448182155268725,105.25733700828773,流失
68.14897148905689,-3.7663801223455238,4.778216650996303,6.077653216355076,285.51877070220354,1.7875707722600693,3.373500804997999,63.81955330723545,流失
94.24595939112409,17.95692465882451,2.8952894973747116,7.3304188762875135,165.28982878012832,1.821596389278203,2.2023992475879206,106.27047913490048,流失
58.654623332204054,0.9489857901427445,2.608013884113137,11.255542594851477,7.0106739946841685,1.8132446367665147,2.3334951339643966,34.69476354760327,流失
118.90223717027754,22.260471517319417,4.397799572295061,1.9100893911582242,155.40802369859594,0.6871931651692054,2.5898892285950836,126.95782630805573,流失
125.15888468575304,55.507775239524925,1.3840887230433534,6.174394573903848,297.7761446164906,0.17562671117035888,4.901139025205295,2.0619593806541197,留存
80.21199443591205,9.164760133276612,-0.9386806499066447,5.034087281015742,173.77199327136628,1.7663248941281158,2.2993457859146336,102.8762004719299,流失
73.03580513057524,42.200346409515426,-0.5363834123390805,16.94037336643192,238.73934597342165,3.605724960841722,4.091568350636478,36.43984184368048,留存
64.01553041294162,10.82321612716412,2.5786937239445917,11.2759114317384,185.10706415475744,0.8965681491310922,2.263714117849444,90.64587905808798,流失
75.52702510532765,5.407751072596781,1.8625917931453688,1.2048827686098544,134.93150188192794,1.1911223583150532,1.492009372637619,106.26157528544105,流失
87.89348908926985,25.6517388570411,2.1963625697673335,1.2415727186469043,196.82873920533908,1.537938257742109,2.8711993032398815,88.99397554821196,流失
111.33233962311755,42.219103181199756,-0.31492302504212777,26.96451754032184,182.10228997895325,1.1449299172769432,4.708211746287274,30.790715575595897,留存
161.66473242434964,47.382651595850895,-0.23948570548678338,13.915467526027692,289.0691303419229,2.8480261661457114,4.350685411990021,20.469372254161637,留存
120.42248579405329,12.30549859186343,3.1373740299553114,14.583342625622958,235.408944116748,1.8650765478262628,4.110387047381706,9.917880899153236,留存
70.55828989803848,32.40238562820816,-0.7098425841788276,7.664368351707442,339.923817625149,1.668065082574629,3.829736441477297,-3.4219041582056384,留存
74.1583950548657,16.613442777954127,2.0951251979149417,6.58311080887746,95.8297671345701,-0.5182801250605868,2.994182593680797,2.9341731770000763,流失
60.69468561653605,15.573437024405376,3.9725601879061005,0.13344426914657959,86.42877804877804,2.0414013599675016,1.736955802753077,37.39327737073219,流失
100.00921700730808,6.405365517050874,5.577190231363149,5.809921650374482,4.995268574538358,0.8800146719933779,2.8227570320098385,101.55841124150271,流失
55.657745513953955,10.798078489459565,3.923961192638684,7.6092772141551315,164.40234293101733,1.5461184277031879,2.5917449274052085,86.77316442655503,流失
145.6588263960694,7.313306339757091,1.8576891843785055,23.45201721507209,295.15258222895267,4.473158757314463,4.90218943536091,13.480866364185093,留存
93.19369773478735,12.598204628667826,4.729106744483432,3.147248652845442,109.22428248832914,1.2328851872640951,2.300398880096338,120.91013314682588,流失
84.90605947346239,7.38922990612999,3.0470235599416426,15.353354010516895,48.429859043019604,2.6382698142568017,1.604762897400926,60.018098578031676,流失
104.84637643861214,50.359830419273734,1.582239876556576,15.737296201987734,402.96003861898777,4.4422966481699735,3.664094531404463,12.298836133153394,留存
55.369753034480965,6.261931499359587,3.16436623131047,9.040815157505657,215.13400826812517,0.5670068180820989,2.656935198772971,121.71637582339565,流失
41.883648587718056,11.044012334768308,3.4823970181906434,2.7311229001394315,164.06692132355792,3.1381351004312164,1.5584949436547555,20.750571534361427,流失
6.315843288994557,21.741916829155002,-1.2607604482936088,7.696547628026531,75.81598280598412,0.8147645937111604,3.8608099284293793,60.236293348958746,流失
141.64627947084642,9.277110739331928,5.040213156706706,-1.1368372371450697,137.08217463853322,1.1292316433181113,1.4502686961156832,134.6958725523946,流失
109.60711492581407,18.14497695371814,6.574566594723901,7.978173512747422,71.87420169485405,0.6663530207954437,2.502885882966104,100.56795593456731,流失
101.18510521231347,5.141936144336696,-2.3148737580412666,7.230143986111624,297.23636170063196,-0.2325368096884166,1.9074043048887641,48.81170229743431,流失
185.9135834731639,35.65981893528486,-0.3293498510398637,20.7998110372053,371.8178795178681,4.034152997721872,4.6084945255036525,-0.3425809179245114,留存
86.89158641836296,8.85431813773982,5.9913250848780795,4.305190978048495,1.2910556795546597,1.2478816244754634,2.395288394957509,118.40987129861654,流失
101.06111752077626,23.73778519770429,6.338125024784964,16.23659277101003,61.46543801399534,2.2445671225722603,1.9088988029155098,94.48940158219939,流失
78.64265706195239,17.94718586915901,3.221869703031431,15.935815150459138,123.51261511008659,1.2582732837085333,3.6399149413110656,106.87187780744992,流失
97.0348445027528,20.551521329323393,-0.19703243970745143,6.3747030881239555,131.4815144343124,-0.7675797849691788,1.1790956210951293,68.4774444051933,流失
69.04860421064805,41.906741460575546,0.627091738495854,18.054232279379146,399.5117897586636,0.43577307683517574,3.851123014220664,15.417570286000359,留存
90.81752686959646,38.9359059559729,0.7288129243176342,13.671810353438623,475.90220152037216,2.4459156797760557,4.386588340796041,9.537416935335717,留存
81.16729482305078,47.88959262580923,0.8481504599448545,10.516941382808586,433.412946807721,3.807640580885491,4.521816721581213,30.908789095881026,留存
83.2085918473054,42.439838475327996,-0.2684028279719004,4.479688311947594,336.84036250303285,2.0197124492621312,5.029997849129011,37.31244170632185,留存
57.49634047015261,5.770138805922366,1.346783292513941,6.164577567247024,73.25998423189799,2.5704314264669783,2.731895434834051,64.39470591553275,流失
68.7328762216728,10.867373706516403,4.121661448027794,14.212239080168462,95.98426645490869,1.584933126638896,1.1632764526524944,60.46676882623808,流失
115.71166906383506,36.02725524438619,0.4412686180860246,5.670571260107087,197.54019535042224,2.7817190138518013,4.454762705067598,20.014814887385178,留存
135.57050941922037,23.56036258346186,0.760318528792266,20.2515870301849,246.51323829046527,3.0131286181777024,3.431200181888532,29.168501274579736,留存
19.506089594093275,21.24437810294573,3.7317534851065672,1.5771312875175294,202.55235381474662,0.25504298039489715,3.2447078973481203,50.801064196931435,流失
95.9341363379068,19.96329926011903,0.043136557785236285,15.61349034372429,514.3484387852611,2.483793868643536,4.177518066350982,35.34207251882361,留存
122.39687858889144,34.17650525330602,0.4661198751740246,12.77404143926495,447.84876511486334,2.5160759882274215,3.4550823753787094,29.503834116913218,留存
110.15894085543383,33.603872377722425,0.7496636430273952,6.25336858585168,326.3190974569746,3.278029467578935,4.089798957506869,28.00304958950065,留存
72.12426060100422,43.89466961234231,1.046772222546736,17.242626392960197,281.82468264742107,2.3117925401687405,3.5828316475407798,23.615047464886914,留存
101.71565422471778,50.4077033908711,0.6734256573708856,9.67458308675031,237.2869005471831,3.885525204300973,2.8610674677663805,34.998606007475885,留存
22.24084779244326,12.530456633035483,-1.2192232033316195,6.679001910682397,249.14042635707997,0.1885058750759312,1.9639522513077283,113.96617216320826,流失
83.38452143734699,41.748322455955446,0.1787894936776755,18.704501629341095,501.1756445879286,2.2624175574425487,3.606182856289409,32.59988249555579,留存
88.99713916415172,6.719391732452868,5.001350309003899,10.14281261829701,244.67616217778482,0.36774536180373985,4.154181711440797,5.276650065243274,流失
90.69670656500334,27.94027454236857,-0.3157892378733349,11.083581105998434,315.9836176173211,1.8501770346925273,3.517284218939625,24.767614362873555,留存
79.87138680654432,16.412630933854846,0.6091715060475522,8.374635508859834,162.4925464717793,1.10818394628439,2.1168830162574075,62.22751236652338,流失
46.89507348147121,20.90149950092406,4.509306881068224,11.348553350872477,8.931875855092926,1.7011088264802336,1.0717793841738879,107.78200416014577,流失
81.97079110059589,34.27895971717804,0.46996403366080675,9.958931492091775,453.8812212756033,5.252344795981426,5.048295594668273,24.40288808917483,留存
115.22276552964125,39.19421197364965,-0.17303499329937044,21.335024993110316,185.08980474031978,2.5255695913502416,3.8704700155332263,-11.660212713826215,留存
106.15821539240689,18.27025632606736,4.420394330030236,9.162914995854951,48.15090704172533,0.9763812026368406,3.2956979354199962,94.43714891960582,流失
113.10328792055813,41.80828172501985,0.4991355541960034,17.833887344077723,395.8964443280298,3.998595109440341,4.174510104678701,8.123702642441458,留存
58.8489570067649,9.11481714006571,3.7466487952571756,8.339888246377548,185.56112741253122,1.430856380177594,2.834691594541883,44.76790676548469,流失
179.04105717924548,2.0072104284038375,0.47982956240201924,7.763603134008893,150.5021761237357,3.656849524329653,3.44765834452555,22.9180558714916,留存
112.5757197587704,33.7174149437864,0.954594968911032,16.30286603015243,301.25889332452203,4.16278539181887,3.5990388955879253,4.494517807890505,留存
94.76626823483129,10.12931112928348,-0.10772729455572949,11.938671173443064,288.54807967084434,2.838783394407564,4.49708438908059,11.449340113744855,留存
87.94171612844994,25.581899768728015,0.8124372563413222,13.671063315500868,344.2980748200164,2.343828352407463,3.9220428640805913,20.54368590984891,留存
76.86710271386605,6.86321785209611,3.7757803111567494,15.118446294940044,311.97795366528067,0.6936470426008872,1.866577778785595,57.12553537627181,流失
43.501097883807255,10.436033488628432,1.7246180143019052,13.925266060234968,254.05936034765952,0.993348050741133,2.875567063092034,31.403534208650086,流失
75.18281364463873,7.287746796810456,4.084271394393207,5.69579815695757,93.40479358219618,1.3783211630043237,1.8681844374277468,68.2855620156998,流失
56.63835825411883,15.342402699516976,6.040932388172937,10.011004922658069,169.78668902668002,1.2660193130633,1.4692798931659783,117.90244742552332,流失
135.46842902356286,32.839323746254344,-0.2311546818464062,14.959803724391941,265.6091507819015,1.7881457512814987,3.955132292586635,21.75930861852769,留存
93.01982496125089,-3.5360979722617945,2.319683188426144,2.2596394886088627,14.120593464943,0.33088009071870483,4.136891358134745,134.65603878037746,流失
109.08478906812289,7.212995345835592,5.327161152428726,9.075114567933966,53.142736033803686,2.2278429598969978,2.2296096597712944,131.35993333660508,流失
98.54935507079644,10.292792576812179,1.591367517702035,4.6313691624919215,201.48459416185239,2.0786548535629548,3.4188344120185628,83.61015569378624,流失
122.42683274945145,43.941341754951466,0.5171242572303798,15.553452852734427,436.2446423875159,3.028947520979279,3.8047783765173637,12.955467675965009,留存
101.86716696106521,22.20102702599,1.4962826496445305,14.633329988888,212.2510489265062,2.915824651193465,4.059902189263941,7.71829900888474,留存
139.44739630102225,37.434154624880435,1.0790966999261484,10.464331751188222,378.32755531125383,2.542253803011027,5.536141883548681,14.758261502940385,留存
89.86646575846595,40.54229836294264,0.44175453366390505,6.263473156838105,355.485759356301,3.690302928091935,3.962817950664409,21.68655989168269,留存
146.09045293261244,43.449691930084875,0.7909141476180892,7.87103064626542,446.9895671692924,2.8669810842256425,4.624073302316374,15.94130856560728,留存
121.38747186196504,28.105369791751567,0.0995683931333855,25.735492352715276,290.58574757925874,3.087776751521199,3.466928993121196,30.171199090776472,留存
138.31640809892065,43.15816577726325,0.24652542471075006,11.123652690123183,252.637032548055,4.019184853861646,4.543161461760641,34.963078894494856,留存
174.97081528094833,51.834607505416415,0.08741002178927343,8.632004994821088,437.7209807148872,2.554455746632955,4.010625730196004,3.1934004481290046,留存
65.37336073628582,57.50785597190935,0.5113275836148028,21.83014913638994,204.5046689184977,3.0037324092913726,3.867253789309283,-10.458649177388128,留存
100.43288000782545,28.885806297508992,-0.31196993058294575,8.619471631468855,409.8418643871022,2.9980830458700307,3.136085452692143,20.614293645143277,留存
84.21268562200255,43.67152905266517,1.4411617608838498,9.533136568264453,96.82605125244854,2.730059772378969,3.945448971232749,7.72611981985815,留存
121.23459379209493,42.989971535145024,-0.13312853950206538,15.737762929537174,252.97746669145917,4.454276431435467,4.393420961417658,2.31530084284309,留存
105.96847370347675,10.47228550590425,-0.2288568690236641,13.426368462307398,289.6099867629851,2.392737764626564,3.673363598806259,-1.2000094960409982,留存
66.71636274037606,26.39302806819085,4.115705548847332,11.711071564152704,166.1970254735403,2.5075775186458644,2.5951320530996487,115.63882098027761,流失
105.33308637299294,12.260855862144725,1.8304520271480063,11.743520291510288,253.82130873796737,0.8202363927961478,2.09217318666317,109.52347183617512,流失
51.770451602986114,24.55005788201942,5.146342021117099,6.579909959748672,54.713453465212666,1.4851922334268122,3.2805911558203524,123.5457417319524,流失
135.89317504845513,43.26301270429121,0.2964345122600466,13.374350008337853,297.91438884388566,2.2551131412519,4.7382589028378375,26.7419697796172,留存
126.41590141587591,9.434163495199678,0.35466230398339826,9.427493253271566,307.7026031611414,1.482406250106347,3.0308997746569846,137.12677064933143,流失
81.55858799890045,16.486278953019422,5.3358609337066305,10.11361653836126,193.9595123018105,0.8012211544126807,2.1822670609150063,52.76433707120464,流失
84.22257231072786,23.02587808002425,2.6745995166000838,4.465532369301304,121.14290243763895,2.589188803073572,3.2678387696587325,156.13252325696988,流失
67.0767934784458,30.54346343714586,2.48723764014024,5.844961498036157,292.79862053446567,0.8669917891602799,2.1410039225040576,89.5821848558544,流失
48.14552460542498,12.598914391536917,4.135743135652896,10.580399104803327,73.26596563253327,2.0021108258369664,2.8483631662422266,80.72603064643118,流失
96.27092092214707,3.083995173339874,2.834841786228818,7.3301492602758245,70.49675109299635,0.4619105316265467,1.5513885212084562,86.07126273626776,流失
127.77018477769953,28.66361223162804,1.589361695945861,27.178659297209446,372.6477715250645,3.6571982828397225,5.030826200568258,2.571198566921744,留存
74.19460918388147,19.804950738740573,7.530119151664982,12.635368627994898,179.5108401240145,1.4696123028810983,1.7745397359184625,110.17838893321215,流失
103.3376703895098,14.868237361891534,0.6558647656929882,13.019970326658395,215.537853489896,4.065406101794091,4.659255548370428,12.052654767112909,留存
97.10270404017656,57.87649500727093,1.3296602345812571,6.199736099235935,239.84160204512884,3.3605988992629756,3.627675076660651,28.990976163893272,留存
61.31232343839538,7.447317356157251,1.6687581897607264,15.263966077917523,78.54137731786464,1.2317581161452684,2.005778707108991,63.157490016759624,流失
115.71736541183019,12.423620197680346,2.2729770161759184,5.571762060661019,225.97274868899513,0.9653047077624063,1.9098231538468717,128.73796240476554,流失
73.1643545096839,20.585318540783696,2.756639322657042,8.461446304532911,41.3954442835668,0.7012212663276192,1.6264828943662484,125.17347168652395,流失
103.57341019393147,9.916907207099825,6.183130963961801,10.059897968921707,87.57461913820275,1.1115047371609479,2.3451319386372,136.54119220383387,流失
100.53119485691818,-1.1035672444339824,1.610142605374396,5.895041302531853,101.90251377080473,1.195236497940124,3.068266469340382,8.676181414452401,流失
59.81085463182167,23.621082667813617,-0.6524293665326857,12.477078695939188,174.40329982269597,0.8384637735211944,2.2197631103647986,81.07057591008956,流失
147.83268764542586,28.977512022731954,-0.08755200006857133,15.122885711365717,421.3032502217007,2.1427600444164336,3.803632325179537,41.15870598159836,留存
108.20740848621959,33.39784873721346,1.0286785071027453,5.8932489542892945,348.6017507165825,3.368073946571078,4.176938509591965,37.71646890807617,留存
106.23349572282689,24.19896249190828,1.6459258061102024,15.152926481013756,191.47329416029729,2.9346764777205885,2.865688162577259,23.28718007986021,留存
122.14822986801667,39.47116512259877,0.5041771322738168,15.590405499493949,286.3208175175756,1.2605925342538855,4.020073003430026,16.391230723089098,留存
129.64710697958034,39.130765032685446,1.3587040921109046,13.626077820999663,401.21121187164135,3.927171697201257,3.2611219314751967,12.441868396955448,留存
101.97234201239053,34.77690747633137,0.41014150623874385,15.883452671150883,365.2228081609669,1.7820021594436486,5.118648735970332,-4.615122942968831,留存
92.76729937576897,47.773773913923606,0.689890404377044,13.2485673030299,316.75259751622485,2.327540468815788,3.814501587084436,7.796730390359981,留存
126.31967070094537,60.17033186825419,0.4931240676845857,8.833152591449366,331.64624988092856,2.3451536470452266,3.115129607747956,22.8072112957705,留存
119.29051976220515,16.728404633273772,1.4405650690657077,14.546574899229556,100.50818955248317,0.9217621117164954,1.113526707875316,103.18429400551727,流失
111.70792550285998,30.620240699475303,1.115704232275569,16.608953612183374,201.40535270360883,2.819036476089096,4.073733669336153,5.847299470340673,留存
96.67747073402424,25.639622858776487,1.4813230920659362,13.803130287756312,444.0991493498029,2.8732166933613303,4.677167794389425,15.278197200716082,留存
95.54203126921257,31.49722618454456,-1.1597886576980387,8.32585708460841,323.2428603800263,2.1770984429756717,3.892829781520208,12.484116792603563,留存
140.2207413248944,27.786486127026016,2.5479194078148306,18.535841574543806,298.54990711881794,4.178986740634634,4.4623870669948325,37.830352625938225,留存
86.10216955739786,14.528736617413937,1.138573562856528,26.843582325973752,271.2263539266409,3.8209694439097612,4.242802269017032,-8.780142482841125,留存
95.79816030737898,14.075299685902054,3.891567644643206,-2.35900877863042,30.42023019043249,2.3033495835078326,1.511709379701367,-13.89582585653541,流失
123.89612001795443,14.523584729368274,-0.9826796096555053,12.681880726950006,360.79155485728654,3.3940335049674712,4.8179528862073004,48.37933567703955,留存
60.129866362850265,5.998599728132554,4.229702441858235,12.602496038851157,194.57221956326265,1.3659664108787288,3.2582370230663225,118.13393020944247,流失
79.2030044062741,26.629435069144105,0.700855648781556,12.725892247234118,224.4223997037971,3.714329902485639,4.199739822948834,13.424213379711944,留存
107.64514208025895,44.11883914067499,0.35057695673711947,4.947109358190522,332.75834721774964,3.750991621778006,4.255630141463322,8.778066820903161,留存
99.50897122990247,8.932989005647434,2.548916829202555,10.302996873266796,36.64468197924792,1.2078480226171653,2.7671459896243893,55.80573970687439,流失
78.5505267062089,60.57322548704145,0.2063977610113158,11.617860569603836,345.66659726899564,4.68133491115659,5.078767610187852,39.8764408415723,留存
97.54244541980118,37.798068645776254,1.1152547178715644,5.979386401441964,224.31888743174028,3.1166985632258033,4.6268842724297885,11.409287546521995,留存
93.34465352300103,4.141291832370182,-1.50561495186954,12.234066361395158,149.60389812304672,-0.2697881718317692,3.0893144319727712,134.62427065002743,流失
94.88088864957709,18.747679170468956,1.39433025869107,6.76034393901232,87.95241900084176,1.8311036648993693,2.196956420732758,74.84321167975239,流失
77.64568651111371,6.380331741408912,1.5571321441551336,7.772253154607755,157.82849229753185,1.64044235833229,3.125474650594857,69.1981622177585,流失
125.22604027077213,45.15394974703097,-0.16344995164462062,16.053387053960652,275.68455512850596,3.375404097976117,3.996151282691515,12.479244359102625,留存
127.78478163092538,25.63290355409486,0.7761114477232467,19.507942246111103,209.75616388384944,3.6600409565708283,4.719827474085213,14.527723914814516,留存
119.95718901210094,15.292459190612101,2.385887074217436,15.012778234047921,68.58269116038241,0.7887848686471024,1.7688772288031762,59.908293196916915,流失
125.30576655530908,19.88238134958187,1.438496064979459,-1.1639257534977006,185.04666252777696,-0.20085486844982148,2.6615729140938718,132.64764681265706,流失
73.4625244590649,18.26325595922576,5.905744722453434,3.692348090415437,5.666187632422492,1.0644064233542367,1.6805739071232784,78.0340084984578,流失
54.1888352555973,6.309515929561235,4.790297282794342,-1.0265721852759562,62.43158856499383,0.08892530541642563,3.038984390620415,68.89899955440362,流失
84.28682976119072,18.581506369917033,4.205764629572239,3.4426081033260347,130.92490110146468,-0.20657280256363397,2.7330755688913246,-57.66316988740729,流失
69.6596123617608,25.59458152340425,3.347058756305074,7.805023607661869,85.65501884408917,0.2993914080639486,2.733090492787017,76.47420324142328,流失
152.8135579058233,33.65590804249689,1.616352392470042,16.4433280827298,419.72120351038774,2.0616563600674835,5.040183484424567,-15.803500618854365,留存
118.20787290561047,39.72249763494196,0.15356054820930326,17.644169168748803,263.79016057080446,0.6607680995931271,4.371804712627991,33.85793856738694,留存
148.85704141542007,38.0831377973367,0.887761400179427,15.360641292378904,369.36922352576005,3.8042110316696447,4.310693330161188,52.907164459129575,留存
39.72230606599929,14.85931696233928,6.5271184219845875,5.614642609003393,136.7629058860815,1.4693728247744506,1.6879099709749563,54.725415807413114,流失
161.09413635577778,37.140684935886256,0.3793660200316581,6.704151562333644,149.48721221569429,2.5181394850128545,3.100450640581321,11.122209696527682,留存
95.40707280818017,4.572817507409427,3.3026561332258364,4.35549790723049,129.82888407109945,-0.2769514995656579,3.392912810344748,86.14407679461296,流失
60.25571863962525,11.110869398438789,1.3893739405269034,11.719508383387355,99.59249011604615,0.7349688347804705,2.313918374620748,129.6274466057337,流失
159.88091973643228,21.569855508349434,0.08852699154351001,17.87674773590603,339.75340286970567,5.321714752312437,5.33898042621738,15.446300720954078,留存
98.51597622146281,9.539756970305676,3.3211210192788965,8.2634410259832,299.6999134664469,1.4870755060750405,1.8270792967085718,126.48615523422106,流失
100.0441689460636,55.87337871456429,1.0955563785865126,10.118970486966033,182.70943642582765,2.914023058375577,4.415023186848518,15.694185483231234,留存
59.22985237878167,3.5780902826300256,5.592823934359373,8.25637281129286,184.72097730309963,0.08835713670635159,1.862730969931264,43.8031897272607,流失
13.549940360761326,6.564064497342648,3.8876770743096793,8.096967090062192,289.8831796090115,0.3703882425733117,1.7115729267206463,59.2417166942609,流失
126.70362858417049,42.743168319402244,-0.28436231677488155,10.760448436455546,189.99046590319364,2.0652182933127996,4.994426888497284,31.171839683510612,留存
51.615091479344485,17.77927334369959,4.145522113752916,6.8309678978395,170.51226185234944,2.8139908148778296,3.2443859607388204,32.61745251603759,流失
86.64689113828919,11.212661570334658,2.139970463562234,13.115945662642616,125.01734926961161,1.3569736890689446,2.298850598021205,-8.289248207040956,流失
92.51983378067598,14.640039613361191,5.182864833545448,9.44442143294573,22.10406994811919,-0.18747946719105557,2.187914012952255,40.06358239853401,流失
137.34594923361257,35.24117312079052,-1.7926639473812718,8.731114639092286,216.81922063838482,1.050465648862645,3.7337441079184983,40.229864563894665,留存
129.4829026638188,37.819617352898085,-0.04166833876133047,10.75842806448798,329.50445672486495,2.7214018064864316,3.708790274903182,18.427021534084616,留存
144.7793116931102,35.550270863676495,0.33107281593988536,17.43779002582682,210.72317571382078,2.4878210144936714,2.928268898616371,19.971626531062736,留存
73.91443118615128,26.34360844972336,2.663259447860592,6.088424663932811,279.1651808605542,0.6916018073598859,2.490966221787209,88.70639177858361,流失
71.33368565220736,9.917537783033556,6.216305382296671,7.344388359899318,40.719366706379134,2.1810243307341644,2.925705606268796,133.3337570994712,流失
167.17135899133922,37.00304091155168,1.8044951840930903,18.99470197699194,303.30417391314523,3.0179150778271278,3.915594445258061,15.862702520628002,留存
97.60956319809358,52.232497976365146,0.09856077885297015,14.557974628809232,595.1881228495774,4.160581176904671,3.940909614201844,44.85516100888147,留存
110.16231546178125,20.53498152159205,2.1169391818233643,13.988784675060586,220.98371380300333,0.290391703493457,2.2608053214617936,88.34568071192561,流失
95.45993249040552,22.36590916169386,1.1548296419481203,7.785051356187719,253.47182162491782,2.5036925227876754,3.775295288546854,11.432829894388387,留存
85.66834504628007,21.93576611932081,5.756377989219622,6.385090669352159,173.88955736626065,0.28057675143774063,2.0152688227004947,59.833804657855495,流失
140.83932535013736,26.83971703820309,2.1507564302309916,17.904442658459246,221.3749048814626,4.09756225042667,4.0628193501222665,31.687845821163585,留存
131.41939283835478,33.511545516765175,0.1747048439483725,18.498181384758656,441.37430047628436,2.977588136206124,4.499258912093927,28.728219493640605,留存
136.96985131695524,39.44437030831747,-1.7809342457973125,18.91628092022704,407.56934280298594,1.935046432467988,4.006758105087814,31.024984981496768,留存
84.19310124094896,21.102698642117105,2.3161048748646573,6.47574898735593,180.61817473245463,2.6724539001104874,3.425165190213814,108.32629023231306,流失
117.06773277619502,41.90787676694809,-0.3066905292397447,25.96638751530305,139.63562691274046,4.250309188897515,4.410456214866084,-4.078106768155944,留存
136.6710521861875,22.932148657533677,2.199192352254282,12.727491495782049,229.883577783639,3.196741260452603,3.9905384062562215,44.82287652481747,留存
126.08023967656749,10.483654818999938,4.1731515680315825,9.323290901194552,146.77347651217391,1.1663649856285516,2.4827503056890396,94.10520379370963,流失
100.11388171112795,43.55723616764644,-0.7853746673770663,9.52666730410321,378.5916086903764,3.8217021225148193,4.4323338407509265,50.505877823244376,留存
89.33706625742833,5.904133582990635,1.6536541694739464,2.750762112041718,191.12477446983357,0.8563255001933561,3.3553035488594394,60.464649217783624,流失
147.8285667184586,25.06419281445512,-0.3294760769172904,16.069711505394892,281.3184629534934,4.308805224450165,4.082997141059461,-6.114818434052648,留存
77.64478541276264,4.114638228798161,-2.124128546529187,13.096661122373188,55.264176269072166,1.980808451515005,2.857343149175915,166.68068289938344,流失
141.69737941251594,45.90565850394162,-0.5494068355802537,15.490197989767088,380.1907917128134,2.093747658516694,4.687406037432261,14.82327288605667,留存
38.13549920423862,13.905580151607907,0.5604210147297026,11.939362659990937,168.6900298923327,2.4003424237877145,1.8282582030590504,128.90904040341056,流失
135.57079787128336,23.38750338755387,4.2114792152457605,11.885182395168725,142.600795878955,0.4413918731135633,0.8700690773170745,45.292948483526665,流失
74.05997793990936,3.543530893367004,5.429354916728103,14.774426828146293,174.09383543099892,0.4648053491550016,1.3826666114503794,37.148045189324804,流失
90.32635079465345,10.841262034435754,3.5224804677220574,8.494717084780474,101.50219611314913,0.1161691861302272,2.451209450862912,51.958950650120556,流失
136.28817786014665,27.963954483155227,1.001622932735375,13.390739310446499,290.8813057132689,3.861927553596736,3.738462840916749,35.78245521922112,留存
133.73472063751998,27.475917159970862,0.9895229329361814,10.69233415908537,464.4243742897586,2.5478569824094173,3.9073590026562615,-0.07564802253652303,留存
33.060415867552265,22.549650797719757,-0.4021631325872468,10.821742986963432,89.54375971523037,1.1646913790654738,1.5810170974325597,136.6002301129618,流失
76.24899318975429,16.41722570538586,3.383678606993832,12.20876155104014,220.28496781386514,1.3541738747917866,2.4259722449105117,116.59802634156998,流失
175.7632328571796,61.70037596836583,-0.5563662160672662,14.048839463802723,334.1442622764403,1.3883104154445296,5.076981412928447,19.62708946584258,留存
134.12739190673855,52.308649874974776,-0.14554105559222774,19.00239919596026,111.40847270095188,1.9318657679958056,3.7390912611982303,9.127149864592484,留存
143.9531048365095,56.50866219988298,1.0842429973113432,21.274828643141568,285.5362005212434,2.92403362093536,4.355034366600281,27.872999157930003,留存
161.90591679156915,32.747267902768556,0.9439183416062917,16.1648237587246,230.1386746188635,2.5995687983496025,2.911678924166125,-4.5695233799988735,留存
145.90768067760297,34.713543454822215,1.1092662817019021,11.004924462932564,169.00169638440573,3.5594272545655827,5.357596791793378,53.2661803482272,留存
123.84421269036031,50.995139198845436,-0.4281550951323676,18.319820952123678,319.7431141568236,2.1508782967994233,4.3332348351160705,30.980258973455634,留存
121.55010566701301,28.346210802734007,0.9045048410024903,19.686645362170417,409.9172297350317,2.537401667160406,4.405179587953968,32.279355252357256,留存
122.71980399342522,42.537820109276375,0.039076358915880904,15.36020717993065,341.6276830952231,1.5642373801060243,3.217175827834268,14.273296510367505,留存
61.22580755491923,19.46863697467849,3.813040935936957,15.614537082267184,313.8915055333559,1.5702740632558165,3.7609007659285245,123.9874488015985,流失
70.34644940653666,2.620909073717142,4.604050472981986,3.8373542453431195,171.4977115497544,0.8856747058350746,1.88810421200824,26.663544554526467,流失
83.06187902621011,22.83797396521472,0.05698870612090534,10.241039445331939,185.12469286962985,1.8281238863597857,2.2621414305963348,-0.8152908119298985,流失
109.55681126648847,20.79107542393837,2.4455477787907434,7.647580479099291,119.72979402181991,1.9636148895411658,1.608557132294774,96.44456565255913,流失
35.109530882776056,21.271634231660975,0.9162256494405543,17.73144858454491,287.78146422312017,2.89524045104405,3.628005925958073,13.099034158016654,留存
50.81119761957541,12.813966333778554,6.787076398818021,1.8997581172645361,259.39436594089034,0.2915279362227008,1.0758906016833227,123.80772398342114,流失
78.4257487430666,19.048634610023928,-0.23166719825464588,5.962572255506474,8.369718137557982,-0.4007945321323423,1.600554074942917,31.79301918065108,流失
90.51308903209053,14.050759821212653,2.941721123775363,7.225522193223587,92.20592018230276,1.679225024204076,1.9161152144493028,87.2864381777848,流失
79.82797667498666,9.842486869554854,2.5800184958167165,11.789710289255382,163.58302175197554,2.4918146534749965,2.5978473527903407,22.28805195403754,流失
166.93725336599002,24.689094816108042,-0.7133263429738044,18.878975559888758,221.26843777684064,4.317554870565874,4.83227529440212,10.289185143701246,留存
108.43736081514555,39.781082801634895,0.7605464750701811,14.440953588321133,542.5762998054919,3.5359553424434758,3.7996170372738574,29.35457633051014,留存
118.55805468678557,34.71241194835453,0.8312923738334042,17.935567243278207,218.14552102081944,3.229272954126752,3.706739886691191,5.522403427927744,留存
88.03088689736057,11.635930613037917,5.6926278245013275,1.0050958197698003,212.37887021642317,1.4081671951670354,2.8482987738143826,28.449119392461533,流失
78.51262583798821,21.074499071298355,4.130923064544829,9.254842319845649,133.22354227049496,0.9964803443910679,2.6179752284663325,65.87563390266232,流失
80.76212011685728,7.824595369177007,4.944915475059132,6.031628145471214,203.26168486699808,1.4749797711101962,2.5171312515959032,68.58305916179135,流失
111.55453862188683,55.52863097509494,1.4339603343013287,18.32582821971189,264.2036976770816,4.442134262708794,5.043074152845163,9.467097576640908,留存
66.96850768375523,14.161552970234514,5.431551474244108,12.212248959022752,135.465371119344,0.6786520609401357,1.8786918720464054,135.17843665206718,流失
95.53100980330854,5.43940369326475,3.503957636015274,15.205565657101182,170.17509266339468,0.7837762717944992,1.3638769583251416,2.7739106106191826,流失
105.4346444610169,36.76922126458158,0.340395835704567,22.95240813036429,107.54061213680316,2.9560063256974676,3.6903972911608953,41.00404723269688,留存
81.29842522652527,46.94537732526791,-0.48487444741261587,10.047125058958962,367.9968664797832,4.312728371138547,4.546806213093154,42.41088374971085,留存
80.34131034209017,34.26060659492904,-0.04327789085556555,29.60245202210306,468.29248645598716,1.8523536011345643,5.12035286669441,27.78176968367665,留存
70.0705030641368,1.2455679502057748,4.704456869897754,10.160608289403903,60.46705325548419,0.7169454734233724,3.1606844636961036,62.38319489702624,流失
114.34118929252324,23.85554303353704,4.0416842229917975,9.702147170784112,144.95979592347157,2.042606235730874,2.6180538356439156,66.48923539635881,流失
68.10206733349551,17.500734853193613,1.1240989428485584,11.169654141139775,-1.7589848399215668,1.2492755532669508,2.1647758126762464,122.58143388921569,流失
68.68672949615521,31.41006407924365,-0.031544956027465876,12.814838538352681,407.3841827951602,3.082737922254879,3.4058973884194494,52.88203565378283,留存
122.84384879028214,28.582589770099148,0.019624146877441073,9.941895840434677,528.679762249385,4.1451880569815645,5.966747774432078,40.71104618958647,留存
80.14826245244613,13.637620193903349,2.466990811240935,8.763441230610137,147.47560000394697,1.1862029693512033,3.6513618114555433,93.45469571067434,流失
102.72649711970973,50.725922115081104,-0.5265940537167797,15.44737760932096,358.022324965239,2.420950273518863,4.152858391506724,27.984556652575783,留存
100.37161872110258,32.65718281651815,1.5622879420065725,14.866594330807933,352.4476509650735,2.143991514053809,4.668117678719727,40.22333850585497,留存
111.46583351257935,3.0685225453776717,7.3125652322542845,10.438843022546845,175.80727474104873,-0.6358901564244535,2.9484049841132554,108.27467134966196,流失
118.51580594029083,25.220286812919554,-0.05403596495115215,19.47418344072284,278.75193648130113,2.133484088991113,3.749708054978063,15.492539159668905,留存
164.2051156508976,38.545967355480144,1.0539596744353719,14.28726381069296,298.4312540241538,3.6401133507918124,4.325326585470204,29.882629765572236,留存
105.00568973932782,31.184514768344016,1.0774561849824442,13.347772677001355,356.84752117493576,3.5197665619892278,4.624689792382891,21.57925321162455,留存
170.98259977205072,46.159579452397864,0.5644814392126504,24.202825590530576,243.23152719243436,4.56253241354781,3.207748598950311,24.164619913016345,留存
164.13973010147882,58.52937643151355,0.5680425766587901,16.146752136813685,305.5243510575909,2.3065634572279907,4.073527485252858,17.4675170273072,留存
87.21041178446988,0.13142201440630608,1.7600220382872092,3.994577689579409,55.480459554302556,0.38782604870969883,3.9549022176284545,70.38299461398583,流失
93.93575718678136,7.136626192651848,2.70781192409785,8.527760963700612,118.05092069461955,1.395571794680995,3.2553217531384653,71.04500995274532,流失
81.54023465943276,23.84296599988538,4.337483828909476,7.574568010280811,233.65623135719727,0.8089557307143314,2.8622491146440567,108.77063416525004,流失
53.05329767659222,-3.089290742163035,5.561498832705137,9.467000167809054,266.998097311534,1.6999704582348676,1.54643481068394,75.33403012443773,流失
74.89813668027855,9.758260701486053,7.638649375612173,12.92240711706167,96.21049082484787,0.06352844720818407,1.03383502963474,94.8137795779727,流失
55.50371903083548,10.790939375208087,3.1433686381982406,11.38767556875131,187.28972953998908,0.46376667946869155,2.568716756519587,87.35717305086386,流失
108.6670207982283,29.079026094373468,0.45935712169407517,15.218139855496789,552.4326967559671,5.150730688496051,4.6237740336601325,22.303775000519433,留存
103.37355141939469,18.077714818992845,0.570941853380124,13.923995695908257,491.9000555302682,2.7372045230528976,3.9741302722555307,-0.1767899666508015,留存
171.32119958501008,28.282370495659553,1.0131358150933734,16.154787255277242,337.50528103451006,3.203938689426556,4.725069573926692,9.921991070106873,留存
74.12541294889843,15.799912617443098,2.463710958571241,9.035311573488084,187.12228313445456,0.6492653424534308,2.829981071318524,86.44349475708727,流失
102.30884116466312,60.707828349532036,-0.1978192761083175,11.41396818099271,375.43503330210297,4.525470421693245,4.2191025354513245,19.756515837787795,留存
87.8982751957331,16.82795360851279,2.8926714512600586,8.442686438523035,252.93241124382777,1.636300469422944,2.486738219603244,26.13565492442376,流失
102.66253422082717,38.353470064658914,0.9216413514100894,12.617610794229723,371.83932583473455,1.893877566406497,4.229346658810482,22.00283762383042,留存
83.42174044854464,8.493501788484217,2.3592613703617222,3.6541993034044387,217.3181215573369,0.3629240521950272,2.270641242779217,108.08446397956541,流失
81.13333794154664,10.069975050276728,5.193908616671193,13.379552408155725,314.5839381829077,1.701585331837467,4.5157664619010465,71.10609246521929,流失
116.19610877637882,45.44721199235599,0.2647566688643742,13.4205949757531,367.707208884533,2.052671477686265,4.505114390957553,14.202304321791296,留存
107.00418751997235,41.85615258482241,0.8115520141736255,13.691662558771794,237.20539185560045,2.647954644628316,4.933903870631248,32.989779994432936,留存
22.880584106336315,11.734042079561096,3.8075523604413863,8.832339457022945,120.14050739311227,1.9001719801307086,1.682985545932964,136.85752699410023,流失
77.01405293407329,17.783670050067535,5.699349618788433,12.944946824435075,249.38550940838147,1.8213217945539524,3.609608316008636,33.0308828087055,流失
49.19896833097921,13.953040326671449,5.856136480562532,7.479775454251424,261.62888574266367,1.9048161472445213,1.4183029435389156,28.4146196865889,流失
164.5659218705351,26.777988560403074,0.7345244447997546,22.468971739340628,364.33077805035646,5.414950633712375,4.6617221486968194,29.384004943369618,留存
52.60018913955493,28.037588874755055,5.478825313965539,5.984878204220838,154.30281007066165,0.9184362165954187,1.8889210698128327,121.94599577894157,流失
71.95679842566396,43.1584999704537,0.19536331693149184,14.84322356311987,425.1032968455755,3.5015982477225656,3.1842553725331575,14.088314374262982,留存
151.2317941482992,38.57494024454664,1.3513930361388211,7.240462809337823,252.1913469802607,3.0208817295214656,4.947560674986219,12.714718344693477,留存
147.90217377906694,36.415781241116235,0.6818758917692678,24.83495441185333,306.4455083227994,2.7487971871406414,4.829767676982106,29.006014239366586,留存
66.11058082804487,9.088843195130826,5.997174958433007,9.580722478293424,170.69681284465017,0.4047336044011429,2.660932470649213,47.24518721754397,流失
60.87597551720377,18.06387250838878,-1.6617938066892637,19.10619384840194,226.38777056096683,5.63338996572831,4.1306943413249035,23.999489186941243,留存
111.73654603905572,40.161250834810794,-0.654731549006841,9.903579424950651,229.28194609400467,2.3354938632304694,3.224712189822992,26.78256120937069,留存
110.97784021399904,22.118254852164227,1.3838210944446545,9.536857527859958,171.10424655040794,2.492715835333662,4.329822891707499,2.817151707443035,留存
100.38723330749193,1.0001363273172377,5.094356696816671,5.597183458797232,191.29458898429968,0.5421615102085162,1.8631609199726125,110.87477250969371,流失
74.12716299262998,22.375208577757693,0.03320963005490912,13.21999293136043,298.7411221352093,3.561471977871757,3.7041157692357007,14.389338134080058,留存
115.77285202494312,3.6180297196049853,3.8951907645199983,14.436856578535997,69.17623003318532,0.7731528417991276,2.19366913154483,50.235441395754215,流失
145.2557646812561,44.42460580632019,1.3544906308023106,7.541391557731848,285.62736381919575,1.3663357052796714,3.615240416667578,-10.297133127551142,留存
86.799853113534,-3.909065836657655,2.3839616490164564,9.800463363660793,106.73594466355462,0.14577772965630875,3.0270617958345616,69.94751319038033,流失
86.59097502102823,6.438658757468113,5.601677090873418,11.419965628890925,206.28222773812024,3.230047288524829,1.7809593034213893,227.498672059932,流失
73.69217434673885,29.97703796233605,1.1547270347452145,10.331511544342014,364.0826684094971,3.1842084426511423,3.579372370702241,60.558127888838385,留存
91.39319036240117,12.064535054876687,5.959340652779511,8.463096984222165,126.43765572675733,2.3766582981583526,3.081925707995354,110.1424010024693,流失
109.79377813894996,1.2871433406126602,4.393033533422638,7.595225930929531,40.93002623496565,0.9269951837429657,4.051153704508572,118.29429820447109,流失
85.72073397947423,1.5355442927925207,3.0531054481212627,6.45030959952161,230.59073023662302,-0.4928328930656767,2.8180992746978966,81.7730173746188,流失
138.13916653648667,53.26896433351215,0.4868533526393929,15.65978073698123,316.9388983165416,3.0805928859806317,3.469651726544573,28.11846731016201,留存
64.66533739466189,22.069981259373474,3.2541954080882283,5.366125392258249,173.48529071156509,0.41513697408566785,1.969756822688573,99.25097818598874,流失
120.73654621662686,0.39254572735854154,-0.5750481860448069,8.832127987527096,75.8848880435374,1.7743913130466362,1.8617115449106167,119.69098917759486,流失
97.22279554492496,5.626755121616083,6.308432323350276,13.141535426097157,38.159816381014366,0.2804676210442417,1.8787103354868733,57.19560595998014,流失
100.33184079461637,18.382342480604876,-0.3559686862840661,12.414143615219334,408.9937788201805,2.9793864740760996,3.2654766571102307,12.675084847995851,留存
117.73522885660991,21.618512476814363,0.0016761417492912045,11.889782627789732,271.5050907303421,2.824710708872346,4.174028637072234,29.961807252018474,留存
58.22793197832513,6.455104340333063,3.9063066612113175,8.545246348648442,59.5915556754654,1.2728147707773034,3.480849626915961,75.26199774138202,流失
31.764586849750167,24.43132332364405,4.127560746322229,10.05286939028651,108.67848528995172,1.8202884017764682,2.486095413662688,69.15799321856491,流失
117.97287216634057,27.828986312143613,0.6919772724421422,16.98723328776381,289.1898657936464,2.110343516453859,3.700629944013836,40.78333373325461,留存
149.92389427158676,13.809786884806673,-0.3196987668310144,6.3656715281019505,412.6909684703219,1.3788722821537516,3.136462594767968,8.208040457260893,留存
63.75877835051002,21.593700332780507,4.199115308368379,13.441384620202392,104.7354031011669,3.147116624042834,1.9861852069513097,87.31830653570891,流失
166.4423266449259,36.56667025820072,1.0565659327518775,8.504852584739368,330.52446480541334,1.5078480426866883,3.8498372621378896,28.399463604137257,留存
97.4740374863085,26.471223235882476,1.2626838903378892,12.509364198924539,285.9118377493304,1.6403804527283339,3.545336060341888,39.280552415565886,留存
39.69063239922623,30.633981625360803,3.739358099731895,8.52362396062147,70.10192570050566,1.6907325617986986,2.3312644717620175,96.91737727380811,流失
86.44630957295611,-2.8769724304094293,3.9303897803417893,3.8698038587824364,188.94621024888812,1.0587535574269875,3.2375120438525062,67.83381403515195,流失
78.8472618263044,-3.120565923722614,3.202907435719125,15.429136752511102,128.56670549178097,0.496812375418172,1.7815602599157967,133.69855088650593,流失
168.07832315637458,26.41456361794924,0.371853147011993,25.86219310779414,182.46523638485593,2.9353409559408177,4.270140319977786,30.154191865784014,留存
71.03269231813894,51.80481495692366,0.01677416764367634,12.266209259939732,164.31758494467627,2.6441709211069524,3.3340930385198573,25.093563902040767,留存
94.0643542591213,6.9838678022692475,4.176050994500989,13.422457509495857,246.26895868465525,0.28332708825774755,1.6345266973012371,24.038588136377676,流失
116.36322172443467,13.70065370198214,1.652881358637004,8.559789565295397,177.3820113168461,1.8553102512560145,3.60384124255033,55.14466213009058,流失
154.26004914247048,56.62843000363076,1.0671745917895983,20.635429127761167,310.06907388599075,1.9339718332854892,4.044422178764402,9.36290185048557,留存
61.34039412513026,35.69800575112815,0.026931186558103004,14.842424704097638,331.66108848522936,4.419346232227513,3.5767184122092845,14.075708779061436,留存
52.58895890147468,14.253348558742188,6.416399717626531,6.250653570459145,141.55765130144604,0.8861909143805602,2.8698766526982187,49.31800345225582,流失
163.414374836108,7.994833112950232,0.5060023795853504,15.199953237320537,177.97148158603827,1.5445440631486473,3.96175233587431,21.822096682583904,留存
63.293860300532124,46.751215264419876,0.24077327132386295,19.653443169560187,304.0390126778545,2.0896376725668278,4.95861261930188,25.825732653577923,留存
164.2661686250583,33.782559495023285,0.21310404050955856,17.045146990062477,375.4598423931993,3.812190747668864,4.548520415653056,24.778141454959346,留存
74.8703672073683,22.123957205679076,-0.02623741567697202,17.02302017521501,384.48629037751897,1.9896661497635615,6.244830423507596,16.038005037336948,留存
103.2645643423969,29.88254583755419,1.5906446407506223,10.83145422020683,364.0274948513402,1.634855497654047,4.278827900951019,-6.092392996773768,留存
165.87558370412103,35.214860620485574,-0.06797221922698471,6.614255612502827,233.3290108258401,6.1671901440133325,4.663681854058965,-2.434062669110766,留存
80.52234017873914,9.011162896723452,3.84963469982911,12.967364620632862,160.29523218529292,0.8217034703973223,1.8725942512235165,77.4718186219105,流失
120.9173264404073,29.379088250981564,1.0455750883947799,13.510372955215033,483.6572634028904,5.276079017827666,4.434503584913644,-7.339190548534038,留存
112.18130606585291,51.08124716968001,1.462968428316079,6.153192993316782,453.63451472193685,3.7680946961831205,4.776302313046075,4.51786850064733,留存
72.23885336897582,9.609685814619205,2.6682511652061827,11.950052201937847,-62.769927035423734,0.7388053304572075,1.459607676879825,66.52345528529263,流失
72.98400190718488,32.35193697453556,-0.7001872348026064,10.29187598576502,168.4355232179517,1.7517781102095822,3.963807312953003,29.04255478916762,留存
100.44150663433366,41.179302274519166,0.8380989740537391,16.35478299620367,452.0934728585721,1.3743141454013508,4.167695356162831,20.25443224332498,留存
73.2746667787948,1.681698506712026,4.404338753116509,18.348792971355067,212.71762609903925,0.850193693424224,1.3009400688837103,143.00982427076383,流失
75.07331243473841,15.00975597697802,2.0907276080807344,4.843432720780304,240.87327434127903,2.751814610589352,1.7638047752786974,-6.227430384615246,流失
96.03663831905244,36.66809167796072,0.8473136192074542,14.395565641436129,318.4961927085495,3.343715274253716,4.993997955806408,34.340149064444134,留存
86.32120628077313,7.368763692797407,-2.2549240668403012,8.853784303956793,199.78846385670982,2.2057026466087795,3.2657299521779213,165.90132531119943,流失
106.59750683323816,21.54476124653268,2.906431124517633,6.788030504508701,129.03739624109477,1.893011489302178,2.3555202441910974,46.860737608519514,流失
135.13487030565918,62.4574273094538,0.5177519508853501,11.790095132272592,308.73803125529616,2.6072485620464776,3.664516148901701,47.761604690180235,留存
103.91716972745402,18.07705721848839,1.0416710082723082,19.0455716647753,215.09387038737583,3.6096077271513876,3.975742710019339,26.85953149419878,留存
93.81308082166154,19.68548984553317,2.7820899213015813,0.20047503062973338,59.94983103545344,2.4671617333371785,2.6780286729115916,127.14114144034829,流失
56.831524054991064,26.83905264106303,1.6798564872620794,6.33294689111336,114.32965310185378,-0.10920693968414663,2.157887837453131,77.33189498137105,流失
159.59989345559018,43.5023479201173,0.6019080798615982,6.9850321864464515,363.22213684855,4.850083344877236,4.824209772403943,12.118985378933768,留存
76.84027365958822,22.48305841295552,3.7671864871305143,2.7826730043521257,213.41623597233877,0.6703574222474179,2.2710225217122186,77.65235388282741,流失
120.68597423069905,-0.833111537661047,4.890150216122091,4.327894230961714,128.22212926152392,1.176856767708191,2.6858480358898564,27.336584563878972,流失
68.70080379516813,6.0399023839264325,4.970751109908971,10.798266459406175,125.94768549410222,2.1473251834578617,4.528538913022775,13.804928445838101,流失
104.65281353591158,15.136943324433496,3.5012697057680304,10.613074414834463,148.05471561807863,0.7620792457901744,2.689173340744835,-3.146276654330009,流失
93.16457447907538,11.268931541360805,4.618542005494978,10.23130102899956,91.87066400519228,0.9725927563436254,2.6808984308386172,113.68383871593744,流失
193.75159988482997,22.27980321888688,0.38112839203404575,15.73883474733237,338.21992119201224,3.1179250768033184,5.273482438056708,15.38083915512437,留存
76.26393555647917,18.88623864356565,5.3824438634293,12.125702750576593,356.9826056338569,1.5126633745594977,1.0958240204792367,27.927690610786144,流失
111.76471777131692,34.51421588885276,1.5460271042540303,13.15511674243315,293.5068771728694,1.5796648672345266,3.5471545963713798,0.032610222610394146,留存
139.27722867463984,34.27678062795421,1.6243429452287435,12.640102811013138,370.30633962107436,3.540868445211916,4.5588166441983775,11.179381307761243,留存
86.08899837403723,64.8783104229865,1.66818254379117,18.230701303010463,232.7885048762459,2.661340812210632,3.5722502820713897,24.697155883065324,留存
92.86892244409563,11.224160000844236,0.984474082876543,4.838398069087219,276.82906977429707,1.1798875219633087,3.6208016451593252,31.082689814164226,流失
121.38547806570824,39.75140548161312,0.01312842723987273,10.324275008056658,426.1145522217404,4.4129175737918525,3.928854880855679,9.699454925152347,留存
71.93235250328908,-6.357503053075838,4.629028884988142,2.5156192550556504,286.69532304751556,0.23146315129271877,1.6113531009955646,43.61382607917407,流失
118.15768967251238,9.964879754862402,4.434165483018384,7.686002378012244,210.05377843467033,0.9193088217876351,1.8235812867316974,52.12743038305328,流失
142.69243644157334,38.08977309606947,0.5642654092153807,11.233742076704793,191.89021520628103,2.022464306502519,4.458831071040314,-17.956076328929896,留存
125.89406253087782,50.38042812488233,0.3373659959352884,4.322215857338353,248.85771613463373,2.5757087203675417,4.039151334668701,9.922032385706007,留存
91.71114332197016,-1.6100805562628757,3.707090281653803,7.310797135575852,117.3754421962237,-0.43938537562762225,2.544711423631999,167.2326019881674,流失
108.3296353518127,8.763666904410279,4.148567249645095,2.626166208236609,63.95134019151973,-0.4858386357896476,0.6212754969552641,175.21125480914674,流失
87.61201272559263,-1.8252585568204385,3.0339146739561333,0.8775188514143295,17.46092366843976,2.5914235542180624,1.9211882418545634,96.37941831534393,流失
154.55467686658142,56.44768526078441,-0.9165249373309532,17.7698446284097,385.88606970146634,4.397918914591765,4.19228137082001,-0.0264676932663086,留存
90.09543484619687,15.03633841081733,2.631852241928746,1.3581146807865032,179.03875197904875,0.9573476205398945,3.490315360993887,78.61389558545352,流失
97.79291968515113,31.59296944478826,-0.708128142455259,20.398490917382784,381.20380720416847,3.7510727195414564,5.098497429548072,13.372233657485356,留存
89.80889210957984,35.101970811920424,0.12729772417620144,26.918376903691012,342.8014475765899,0.6659611827110323,4.215726927780957,30.676229599628144,留存
65.7953160647944,56.22200558457372,1.2294399571285966,10.235697515970735,381.3938574523824,3.3618339101777726,5.134426199258547,37.77972014898107,留存
58.502376670562995,-4.617952352940829,1.2703950265057067,18.35858539334218,156.06518141258596,1.4449344790115661,2.5898574949088893,103.7422055536047,流失
130.02105386869474,28.759199605931034,0.8773891315803384,7.8180229542743,284.2314558807788,1.8846812692540496,4.244023758800801,27.443058485461155,留存
44.37077346553944,20.07882795263234,4.362419113669944,11.659752899507616,115.2296173694179,1.0441802870400674,0.6735715021638191,114.09173801202692,流失
58.72305955810451,14.213696997555667,5.335119620906045,1.1806256786563853,106.19668828439158,0.9634161033033574,2.3315376307704394,154.17502507587255,流失
130.93733088083275,32.78162843290306,0.24749291663284867,22.93687833473333,243.41327680251845,1.4076272211383944,4.516886644936207,28.986376506724316,留存
121.9618446130486,44.88140786017345,-0.6575668172366507,6.596060512238385,164.97819030879134,3.286716264556019,4.899074150044527,16.35379746534089,留存
147.45665887513263,21.138071771828315,1.314576343387567,17.77325469606579,198.27450997762753,3.7454953375768243,5.359039802801856,16.15701079503204,留存
108.89440641824167,37.316727459651716,1.5106091378649207,19.02419420585742,204.213460457132,3.7594137742218154,3.571283396610368,6.689862384299289,留存
95.78437291991484,24.55506259786771,-0.7607108228460087,20.025566122125433,329.84759569068916,1.2124470058556753,3.822611754477111,28.166145962864206,留存
93.58905859900216,49.71053671495535,-0.20526993041098707,9.45234821472041,372.7179315803558,2.7814034536824637,3.4495555794749686,5.935268865008334,留存
144.45904267980612,58.925086084487106,0.2075109448047447,13.999662971980893,245.73030125956248,2.2897194447233913,4.069521328178181,19.25958999935233,留存
145.7072117455299,31.03979643887456,0.6820562262520781,19.221747936458,180.86396490836995,2.2349102116070387,4.83566930365561,24.733585982906263,留存
93.3849345328499,34.98998884009066,0.3055647498842023,24.289670726807216,250.02017253927042,2.1281407796519263,4.135718875032158,-4.68271048921833,留存
61.98084383628801,20.567997286332954,4.371128950807343,5.04281025455782,176.00613945482155,1.0709705330606392,3.7912916128754235,109.94365193002263,流失
96.20238255958347,28.219815851894936,1.3643525568903105,11.512504047915693,373.57751900383704,2.703627324302393,4.232071299456382,12.687997618115233,留存
64.38273419473074,9.56743604392154,1.523915475498082,10.307052147222782,216.1971268017068,0.762536235111313,3.8768832772825608,60.2241572766894,流失
107.42633556187695,21.64616307234513,0.9972459397499152,6.740225958025734,148.2315765514091,1.3521305555804073,4.223381926484282,24.438847175872766,流失
118.36587248706866,63.09489238562381,1.4600364425364882,5.265157021308873,313.9957589704526,3.859630094362937,5.131021795798662,10.999892923180271,留存
128.06519170675344,47.97886926996408,1.120145463295737,16.50873840870775,377.34489466366705,3.3431152797060935,4.074029680930655,19.014906134054748,留存
149.3072980024952,42.99343024838544,-0.5880925707390912,15.601848831384093,289.92028313483644,3.15466707007445,4.358863669794235,30.80671164883832,留存
126.94583490901421,34.49652154430271,0.9160840659825152,9.013805803501842,152.5754346151534,3.5338190112628,4.516918034200388,-2.10927887527869,留存
178.17554102137973,25.026456102345335,0.5891878537208622,22.119418450780337,136.12063829201682,3.704864276814403,4.729104895076799,13.589875817243218,留存
162.6821540265996,55.87936457648708,0.07852333287869856,16.69754006743504,306.90272234907854,1.172871060425867,4.733640617906662,29.578693387506313,留存
73.64030232242511,15.596980035427471,3.6735177716584917,8.065048138756458,139.2820940278971,0.3682866090398652,2.4705175300019113,86.08167243061098,流失
78.8960476302183,12.760959751884744,8.216581881732278,10.218600233957396,195.14201685192262,1.4399849622100613,4.481124985108211,92.31413774506811,流失
62.69542248709216,16.744568905824785,5.880378244826869,6.880027724768726,170.6775650618109,0.9567199089446808,1.9085833035012185,64.7599908772778,流失
108.1844839163063,42.32817882337291,1.496020508578652,18.24776444725141,279.54181887295755,2.545448148586319,3.489337159318148,18.407959124413786,留存
160.0124714588255,40.79338970635329,0.1412198152088675,19.929019551721513,206.8601000994048,1.3945663336641647,3.239951117391213,20.29479502772811,留存
65.69447104314263,20.57235176136506,5.613659218397427,5.063267346172567,120.48539272207756,1.746172864743314,1.7809134623139022,95.76459897658437,流失
85.36931796229622,15.329913392118446,2.3667900921116325,6.372146210395456,204.7363525704533,0.9386932784499289,2.100227462667435,63.81880945808762,流失
119.2529194091154,62.96828290619513,0.28300420998660014,18.084983904795376,149.2047085721846,2.357675282500572,3.7298524167830296,36.60740569153494,留存
116.90557511236645,19.204607164522294,3.528153642662862,4.104463255530344,118.4485518265935,1.1870101584298318,1.2405093141411427,98.93969741680108,流失
60.18408140131753,7.666169711385999,9.272657762435042,12.889316822209606,155.42255657372218,-0.11523650892388004,2.6056893864865,137.4259314167467,流失
60.16478372417956,8.884079169994902,4.385519160777617,5.352579622545234,201.37317479905838,0.907589890975383,1.8156386305848797,100.55276895105561,流失
90.91664625406246,2.7957202344055467,0.690694165439901,2.726261475341511,179.6306110404026,-0.36405043417720573,3.3367955655672126,25.59489526366852,流失
75.27304480337821,13.454018462576997,4.181745494423579,5.362158485901638,105.35525117461864,2.495791265907451,2.3712178345081827,49.83679541067164,流失
64.15496509634922,18.07316941224886,3.915599565515353,12.340899094271112,152.4992898382358,0.09686503210082664,2.1049972865107476,102.04623901032897,流失
127.12424281038291,26.734580218201113,4.772758657084611,11.241116481205244,250.47567723506558,1.6865295435457905,1.6121016172089448,43.91828874801954,流失
122.07048931060899,20.10300105324422,3.437618327387924,12.08418282717101,111.97259659688956,0.6591462133043032,2.387229171749999,98.3734769914259,流失
111.58980877972259,55.07000691889965,0.17141688801802824,19.495048032339568,229.3936136016809,2.832083940332232,3.952432294477902,11.413945317030064,留存
69.3279858082324,0.4104490666803926,1.9906900662220128,8.671391344311132,120.56494984477607,1.0692796394016826,2.1916153121358604,82.30081691866546,流失
99.56364294986807,27.368423618400122,0.5279433070038232,7.814231050943951,324.57283918196964,3.540476196019135,3.4811386087233456,22.922148469664364,留存
145.9539627347995,20.549649911289492,1.2570684502917708,22.792026113030843,312.476119133877,2.045018133556118,4.304138505303381,1.9432201070657058,留存
175.16793415298986,13.504388530747367,3.999026298757466,10.199841300352118,145.4443348289286,0.6573410244874162,2.6575318419256355,63.17633862239839,流失
93.35297029846393,18.600075798127513,2.047262374559071,9.473307994618578,124.61720673128929,2.4371576125719416,4.004370280118544,51.626030166926355,流失
93.58796373410055,20.200388076004437,8.843771746986612,8.086571845368697,151.23860116398507,0.7097623708310703,2.588869134157559,79.94189604888575,流失
98.98576680795813,26.92315210478733,0.7813100538662866,29.37894942047331,491.8898084553338,3.4265228983224314,4.355184701521396,4.000319823635433,留存
62.36216976749596,25.967407186813066,0.3532920129816708,17.839351811687706,98.9342674719123,1.8515853253634715,3.7496310455950943,9.617938285482749,留存
89.73439499687152,26.734807460922426,3.533183838728856,11.799941669550336,186.22777976718552,1.5207273716975285,2.324198651313909,50.54359958167615,流失
86.3277251459547,40.06529788679531,0.9161336709834775,15.03560684407607,282.0059344615856,3.393443047283398,4.962893438930477,-11.296006504455871,留存
53.317789664932334,-9.584121598976573,2.1100718465571573,8.622352855459498,193.85821758008106,0.4760048052046937,2.8213223389757096,114.75706249138022,流失
119.29568768433663,47.52581294752908,0.5422497619954109,15.557265986076361,371.3490955039512,4.403154849034468,4.099279762811332,44.29114675840784,留存
171.38465159598275,22.862637719772593,-0.1442860773200646,16.2225439452758,393.1710750410442,3.9021997058040734,5.117766176498755,26.632155188134508,留存
52.30758304949964,43.6877301091539,0.5002629789345052,19.79709793366513,371.64553793160366,2.7789513173318223,4.05365535452466,36.91690185775685,留存
63.99325736658788,15.773043296062815,2.0037410597043026,3.902512545250252,-71.50053191779293,0.5856534827223618,1.8827754390762728,134.85676007616794,流失
117.3953787213613,58.862218922683084,0.43759096941895903,28.678378524693205,393.1545085853252,2.1752219736260052,4.3537677763748635,5.476339545476529,留存
80.57853470531703,12.721368254328475,0.6152093653355412,27.00535164118616,292.9481307001683,1.3879903964083997,4.408414207954127,30.62670957422975,留存
99.9725130882315,40.34563335058951,0.1331778860672565,25.297714109329725,560.0942327207177,4.289924850933634,5.181410991817004,41.0097867322054,留存
135.41305003205315,43.34732386568097,0.31086829577709174,5.248205035531866,238.70619972655146,4.131685830250723,3.8512161588277727,11.277165819219439,留存
138.2245068005042,34.883051887781654,0.33938804917840537,7.515640383796609,456.51014406085926,1.7925443185631953,4.1164969223885395,1.3589317518576287,留存
89.91974772957781,60.75820103178696,1.6670620373428002,16.688107652519307,321.19003354175686,4.162710593605967,4.527833258585556,31.076468070321088,留存
125.3740137072897,22.240620219236497,-0.3754431044747286,16.961373774376955,215.75694945688764,2.5757431271027214,4.519436833416147,17.752918312372426,留存
133.80372874914508,43.16690508902258,-0.7729007776146195,19.69175156512166,286.5306132849344,2.595997339406747,3.4653414586747258,14.378645465503343,留存
92.6605236194507,22.074071974744406,3.9303128417831075,9.130233761943359,147.4862480076846,0.7738549544685036,2.1138633024464166,151.28704862672973,流失
107.674997202835,30.30007575411002,0.8301662137787533,11.196740854918305,267.9724338168728,0.1005897993401117,4.3919590152826995,24.929789186117283,留存
84.9331060558466,4.276581257041534,2.7315776608092754,13.08232242102131,275.0558522605629,-0.1836350378934104,2.388210494260983,58.57832066931611,流失
60.00083383128974,14.714197692036027,3.2323412966390137,8.785105029719155,141.54802876280445,0.970408066031935,2.921556975227456,109.6862069711269,流失
150.17995018898046,30.72450280158742,-0.436543426802956,13.425294201086446,358.5132039263763,3.0281990757202353,4.254821798638029,-1.5734561970572045,留存
158.2889216859782,52.026674139574865,-1.0813792613444486,18.1099049701057,145.9179161760357,2.318164122443544,3.9910944433365723,12.569492333529514,留存
83.72704604462287,22.163185205097314,3.7534629712758005,13.558911529940811,97.20170146615897,-0.10110789960361855,3.1224775721185516,26.806686781743693,流失
61.546398279023094,9.166504839921423,2.0893662680578675,4.373044146785455,229.83554907514377,0.4715070418363466,1.978911334645633,53.570673904325346,流失
121.8617479411619,50.48259469112229,1.3475124537517567,20.96734214273604,314.2480673060088,1.7854120166115988,4.63279860495705,38.631002884472515,留存
112.67634769508552,17.027027043129728,1.3753406368503707,17.67316728212389,82.21635671489855,0.665075711085321,1.489241180201729,74.81437163017581,流失
101.1388590364055,-10.586543618941523,6.219096332982911,6.277840896409435,41.56992925398839,0.7420121547638712,3.5123029127888046,110.08056184246976,流失
132.50123458922914,38.16274588997575,1.0650026988758816,15.937648801514651,196.25718448572422,0.6933277862632305,4.0253649418275605,12.20527392307183,留存
128.8130424293832,31.81667905388443,1.5267087809930744,22.439021741602563,314.70117508661565,3.6811620645961636,4.014792256859689,22.240455442269933,留存
74.16694684908758,13.207912201667988,3.960033475509916,6.23732330690845,240.3537511542866,0.99651259666215,2.64277405396565,-0.036217938194496924,流失
80.94370647997007,20.27758673982426,3.6931543639016797,7.2316590566278105,140.47465728759062,0.6552516888404708,2.479890842467675,95.90353491404794,流失
111.79279369466929,44.858310190567295,2.1173719889234097,18.606389559371962,346.43035854826246,3.7771389479869386,4.74526999786808,-0.7196925159190073,留存
100.18125505350298,3.1585395339229887,2.865841330481842,9.411306391176403,107.75487901856299,-0.005176127705794897,1.373497345719558,152.78690285222171,流失
144.00988711748948,-2.808084007346995,3.089953066457202,16.59926808321034,84.52338613487667,0.7507539881810525,3.2326824466512663,140.02461548540074,流失
69.06522777870602,18.14327173897291,2.4551270960846976,9.40820604380731,127.90529705910723,0.9366145334744228,2.544620412088069,-18.93783574672736,流失
114.91854829624269,38.81247316006084,-0.3329478281394357,11.53268485826784,374.65528516535795,4.529997981081266,2.822660973508989,19.8964740860127,留存
72.62515159732664,40.60010567646154,0.7007371982164784,16.754997958848627,189.47659316204238,2.749052205658648,4.456531080665615,24.09158211506809,留存
82.29695956621475,6.82880823581408,1.0315201992232401,17.26525783130961,297.42502962504216,2.2457318387085365,3.9949828726848264,2.156062432548353,留存
98.00786062936078,20.288515443196125,3.4166187353481106,8.83859753388901,141.56962044182742,2.9674626835712528,2.3550905896058545,57.404798131009855,流失
118.76753282177145,52.830552266647,0.05205932998940638,28.125697082993067,236.68677902696,4.088633900991555,3.3039449640716207,43.56524984672595,留存
99.63441773450587,17.42947251854026,2.679954716671215,6.558849645546564,94.29328442432231,0.5228088559800976,3.156604088690928,88.83084873686792,流失
97.82688750292391,32.303355923151756,-0.02640468081770908,15.792790928646678,397.20448871025394,3.1247822633926443,4.4994082152678745,36.13149075953565,留存
84.18053189872514,30.445266613727746,0.3869608833555451,11.36009420777027,397.31986969018226,4.493264821887517,4.804882559645741,22.17079362017688,留存
54.34616207699247,5.271505167978084,1.7701080510508058,4.959059132787208,104.9736680511314,0.1966099722580832,2.5281990059187613,113.77759793011549,流失
142.75607220315294,49.97625713983245,0.11144367490307489,15.015463508375927,222.6676654558295,2.0782815639507795,4.477985202713169,21.74778355356199,留存
122.89418463402627,45.92093163727551,0.4688759196635686,17.820455496907,407.99328830008625,4.468864340596205,4.202475056229709,29.36279878706131,留存
85.60695702726773,19.01668942920406,3.3849529796939057,9.498735805716622,164.61705238352135,1.8390651474187873,1.8877232256105638,106.93084179840596,流失
105.82398044153926,39.988673868665515,-0.879067560801944,22.67823017510436,266.4495450189241,2.40145384810835,4.772876879889009,51.14838773442396,留存
88.24077070488225,20.300198739163655,4.624144334362448,5.582348365011871,155.06216159281053,1.6831144098892885,2.1531622623396856,24.675485953790755,流失
58.9544549202444,16.5930404069362,4.859500384885806,12.163566575645763,130.56888297391544,1.345400432606877,2.4019596552648297,92.05185397262953,流失
140.65116959954858,13.605148694976128,5.118122441929891,6.233166516755508,164.78188546290048,1.675632005935159,2.922658765216851,91.37810630513323,流失
99.66584172758188,56.902339456680494,0.4778869619171615,10.920201191065704,276.81135945829885,0.9399450496934691,4.155502792268349,53.14200184704431,留存
110.04800632497032,7.406251038344875,0.16895789855958476,5.727177703167366,190.95145958894088,0.006942172377279787,2.9232663853838083,45.6881010944399,流失
108.44259569721038,33.41349745835731,0.5581493818256497,13.777568647010153,444.9719585361228,1.7590785151828476,4.2168088751741415,14.494379058763169,留存
15.728627624171935,17.667505595314275,4.335631297011904,11.286200692720943,155.97530273858266,1.933733868590692,2.651928719551318,99.96474592508945,流失
77.6753179243937,11.946353281717064,7.088658408116716,7.168817583311233,193.09012665305835,0.8177548206398292,2.4410315886958998,135.66176333392337,流失
59.31228318689192,21.4164234952578,3.7608791173110037,3.087385182274014,179.11844830797176,1.3024687105679718,1.5754069811192069,84.55555287459316,流失
94.7717222619469,12.185300685121083,-0.6678130584176056,6.389076484345116,142.836150759172,0.05380799405530645,2.932488963169562,87.19721247245356,流失
117.49866331230275,51.6078024524309,0.27868727255566006,14.454679020810413,256.82256720670165,2.6903150837237164,4.334482860923421,25.131353694064764,留存
127.98964725904094,32.422990760182095,1.7855141603857692,19.74747827640367,287.65322920755307,2.094331664340983,3.910459194773354,43.189316481093876,留存
87.6145918270039,16.531592403394814,3.149143102970605,2.4324290796185446,187.85127243327423,1.0824756599690597,1.0036419416189306,74.4044822928804,流失
94.70399207134008,50.592778037234204,0.13010226455770108,4.415091195758457,271.87712560278976,3.0931582623472575,4.506158630955195,9.570523140312325,留存
103.83039034874673,33.22875195060894,0.40095238013770196,16.20946897319204,386.8729012848199,3.0709360380777855,4.69449799010969,8.154266268462655,留存
116.8995066874942,25.735999166567705,0.36463220933949814,8.034269579766114,242.24351535711645,4.5536337286320645,4.201477071277819,-11.673576523201522,留存
78.60922056201298,37.9949255397515,0.2862965514859412,5.16372168099595,427.4733007658071,2.8209260076727456,3.9310303881526956,46.477413518590666,留存
99.51166971617003,25.299989302615778,-0.007770813517577135,7.080803303788834,114.6895593181284,0.8955830035300092,2.8742809354560124,35.026693657620676,流失
121.4160601609157,7.116590010652497,5.62279208653753,9.812179668484076,118.6426864258115,1.5626563998012257,2.1185065578212243,27.755169645409865,流失
40.248056496889795,11.711071395848656,-0.17618610583853478,17.013247747448688,105.26685214837647,2.1592669917641736,2.129293833561817,11.28745071661379,流失
69.39998774329482,30.945752234111907,0.8146674734963568,5.498362261069408,204.20339252466448,0.8738356510158215,1.5808855455518482,33.27464303230585,流失
154.81075042369486,26.814162550367143,-0.9561193720365111,16.49377655994094,209.42662888826987,2.1314866126956122,5.251262667711227,22.057081795663798,留存
90.29529309319949,-1.485993419968775,6.311826775059343,13.668428363580388,56.00018805653312,1.7014744489456457,2.740998314414843,135.47635336238704,流失
140.09431289010433,49.67410902244597,1.425322567639831,15.59992191919066,263.3492199225171,3.0820882504905436,3.6984013869350627,-2.970256042192048,留存
82.62779942800933,4.51082439629588,1.8852269545276956,12.900133447116964,38.80006803357932,2.905462774239223,1.8150524367640433,81.9042865778463,流失
102.22857568918425,15.365151289957515,5.082101110880728,6.668833655104688,157.41610946412473,1.9567617128287045,2.4825014899642546,100.65372002176225,流失
127.02908768342795,9.087210240920488,1.9635766177147262,3.0928040562412695,222.89303023037166,1.1985643218531328,1.8082360571520253,54.90726718187823,流失
128.7238742168927,52.86838814372142,1.8965352229383896,5.218400894627186,332.27016673129793,5.275408723692889,5.030220232337661,14.913959080770923,留存
87.96288221951694,6.050695213203228,3.384376794566811,5.202161109843791,113.03218648090393,0.9608183159392201,2.8871915717119787,17.04386303206916,流失
146.676510481436,28.2861668289703,1.8470542106649641,15.779215077805206,218.4240190275363,3.323348656303348,2.743150153763376,17.57061813034966,留存
87.12678200670156,40.606736398132895,2.691745708337213,16.02759536441857,371.50431070145675,3.1216068145694638,4.007080345233439,8.025692492213967,留存
108.14598254323074,-2.182904195428833,2.9124018493800055,15.559107552053248,62.42637791566767,1.945421812420102,2.294337228692943,95.00350286935387,流失
64.06651496557046,6.453359981489949,5.127814234879338,7.577416476793284,107.82091421468922,0.3501829845239889,1.6245187974924933,134.62694737908544,流失
87.50183761668237,21.75145705285373,5.291402599702466,6.932637832717454,-20.429021668139626,0.8433153609334765,2.9036905618557305,100.47824838204457,流失
67.11551333471351,51.22483748555727,0.017846650407681963,12.125495734747803,270.98955496847407,4.331394935515059,3.8387316502628366,13.634071522857333,留存
87.11329165853219,6.050296017707173,5.631986871931392,9.075197703499,200.69343529988464,0.37274800308707146,4.114864259689217,127.03256893662538,流失
114.99618142861368,55.84068139752793,1.048864350879977,16.0474812386414,306.1167902617495,1.3538219562828357,4.388385450290484,32.975559079799,留存
