soc,price,load,dispatch_action,reward,next_soc,next_price,next_load
0.55,0.2284360201275337,0.7668681861574348,-0.4,-0.1313744080510135,0.5820000000000001,0.20851854342773293,0.7017638090205041
0.5820000000000001,0.21557108750607637,0.7591524532524566,-0.4,-0.12622843500243056,0.6140000000000001,0.2,0.65
0.6140000000000001,0.19247575792433072,0.6347868415871528,-0.4,-0.1169903031697323,0.6460000000000001,0.20851854342773293,0.5982361909794958
0.6460000000000001,0.2034392898667773,0.5869019949967476,-0.4,-0.12137571594671094,0.6780000000000002,0.23349364905389036,0.55
0.6780000000000002,0.1988294669897107,0.575860001512364,-0.4,-0.1195317867958843,0.7100000000000002,0.2732233047033631,0.5085786437626905
0.7100000000000002,0.28076226041727054,0.47476900645666453,-0.39042505603162253,-0.1486591268581401,0.74123400448253,0.325,0.47679491924311224
0.74123400448253,0.3499126992034375,0.5055826350156144,-0.4,-0.179965079681375,0.77323400448253,0.3852952387243698,0.4568148347421863
0.77323400448253,0.4018776601456909,0.46896048737125756,-0.4,-0.20075106405827636,0.80523400448253,0.45,0.45
0.80523400448253,0.4495140523245837,0.46093603467099786,-0.25211236140799087,-0.13853928535842505,0.8254029933951693,0.5147047612756301,0.4568148347421863
0.8254029933951693,0.5182499886146072,0.4655517772476077,-0.11926684218156978,-0.07373672382085568,0.8349443407696949,0.575,0.4767949192431123
0.8349443407696949,0.5995206781982135,0.39078327062963,-0.09454638306031972,-0.06613714999954293,0.8425080514145205,0.6267766952966369,0.5085786437626905
0.8425080514145205,0.6234836747457579,0.4560156865808813,-0.04407177610136381,-0.031885210526386966,0.8460337935026295,0.6665063509461097,0.55
0.8460337935026295,0.6914815063943198,0.5174029642122824,0.06721527172386975,0.03975659017193801,0.84065657176472,0.6914814565722671,0.5982361909794959
0.84065657176472,0.6731649870263383,0.5780788302691056,0.10109190483623327,0.05794234032392748,0.8325692193778214,0.7,0.65
0.8325692193778214,0.6891488435977634,0.6638663746703187,-0.03589301590866133,-0.028324931997556212,0.8354406606505143,0.6914814565722671,0.7017638090205042
0.8354406606505143,0.7287278078001647,0.7198433824096991,0.10561419104732253,0.06640257880977087,0.8269915253667285,0.6665063509461097,0.75
0.8269915253667285,0.6780172811461076,0.7077054171315657,0.10455923851341148,0.060437046764229486,0.8186267862856555,0.6267766952966369,0.7914213562373096
0.8186267862856555,0.6202969997867084,0.7852992707858566,-0.05903871009673606,-0.04252540575395623,0.8233498830933944,0.575,0.8232050807568878
0.8233498830933944,0.5633869719450882,0.84404519910574,-0.11080410605187199,-0.0735060003928338,0.8322142115775442,0.5147047612756303,0.8431851652578137
0.8322142115775442,0.5277397241036911,0.8429213245732465,-0.15850179255263963,-0.09949787152693448,0.8448943549817554,0.45000000000000007,0.8500000000000001
0.8448943549817554,0.4416230251214993,0.9168919552422865,-0.4,-0.21664921004859974,0.8768943549817554,0.38529523872436994,0.8431851652578137
0.8768943549817554,0.41051398519562965,0.8842223887794428,-0.4,-0.20420559407825187,0.9088943549817554,0.32499999999999996,0.8232050807568878
0.9088943549817554,0.3695854722111194,0.8530697892452473,-0.4,-0.18783418888444778,0.9408943549817554,0.27322330470336315,0.7914213562373096
0.9408943549817554,0.2737837484438807,0.7849045714907493,-0.4,-0.1495134993775523,0.95,0.2334936490538904,0.75
0.95,0.24130426098028068,0.7920355882510168,-0.4,-0.13652170439211228,0.95,0.20851854342773293,0.7017638090205041
0.95,0.1902896709649871,0.7264966208920535,-0.4,-0.11611586838599486,0.95,0.2,0.65
0.95,0.21309319056895573,0.6723649671957495,-0.4,-0.1252372762275823,0.95,0.20851854342773293,0.5982361909794958
0.95,0.18993876008512134,0.5721903880602723,-0.4,-0.11597550403404855,0.95,0.23349364905389036,0.55
0.95,0.23823262128480935,0.5474965365032023,-0.4,-0.13529304851392376,0.95,0.2732233047033631,0.5085786437626905
0.95,0.2141109282164617,0.4711591196718654,-0.4,-0.12564437128658468,0.95,0.325,0.47679491924311224
0.95,0.3117074799987374,0.48761266957281746,-0.4,-0.16468299199949496,0.95,0.3852952387243698,0.4568148347421863
0.95,0.41406934837155446,0.45249400494054604,-0.4,-0.2056277393486218,0.95,0.45,0.45
0.95,0.4965155958376337,0.4954932030176821,-0.3405548873079023,-0.20314630151789154,0.95,0.5147047612756301,0.4568148347421863
0.95,0.502840357578223,0.4470484843966004,-0.2902445512088387,-0.17497112903586717,0.95,0.575,0.4767949192431123
0.95,0.5728955173149826,0.4649375948930081,-0.137297661492074,-0.0923869809558465,0.95,0.6267766952966369,0.5085786437626905
0.95,0.6244924974610802,0.5775663165538101,-0.12872412562077107,-0.09325966325448624,0.95,0.6665063509461097,0.55
0.95,0.7022127188306042,0.5607195826813188,0.031467106908378756,0.018949892005028057,0.9474826314473297,0.6914814565722671,0.5982361909794959
0.9474826314473297,0.6769892355419126,0.5726234143018736,-0.029516954094245474,-0.022934355597213518,0.9498439877748693,0.7,0.65
0.9498439877748693,0.7197710648493063,0.6512076950600139,-0.05453825970012087,-0.044708887229396095,0.95,0.6914814565722671,0.7017638090205042
0.95,0.6642762892464805,0.6589497169549169,-0.16196667177724822,-0.12378728688751793,0.95,0.6665063509461097,0.75
0.95,0.6686960581350514,0.7837513176512407,-0.0676267021436633,-0.05198437936250721,0.95,0.6267766952966369,0.7914213562373096
0.95,0.5815684001498799,0.7856985424272731,-0.2057873496068105,-0.14025815464259783,0.95,0.575,0.8232050807568878
0.95,0.6169199750045088,0.7794909433693011,-0.16415391762319656,-0.11768522251931426,0.95,0.5147047612756303,0.8431851652578137
0.95,0.5488218148865215,0.8566845154982101,-0.21860162399439648,-0.1418335024171853,0.95,0.45000000000000007,0.8500000000000001
0.95,0.45229168874047765,0.8598983061597181,-0.3526819903753567,-0.19478333205275863,0.95,0.38529523872436994,0.8431851652578137
0.95,0.3691055123465146,0.8695269226250597,-0.4,-0.18764220493860587,0.95,0.32499999999999996,0.8232050807568878
0.95,0.33156735945663074,0.8285673096554776,-0.4,-0.1726269437826523,0.95,0.27322330470336315,0.7914213562373096
0.95,0.27276959919685023,0.772745151657343,-0.4,-0.1491078396787401,0.95,0.2334936490538904,0.75
0.95,0.22642135422161744,0.7168803409388501,-0.4,-0.13056854168864698,0.95,0.20851854342773293,0.7017638090205041
0.95,0.18551683354468568,0.7231231197102356,-0.4,-0.11420673341787428,0.95,0.2,0.65
0.95,0.1886741016883799,0.6312618977535447,-0.4,-0.11546964067535197,0.95,0.20851854342773293,0.5982361909794958
0.95,0.21512434234006478,0.591884176903164,-0.4,-0.12604973693602592,0.95,0.23349364905389036,0.55
0.95,0.1913498021072966,0.5487059923107728,-0.4,-0.11653992084291866,0.95,0.2732233047033631,0.5085786437626905
0.95,0.27587023483141654,0.5106160388377705,-0.4,-0.15034809393256662,0.95,0.325,0.47679491924311224
0.95,0.3429121048662869,0.41687091845641644,-0.4,-0.17716484194651477,0.95,0.3852952387243698,0.4568148347421863
0.95,0.38950106454609273,0.43536853788526103,-0.4,-0.19580042581843712,0.95,0.45,0.45
0.95,0.44369651220229556,0.3919640779286065,-0.4,-0.21747860488091825,0.95,0.5147047612756301,0.4568148347421863
0.95,0.4597112408830186,0.44979106862369894,-0.3898523450386912,-0.2182047398027606,0.95,0.575,0.4767949192431123
0.95,0.566510745804362,0.5091612904140045,-0.16030788946762226,-0.10684693096738813,0.95,0.6267766952966369,0.5085786437626905
0.95,0.6233689268295147,0.4445378337383848,-0.10408253073111494,-0.0752900685566666,0.95,0.6665063509461097,0.55
0.95,0.6776135555162812,0.5592817471047083,-0.004505679260172334,-0.003503677269518576,0.95,0.6914814565722671,0.5982361909794959
0.95,0.6681848946430463,0.65849885256505,-0.1156940456925239,-0.08887441830113925,0.95,0.7,0.65
0.95,0.714984458544017,0.5993795691675995,-0.044036546547476935,-0.03588910104414389,0.95,0.6914814565722671,0.7017638090205042
0.95,0.7218088295067738,0.6939368143304787,0.05470937451680069,0.03401877213133955,0.9456232500386559,0.6665063509461097,0.75
0.9456232500386559,0.6712454587204946,0.7468512553199949,0.00856210429645167,0.004891063196439251,0.9449382816949398,0.6267766952966369,0.7914213562373096
0.9449382816949398,0.6220435188035989,0.7379992130104055,-0.17304735174813876,-0.12494771877587021,0.95,0.575,0.8232050807568878
0.95,0.5860238345740338,0.8350703539477631,-0.2693171606507211,-0.18475799126619877,0.95,0.5147047612756303,0.8431851652578137
0.95,0.5002179108874663,0.8257335247817463,-0.3379466133745118,-0.20284161027114375,0.95,0.45000000000000007,0.8500000000000001
0.95,0.42248172822796903,0.8311488667564157,-0.4,-0.20899269129118764,0.95,0.38529523872436994,0.8431851652578137
0.95,0.40072590391960833,0.867458804587521,-0.4,-0.20029036156784336,0.95,0.32499999999999996,0.8232050807568878
0.95,0.3171592040825853,0.8274028101180612,-0.4,-0.16686368163303414,0.95,0.27322330470336315,0.7914213562373096
0.95,0.25028666306001435,0.763214719969538,-0.4,-0.14011466522400576,0.95,0.2334936490538904,0.75
0.95,0.21022417305804492,0.7548617867718862,-0.4,-0.12408966922321799,0.95,0.20851854342773293,0.7017638090205041
0.95,0.1767765774117681,0.7025176703569851,-0.4,-0.11071063096470725,0.95,0.2,0.65
0.95,0.20683017371073606,0.6496118369568924,-0.4,-0.12273206948429444,0.95,0.20851854342773293,0.5982361909794958
0.95,0.18327075745058963,0.5991188982470449,-0.4,-0.11330830298023586,0.95,0.23349364905389036,0.55
0.95,0.1892099016330303,0.5603717973940474,-0.4,-0.11568396065321214,0.95,0.2732233047033631,0.5085786437626905
0.95,0.2701627871792388,0.5250847186434837,-0.4,-0.14806511487169555,0.95,0.325,0.47679491924311224
0.95,0.3226126760144625,0.4281675136938677,-0.4,-0.169045070405785,0.95,0.3852952387243698,0.4568148347421863
0.95,0.40415055474887535,0.42726498691045306,-0.4,-0.20166022189955016,0.95,0.45,0.45
0.95,0.42227115493459616,0.40770090890748373,-0.4,-0.20890846197383847,0.95,0.5147047612756301,0.4568148347421863
0.95,0.5001132173929173,0.46815396468202725,-0.29720325296164446,-0.17835560035445353,0.95,0.575,0.4767949192431123
0.95,0.5814169929264921,0.4839529429709656,-0.11898610036366752,-0.0810791507098601,0.95,0.6267766952966369,0.5085786437626905
0.95,0.6054248199157393,0.5069305977766029,-0.1052282791004116,-0.07423063983445101,0.95,0.6665063509461097,0.55
0.95,0.6917971471328704,0.5073470905196629,-0.04792205138348779,-0.03794454357020046,0.95,0.6914814565722671,0.5982361909794959
0.95,0.7186438784896123,0.6134785641354679,0.01772896930840715,0.0109679183345763,0.9485816824553274,0.7,0.65
0.9485816824553274,0.6956463061313068,0.6384859722287677,-0.01098493361278538,-0.008740121852110318,0.9494604771443502,0.6914814565722671,0.7017638090205042
0.9494604771443502,0.6864339740725774,0.7004864503891708,-0.03598748530086215,-0.028301781082035488,0.95,0.6665063509461097,0.75
0.95,0.6529449203762396,0.7659638812164431,0.0551296129851305,0.030483639462435888,0.9455896309611895,0.6267766952966369,0.7914213562373096
0.9455896309611895,0.5912369625101155,0.801141731963009,-0.21762576543472364,-0.15043097306303724,0.95,0.575,0.8232050807568878
0.95,0.5865480515503849,0.8246018049567236,-0.1520851839722994,-0.10441378672586399,0.95,0.5147047612756303,0.8431851652578137
0.95,0.5382148928058058,0.8489577987908592,-0.20607504637058233,-0.13152016362935265,0.95,0.45000000000000007,0.8500000000000001
0.95,0.4031140421242265,0.8977135689374808,-0.4,-0.20124561684969064,0.95,0.38529523872436994,0.8431851652578137
0.95,0.40685210583927356,0.8065888929125681,-0.4,-0.20274084233570944,0.95,0.32499999999999996,0.8232050807568878
0.95,0.3279187658828954,0.8226939440767639,-0.4,-0.1711675063531582,0.95,0.27322330470336315,0.7914213562373096
0.95,0.2949136079219625,0.7384647467782242,-0.4,-0.157965443168785,0.95,0.2334936490538904,0.75
0.95,0.23365928725304888,0.7438865441662635,-0.4,-0.13346371490121955,0.95,0.20851854342773293,0.7017638090205041
0.95,0.21857951679527024,0.629340573489573,-0.4,-0.1274318067181081,0.95,0.2,0.65
0.95,0.17015788329054016,0.6516037373785243,-0.4,-0.10806315331621608,0.95,0.20851854342773293,0.5982361909794958
0.95,0.2319093063736106,0.5928765359090791,-0.4,-0.13276372254944424,0.95,0.23349364905389036,0.55
0.95,0.2233615951344663,0.58818648306264,-0.4,-0.12934463805378654,0.95,0.2732233047033631,0.5085786437626905
0.95,0.26551070507289987,0.5014852511637551,-0.4,-0.14620428202915997,0.95,0.325,0.47679491924311224
0.95,0.3327694840170308,0.4240004480122483,-0.4,-0.17310779360681233,0.95,0.3852952387243698,0.4568148347421863
0.95,0.38786767057419513,0.528423388729404,-0.4,-0.19514706822967806,0.95,0.45,0.45
0.95,0.44794675817918733,0.5039486310276919,-0.33851038071664824,-0.1854856657236899,0.95,0.5147047612756301,0.4568148347421863
0.95,0.5007805202440322,0.4635338575933897,-0.3187292518131973,-0.19148632572132382,0.95,0.575,0.4767949192431123
0.95,0.5806391173478831,0.4558345061635674,-0.20350734411321203,-0.13851505907102854,0.95,0.6267766952966369,0.5085786437626905
0.95,0.5948156477911026,0.512632347318733,-0.1552754946422544,-0.10788784339594187,0.95,0.6665063509461097,0.55
0.95,0.6619579626932319,0.5015484732824564,-0.027636462817578936,-0.0210578229045297,0.95,0.6914814565722671,0.5982361909794959
0.95,0.6987719573321232,0.5764557380484666,-0.035872086343718405,-0.028653616622358876,0.95,0.7,0.65
0.95,0.6699866119443632,0.6192376961666629,-0.09191064940131219,-0.07076996953412258,0.95,0.6914814565722671,0.7017638090205042
0.95,0.7160498728178701,0.6825787072938799,0.03608549219324319,0.022230462876217712,0.9471131606245405,0.6665063509461097,0.75
0.9471131606245405,0.6557400268888781,0.7574384268255563,-0.09115026327350535,-0.06888590241724725,0.95,0.6267766952966369,0.7914213562373096
0.95,0.6442378272984918,0.7753770160907528,-0.18226967155238433,-0.13565198433855624,0.95,0.575,0.8232050807568878
0.95,0.5473610193727273,0.8072487559386051,-0.31141146947481163,-0.201595646323573,0.95,0.5147047612756303,0.8431851652578137
0.95,0.5229090015892213,0.8292121203120714,-0.16690617011484649,-0.10396735578531975,0.95,0.45000000000000007,0.8500000000000001
0.95,0.4152457080972574,0.8561089953612941,-0.4,-0.20609828323890297,0.95,0.38529523872436994,0.8431851652578137
0.95,0.37542721191671635,0.84742774945803,-0.4,-0.19017088476668656,0.95,0.32499999999999996,0.8232050807568878
0.95,0.3297365223357605,0.8802923046251129,-0.4,-0.17189460893430422,0.95,0.27322330470336315,0.7914213562373096
0.95,0.27841946183947336,0.8221690070310715,-0.4,-0.15136778473578935,0.95,0.2334936490538904,0.75
0.95,0.22187444528326067,0.6817279078883475,-0.4,-0.1287497781133043,0.95,0.20851854342773293,0.7017638090205041
0.95,0.20625517523315498,0.6713832934788592,-0.4,-0.122502070093262,0.95,0.2,0.65
0.95,0.1883263928638764,0.6341472160665342,-0.4,-0.11533055714555057,0.95,0.20851854342773293,0.5982361909794958
0.95,0.18175089520125604,0.6296556495617085,-0.4,-0.11270035808050242,0.95,0.23349364905389036,0.55
0.95,0.2202396208867851,0.6076883858219974,-0.4,-0.12809584835471405,0.95,0.2732233047033631,0.5085786437626905
0.95,0.2751753845532719,0.480362737297654,-0.4,-0.15007015382130878,0.95,0.325,0.47679491924311224
0.95,0.32646550629171395,0.4779206162133002,-0.4,-0.1705862025166856,0.95,0.3852952387243698,0.4568148347421863
0.95,0.38467858844268615,0.4503835814510329,-0.4,-0.1938714353770745,0.95,0.45,0.45
0.95,0.43966978515678334,0.47743872161960543,-0.4,-0.21586791406271336,0.95,0.5147047612756301,0.4568148347421863
0.95,0.5109136510448445,0.432222216879061,-0.29806200196282756,-0.18209014585684663,0.95,0.575,0.4767949192431123
0.95,0.5672273363786636,0.5211167291923524,-0.19382983772249182,-0.12932856633428683,0.95,0.6267766952966369,0.5085786437626905
0.95,0.6005406319810928,0.5287154841111015,-0.20792164484146397,-0.14565756047978748,0.95,0.6665063509461097,0.55
0.95,0.6549664235185589,0.5594145706032136,-0.11213773570866828,-0.0846602252694427,0.95,0.6914814565722671,0.5982361909794959
0.95,0.7093385728987263,0.575000889134094,-0.03693946828147872,-0.02989653654256975,0.95,0.7,0.65
0.95,0.6868725821290378,0.6330308375493489,0.015268450970947381,0.008960635246430503,0.9487785239223242,0.6914814565722671,0.7017638090205042
0.9487785239223242,0.7040573824444731,0.7530621276408663,0.10044546472381309,0.0606748244994852,0.9407428867444192,0.6665063509461097,0.75
0.9407428867444192,0.6458920103074629,0.7521125738198187,-0.15256630976651264,-0.11379799149693523,0.95,0.6267766952966369,0.7914213562373096
0.95,0.6112245767416716,0.7725188809296395,-0.2060208785944062,-0.14652711217825387,0.95,0.575,0.8232050807568878
0.95,0.5539622545420316,0.8188765494012802,-0.2998925391062729,-0.1961184009942726,0.95,0.5147047612756303,0.8431851652578137
0.95,0.5315473004583829,0.8156525591352883,-0.13220060080760593,-0.08349093255901985,0.95,0.45000000000000007,0.8500000000000001
0.95,0.44097231098071216,0.8521605292575116,-0.4,-0.21638892439228488,0.95,0.38529523872436994,0.8431851652578137
0.95,0.41941707388692273,0.8767701856819012,-0.4,-0.2077668295547691,0.95,0.32499999999999996,0.8232050807568878
0.95,0.29806394902440864,0.8295250870886264,-0.4,-0.15922557960976347,0.95,0.27322330470336315,0.7914213562373096
0.95,0.30247040997283037,0.8156971981929048,-0.4,-0.16098816398913215,0.95,0.2334936490538904,0.75
0.95,0.18476613578894388,0.7204975206402291,-0.4,-0.11390645431557757,0.95,0.20851854342773293,0.7017638090205041
0.95,0.23277621726219605,0.735038903365268,-0.4,-0.13311048690487842,0.95,0.2,0.65
0.95,0.20603104613625808,0.6804654564944879,-0.4,-0.12241241845450325,0.95,0.20851854342773293,0.5982361909794958
0.95,0.2083604531202682,0.6064514629287494,-0.4,-0.1233441812481073,0.95,0.23349364905389036,0.55
0.95,0.19645041194586632,0.5402290566977882,-0.4,-0.11858016477834654,0.95,0.2732233047033631,0.5085786437626905
0.95,0.270261856612408,0.49167450099993837,-0.4,-0.1481047426449632,0.95,0.325,0.47679491924311224
0.95,0.3242058743530605,0.49006855739220356,-0.4,-0.1696823497412242,0.95,0.3852952387243698,0.4568148347421863
0.95,0.37710226015700976,0.4595854558898201,-0.4,-0.19084090406280393,0.95,0.45,0.45
0.95,0.45954070254452917,0.44998310708631123,-0.3787042698533281,-0.21190045321034418,0.95,0.5147047612756301,0.4568148347421863
0.95,0.5339194474275194,0.39823036884073887,-0.36781252235166906,-0.23316351092609217,0.95,0.575,0.4767949192431123
0.95,0.5804760769064703,0.4765814135892568,-0.1907770374806979,-0.12981921002870397,0.95,0.6267766952966369,0.5085786437626905
0.95,0.617534153793188,0.5285092539898884,-0.09706682716066196,-0.06964876368811522,0.95,0.6665063509461097,0.55
0.95,0.6761859968251402,0.5421751462478626,-0.16110547414300974,-0.1250478130416789,0.95,0.6914814565722671,0.5982361909794959
0.95,0.7068661807330097,0.6348880509660236,0.022527191698713547,0.01367099078883865,0.9481978246641029,0.7,0.65
0.9481978246641029,0.6824071514526499,0.6702138318100328,-0.001921047154235217,-0.0015030410317513954,0.9483515084364417,0.6914814565722671,0.7017638090205042
0.9483515084364417,0.7226577815282489,0.6754805112936655,0.0039827363160130635,0.0024798817589406852,0.9480328895311606,0.6665063509461097,0.75
0.9480328895311606,0.6814517919689788,0.7517223021431447,-0.10211500377402406,-0.07979795268613013,0.95,0.6267766952966369,0.7914213562373096
0.95,0.635069020997171,0.8087812052517646,-0.11299832368769336,-0.08306156716743421,0.95,0.575,0.8232050807568878
0.95,0.5793916985435988,0.8154439037063159,-0.1269985053987987,-0.08628173029538826,0.95,0.5147047612756303,0.8431851652578137
0.95,0.49669091760137674,0.8255655423749003,-0.32441434792155854,-0.19357509494436706,0.95,0.45000000000000007,0.8500000000000001
0.95,0.4675790805540179,0.805078804897164,-0.4,-0.2270316322216072,0.95,0.38529523872436994,0.8431851652578137
0.95,0.3445406685696756,0.8441660220154118,-0.4,-0.17781626742787024,0.95,0.32499999999999996,0.8232050807568878
0.95,0.3173089977996416,0.843046426453639,-0.4,-0.16692359911985666,0.95,0.27322330470336315,0.7914213562373096
0.95,0.27784894515823044,0.7824412190047579,-0.4,-0.1511395780632922,0.95,0.2334936490538904,0.75
0.95,0.2429962104008505,0.7292419891147617,-0.4,-0.13719848416034022,0.95,0.20851854342773293,0.7017638090205041
0.95,0.2293934113821428,0.7135651151281269,-0.4,-0.13175736455285714,0.95,0.2,0.65
0.95,0.21311236122342767,0.6174616813269129,-0.4,-0.12524494448937107,0.95,0.20851854342773293,0.5982361909794958
0.95,0.22900052022455342,0.6069327552570478,-0.4,-0.13160020808982137,0.95,0.23349364905389036,0.55
0.95,0.22931300393334197,0.5703557185420008,-0.4,-0.1317252015733368,0.95,0.2732233047033631,0.5085786437626905
0.95,0.27793470211616095,0.534736674758274,-0.4,-0.15117388084646438,0.95,0.325,0.47679491924311224
0.95,0.3126761452001861,0.44096395482137846,-0.4,-0.16507045808007445,0.95,0.3852952387243698,0.4568148347421863
0.95,0.3487273324955398,0.4787096984126522,-0.4,-0.17949093299821592,0.95,0.45,0.45
0.95,0.4785065788694061,0.4012174653412045,-0.31599739811808075,-0.1828065737169246,0.95,0.5147047612756301,0.4568148347421863
0.95,0.5431468882741013,0.4431105353200264,-0.25020729605634556,-0.16092004388211548,0.95,0.575,0.4767949192431123
0.95,0.5348421389839065,0.4847970042824115,-0.32091477799587603,-0.20373022409444744,0.95,0.6267766952966369,0.5085786437626905
0.95,0.6307693956548672,0.4617425560970241,-0.09670299529381932,-0.07066758942887981,0.95,0.6665063509461097,0.55
0.95,0.6869966044546435,0.526504604148545,-0.09635122238855642,-0.07582808485484813,0.95,0.6914814565722671,0.5982361909794959
0.95,0.6483609957212675,0.5902437849572406,-0.12653820313217898,-0.09469625569277748,0.95,0.7,0.65
0.95,0.6689796117530389,0.6635905626893652,-0.08902910146367408,-0.068461563878258,0.95,0.6914814565722671,0.7017638090205042
0.95,0.6699667373993625,0.6851266368512907,-0.011484666954475385,-0.008842811545055685,0.95,0.6665063509461097,0.75
0.95,0.6785650898212141,0.7460992181550453,-0.021197114344936163,-0.01650333323391577,0.95,0.6267766952966369,0.7914213562373096
0.95,0.6035584561689021,0.7923924592591205,-0.1572961992223232,-0.11066707108609378,0.95,0.575,0.8232050807568878
0.95,0.5656032698300254,0.8362688308356103,-0.2606167679871844,-0.17346737294480302,0.95,0.5147047612756303,0.8431851652578137
0.95,0.5249011754311526,0.8597409284037525,-0.4,-0.24996047017246104,0.95,0.45000000000000007,0.8500000000000001
0.95,0.4738061140702024,0.7585710230394175,-0.3900932801725026,-0.22383790922068247,0.95,0.38529523872436994,0.8431851652578137
0.95,0.40580219940952506,0.8336665635002405,-0.4,-0.20232087976381005,0.95,0.32499999999999996,0.8232050807568878
0.95,0.30312525876566654,0.8540122531465064,-0.4,-0.16125010350626662,0.95,0.27322330470336315,0.7914213562373096
0.95,0.2958031267226035,0.7897682932660409,-0.4,-0.1583212506890414,0.95,0.2334936490538904,0.75
0.95,0.22183134760783652,0.7194832697669508,-0.4,-0.12873253904313461,0.95,0.20851854342773293,0.7017638090205041
0.95,0.2231670996229897,0.6501889750042227,-0.4,-0.1292668398491959,0.95,0.2,0.65
0.95,0.18273628675311446,0.6888052990537812,-0.4,-0.11309451470124579,0.95,0.20851854342773293,0.5982361909794958
0.95,0.2406031255214332,0.5972373487939876,-0.4,-0.1362412502085733,0.95,0.23349364905389036,0.55
0.95,0.21994816537370482,0.5259514347769465,-0.4,-0.12797926614948194,0.95,0.2732233047033631,0.5085786437626905
0.95,0.2751198418979706,0.47174117724193515,-0.4,-0.15004793675918826,0.95,0.325,0.47679491924311224
0.95,0.31740647058303656,0.42270923335057575,-0.4,-0.16696258823321464,0.95,0.3852952387243698,0.4568148347421863
0.95,0.3671131809523027,0.4306783525814119,-0.4,-0.1868452723809211,0.95,0.45,0.45
0.95,0.4511282313433914,0.45736113026986,-0.4,-0.2204512925373566,0.95,0.5147047612756301,0.4568148347421863
0.95,0.5016254986028917,0.4632739136404317,-0.36878819774131266,-0.22187238334497905,0.95,0.575,0.4767949192431123
0.95,0.5931612568703597,0.44071402166608137,-0.1945764214877192,-0.1348728368757643,0.95,0.6267766952966369,0.5085786437626905
0.95,0.6150556624971257,0.5135082635441479,-0.17944100984708267,-0.12831031017535896,0.95,0.6665063509461097,0.55
0.95,0.6610884784046909,0.5429160972466605,-0.1150866702625287,-0.08759113875477036,0.95,0.6914814565722671,0.5982361909794959
0.95,0.7011833339422093,0.6053878422246186,-0.02265569634934432,-0.018151366333950026,0.95,0.7,0.65
0.95,0.6913908333307608,0.6738963209155999,-0.044705462194567835,-0.03537949298059586,0.95,0.6914814565722671,0.7017638090205042
0.95,0.6853475108157484,0.7049045099171479,0.042850600372165204,0.02508249226480728,0.9465719519702267,0.6665063509461097,0.75
0.9465719519702267,0.6396992267856856,0.7730957067916606,-0.20236727945955824,-0.14969092014295798,0.95,0.6267766952966369,0.7914213562373096
0.95,0.6311221584612094,0.8386738410655715,-0.09888333608482042,-0.0722957981141791,0.95,0.575,0.8232050807568878
0.95,0.5784125015707958,0.8063915966927956,-0.2008288876193785,-0.1362448280375428,0.95,0.5147047612756303,0.8431851652578137
0.95,0.5096635049675631,0.819605867019873,-0.3199985233223988,-0.19509142131317814,0.95,0.45000000000000007,0.8500000000000001
0.95,0.45396762321252887,0.8269834879440808,-0.4,-0.22158704928501158,0.95,0.38529523872436994,0.8431851652578137
0.95,0.35809036997252647,0.8549069160404806,-0.4,-0.1832361479890106,0.95,0.32499999999999996,0.8232050807568878
0.95,0.3296332088847303,0.8521601955387478,-0.4,-0.17185328355389212,0.95,0.27322330470336315,0.7914213562373096
0.95,0.28106352345067825,0.8005364790064364,-0.4,-0.15242540938027133,0.95,0.2334936490538904,0.75
0.95,0.22287721249129738,0.8164245784737574,-0.4,-0.12915088499651897,0.95,0.20851854342773293,0.7017638090205041
0.95,0.1952009892053242,0.7147841037240072,-0.4,-0.11808039568212969,0.95,0.2,0.65
0.95,0.17190416904779346,0.6836803476369122,-0.4,-0.10876166761911739,0.95,0.20851854342773293,0.5982361909794958
0.95,0.1862999215234185,0.633899714410112,-0.4,-0.11451996860936742,0.95,0.23349364905389036,0.55
0.95,0.2082028092149321,0.6033154852077318,-0.4,-0.12328112368597285,0.95,0.2732233047033631,0.5085786437626905
0.95,0.27301938239086215,0.5562852079313438,-0.4,-0.14920775295634486,0.95,0.325,0.47679491924311224
0.95,0.32443833849791937,0.45698591576245257,-0.4,-0.16977533539916775,0.95,0.3852952387243698,0.4568148347421863
0.95,0.39482729807084943,0.45725523893887765,-0.4,-0.1979309192283398,0.95,0.45,0.45
0.95,0.4525985970833215,0.4479060364271359,-0.4,-0.22103943883332863,0.95,0.5147047612756301,0.4568148347421863
0.95,0.4852685142491464,0.47376943610647937,-0.4,-0.23410740569965857,0.95,0.575,0.4767949192431123
0.95,0.5791082105392251,0.46245242751049753,-0.13592535384716675,-0.0923080238180604,0.95,0.6267766952966369,0.5085786437626905
0.95,0.6169073311135594,0.5283631701902474,-0.16448469539155036,-0.11792028398218315,0.95,0.6665063509461097,0.55
0.95,0.6687813140158325,0.5721050959276016,-0.08995581479248019,-0.06915634949952779,0.95,0.6914814565722671,0.5982361909794959
0.95,0.7114125542622352,0.5684252546663013,0.011848473521271732,0.0072443054597492096,0.9490521221182983,0.7,0.65
0.9490521221182983,0.718452794455757,0.6698011247537101,0.10425973782576747,0.06447972620757049,0.9407113430922368,0.6914814565722671,0.7017638090205042
0.9407113430922368,0.6762126702260539,0.6603893314800465,-0.09796682455946457,-0.07604309048486936,0.948548689056994,0.6665063509461097,0.75
0.948548689056994,0.6797152022770784,0.7649376880280814,-0.04415331484760678,-0.03442701081760525,0.95,0.6267766952966369,0.7914213562373096
0.95,0.6043175543144943,0.8144273750371814,-0.22475890741078552,-0.15830164397796234,0.95,0.575,0.8232050807568878
0.95,0.598178991647538,0.9089282334510838,-0.1544089552001155,-0.1078050886429665,0.95,0.5147047612756303,0.8431851652578137
0.95,0.5263669239887852,0.828399372190947,-0.37096028007116305,-0.23235724955019266,0.95,0.45000000000000007,0.8500000000000001
0.95,0.43794561273939564,0.8172131427670376,-0.4,-0.21517824509575828,0.95,0.38529523872436994,0.8431851652578137
0.95,0.4197424375642829,0.8513710407985869,-0.4,-0.2078969750257132,0.95,0.32499999999999996,0.8232050807568878
0.95,0.318819552696075,0.8180189482835847,-0.4,-0.16752782107843,0.95,0.27322330470336315,0.7914213562373096
0.95,0.2725765623294588,0.8073421743780516,-0.4,-0.14903062493178354,0.95,0.2334936490538904,0.75
0.95,0.22665059123924938,0.7077925750319441,-0.4,-0.13066023649569977,0.95,0.20851854342773293,0.7017638090205041
0.95,0.20328730540640488,0.703458709780301,-0.4,-0.12131492216256197,0.95,0.2,0.65
0.95,0.19931050269930736,0.6516125768897151,-0.4,-0.11972420107972295,0.95,0.20851854342773293,0.5982361909794958
0.95,0.19021605023814292,0.6104541077915598,-0.4,-0.11608642009525719,0.95,0.23349364905389036,0.55
0.95,0.21042015072589515,0.5547534415149921,-0.4,-0.12416806029035807,0.95,0.2732233047033631,0.5085786437626905
0.95,0.28876476388318106,0.5057200701522724,-0.4,-0.15550590555327243,0.95,0.325,0.47679491924311224
0.95,0.3124131103133099,0.49082951273040193,-0.4,-0.16496524412532398,0.95,0.3852952387243698,0.4568148347421863
0.95,0.3978833188464138,0.4607710491358209,-0.4,-0.19915332753856554,0.95,0.45,0.45
0.95,0.451891850659154,0.4735406614839506,-0.348621085492937,-0.19240113605150014,0.95,0.5147047612756301,0.4568148347421863
0.95,0.49861422867113386,0.4025705133360639,-0.24490401419257152,-0.14660302755435062,0.95,0.575,0.4767949192431123
0.95,0.5801331746142452,0.4253603423782286,-0.23549121293956773,-0.16016538625034743,0.95,0.6267766952966369,0.5085786437626905
0.95,0.6422141811440335,0.5001883388287037,-0.13228179924990605,-0.09818142731052844,0.95,0.6665063509461097,0.55
0.95,0.694523988152369,0.5185813856084858,-0.06812168565918808,-0.05412431336960016,0.95,0.6914814565722671,0.5982361909794959
0.95,0.6957091860732325,0.6099498389411123,-0.0016190691731146067,-0.0012883082139352854,0.95,0.7,0.65
0.95,0.7182247608913789,0.6559573586204456,0.03180633828398882,0.0196634658804493,0.9474554929372808,0.6914814565722671,0.7017638090205042
0.9474554929372808,0.6862972713859654,0.7036447581176056,-0.03314177826819481,-0.026059289821160268,0.95,0.6665063509461097,0.75
0.95,0.6708083136624904,0.7731761942274828,-0.03603024540902282,-0.027772412704574565,0.95,0.6267766952966369,0.7914213562373096
0.95,0.6276610353546406,0.7671475766890784,-0.1251248840649036,-0.09104850268729713,0.95,0.575,0.8232050807568878
0.95,0.574439644302085,0.8290005281512838,-0.09801426818985226,-0.06610470817449313,0.95,0.5147047612756303,0.8431851652578137
0.95,0.5042293057048055,0.8558538358315745,-0.2602329380805768,-0.15724036749794856,0.95,0.45000000000000007,0.8500000000000001
0.95,0.4519600382819877,0.9201353535751651,-0.4,-0.2207840153127951,0.95,0.38529523872436994,0.8431851652578137
0.95,0.3917770231707709,0.8192209929110242,-0.4,-0.1967108092683084,0.95,0.32499999999999996,0.8232050807568878
0.95,0.32997867820793314,0.8485942026261197,-0.4,-0.17199147128317327,0.95,0.27322330470336315,0.7914213562373096
0.95,0.29840560169005786,0.7885723969195294,-0.4,-0.15936224067602317,0.95,0.2334936490538904,0.75
0.95,0.2875733511994781,0.7618271294832609,-0.4,-0.15502934047979125,0.95,0.20851854342773293,0.7017638090205041
0.95,0.19463326818277155,0.6734834115845638,-0.4,-0.11785330727310864,0.95,0.2,0.65
0.95,0.19271245414213517,0.6538208742696946,-0.4,-0.11708498165685408,0.95,0.20851854342773293,0.5982361909794958
0.95,0.22314839158655161,0.5728338681929752,-0.4,-0.12925935663462065,0.95,0.23349364905389036,0.55
0.95,0.23797959519752224,0.568028778540997,-0.4,-0.13519183807900892,0.95,0.2732233047033631,0.5085786437626905
0.95,0.2570342301214165,0.5289031890254323,-0.4,-0.14281369204856662,0.95,0.325,0.47679491924311224
0.95,0.3145692271042723,0.4484763135014522,-0.4,-0.16582769084170895,0.95,0.3852952387243698,0.4568148347421863
0.95,0.3979636695449168,0.4749646360125525,-0.4,-0.19918546781796673,0.95,0.45,0.45
0.95,0.5062529849647744,0.39872321688269535,-0.3475393515966937,-0.21069676929821782,0.95,0.5147047612756301,0.4568148347421863
0.95,0.5023812595921396,0.43129024607070554,-0.37030727299197613,-0.2230661615410369,0.95,0.575,0.4767949192431123
0.95,0.5690069387188926,0.44029680778443014,-0.19973747354479035,-0.133625755723646,0.95,0.6267766952966369,0.5085786437626905
0.95,0.6278106617252093,0.5230095037056002,-0.10289758483027342,-0.07488995930524717,0.95,0.6665063509461097,0.55
0.95,0.6785664880146431,0.5387977318952836,0.05390690215364813,0.0311887270587852,0.9456874478277081,0.6914814565722671,0.5982361909794959
0.9456874478277081,0.6961700789019091,0.5423616484007521,-0.07241362719761374,-0.05765356327949756,0.95,0.7,0.65
0.95,0.6651899402194437,0.6505200388745392,-0.07830535087350113,-0.05991846675375689,0.95,0.6914814565722671,0.7017638090205042
0.95,0.6821129426142779,0.7620915923925196,-0.01938144237473755,-0.015158476927815042,0.95,0.6665063509461097,0.75
0.95,0.6810283181750364,0.7220677953617369,-0.09841476730399598,-0.07686472019102755,0.95,0.6267766952966369,0.7914213562373096
0.95,0.627512805278576,0.7966115704268764,-0.2215463704378588,-0.16117782145653325,0.95,0.575,0.8232050807568878
0.95,0.5713938595430093,0.823627243243093,-0.22366666897404253,-0.15016842813361103,0.95,0.5147047612756303,0.8431851652578137
0.95,0.4984369530286967,0.8269991098001795,-0.33118753013559465,-0.19819485641544493,0.95,0.45000000000000007,0.8500000000000001
0.95,0.451816000472201,0.8681437474765171,-0.3382331890441549,-0.18664248560530344,0.95,0.38529523872436994,0.8431851652578137
0.95,0.37940828425382495,0.829500479374353,-0.4,-0.19176331370153,0.95,0.32499999999999996,0.8232050807568878
0.95,0.33721689832821705,0.8101790677591212,-0.4,-0.17488675933128683,0.95,0.27322330470336315,0.7914213562373096
0.95,0.2928150115264826,0.8301719502070698,-0.4,-0.15712600461059306,0.95,0.2334936490538904,0.75
0.95,0.21616532628070156,0.7504169462799753,-0.4,-0.12646613051228064,0.95,0.20851854342773293,0.7017638090205041
0.95,0.2065570720570828,0.6822859214322,-0.4,-0.12262282882283312,0.95,0.2,0.65
0.95,0.20185358892058008,0.6269493302135627,-0.4,-0.12074143556823205,0.95,0.20851854342773293,0.5982361909794958
0.95,0.19263767259375586,0.5652464406041655,-0.4,-0.11705506903750236,0.95,0.23349364905389036,0.55
0.95,0.23651207959002027,0.567378459139628,-0.4,-0.13460483183600813,0.95,0.2732233047033631,0.5085786437626905
0.95,0.27876909532758004,0.5231310967746143,-0.4,-0.15150763813103202,0.95,0.325,0.47679491924311224
0.95,0.2992618511892725,0.5242798026463122,-0.4,-0.159704740475709,0.95,0.3852952387243698,0.4568148347421863
0.95,0.364416357294997,0.4556418671056897,-0.4,-0.18576654291799882,0.95,0.45,0.45
0.95,0.43194986987113415,0.440850803438607,-0.3606064093107935,-0.19182453250757356,0.95,0.5147047612756301,0.4568148347421863
0.95,0.4985848890989942,0.4150046602112012,-0.27499298530651906,-0.16460664561270405,0.95,0.575,0.4767949192431123
0.95,0.5848459382387607,0.45817936062365244,-0.27183944344820477,-0.18616813869858834,0.95,0.6267766952966369,0.5085786437626905
0.95,0.6118842281678657,0.5069375106572124,-0.09389005325401045,-0.06683884809337104,0.95,0.6665063509461097,0.55
0.95,0.6457747114487166,0.5474644035546559,-0.06758069983218021,-0.05039997691684652,0.95,0.6914814565722671,0.5982361909794959
0.95,0.6438561097698287,0.6292497760176629,-0.16333836395557882,-0.12150023998816527,0.95,0.7,0.65
0.95,0.7066399098691386,0.6574004944883224,0.044189184376900205,0.026806922827593487,0.946464865249848,0.6914814565722671,0.7017638090205042
0.946464865249848,0.702499944190138,0.6304450942686047,-0.052660938272470995,-0.04226040002465828,0.95,0.6665063509461097,0.75
0.95,0.6692704535331753,0.7441506034164064,-0.04221378321239852,-0.032473816157152946,0.95,0.6267766952966369,0.7914213562373096
0.95,0.6425640264100311,0.8096749083302,-0.1168677075126766,-0.08678175544792296,0.95,0.575,0.8232050807568878
0.95,0.5380732597775904,0.8095406432912433,-0.24207170292666666,-0.15445948058633066,0.95,0.5147047612756303,0.8431851652578137
0.95,0.4928958162246207,0.862123407161461,-0.28523661079970364,-0.16911559317723476,0.95,0.45000000000000007,0.8500000000000001
0.95,0.4525373395259169,0.7580866040106282,-0.4,-0.22101493581036677,0.95,0.38529523872436994,0.8431851652578137
0.95,0.42301902189549156,0.8267890314669624,-0.4,-0.20920760875819663,0.95,0.32499999999999996,0.8232050807568878
0.95,0.3497049477662054,0.823605748503198,-0.4,-0.17988197910648218,0.95,0.27322330470336315,0.7914213562373096
0.95,0.27876247820775046,0.8051781303236747,-0.4,-0.1515049912831002,0.95,0.2334936490538904,0.75
0.95,0.24744341529231034,0.818322913456683,-0.4,-0.13897736611692416,0.95,0.20851854342773293,0.7017638090205041
0.95,0.17691175707082224,0.7151636544788712,-0.4,-0.11076470282832891,0.95,0.2,0.65
0.95,0.22405401613072293,0.6372018505082271,-0.4,-0.12962160645228918,0.95,0.20851854342773293,0.5982361909794958
0.95,0.22707339141875704,0.6754117140885877,-0.4,-0.13082935656750283,0.95,0.23349364905389036,0.55
0.95,0.22334563752588185,0.5408164285462014,-0.4,-0.12933825501035276,0.95,0.2732233047033631,0.5085786437626905
0.95,0.255422889708091,0.42569837859247817,-0.4,-0.14216915588323642,0.95,0.325,0.47679491924311224
0.95,0.3323871611939981,0.4619982638779349,-0.4,-0.17295486447759925,0.95,0.3852952387243698,0.4568148347421863
0.95,0.3855627549786871,0.4955457063977104,-0.4,-0.19422510199147486,0.95,0.45,0.45
0.95,0.46652814619786515,0.4583772466180069,-0.3017685491080241,-0.17096037670698833,0.95,0.5147047612756301,0.4568148347421863
0.95,0.5158235482782781,0.4716984559848499,-0.2779480309000806,-0.1711669426258481,0.95,0.575,0.4767949192431123
0.95,0.5692342908374536,0.4889443888108526,-0.10442925143393547,-0.06988763602607594,0.95,0.6267766952966369,0.5085786437626905
0.95,0.6213687564547281,0.521162590548288,-0.07505791777443564,-0.054144436807025874,0.95,0.6665063509461097,0.55
0.95,0.6893114165649953,0.550351492531581,-0.15520231030037512,-0.12250295539734904,0.95,0.6914814565722671,0.5982361909794959
0.95,0.7018155129452365,0.5316519632208043,0.05622013096491632,0.03383414695449949,0.9455023895228066,0.7,0.65
0.9455023895228066,0.7033894774238652,0.6799902205961597,-0.0564232523915001,-0.045329847253362116,0.95,0.6914814565722671,0.7017638090205042
0.95,0.6604313071062661,0.7095864405447392,-0.08103321133840793,-0.06162019081708385,0.95,0.6665063509461097,0.75
0.95,0.6566755344229663,0.7525398384219829,0.05338509623606255,0.029718176977431607,0.945729192301115,0.6267766952966369,0.7914213562373096
0.945729192301115,0.6434672062440181,0.8229063144132092,-0.05918569989719705,-0.04400262695216596,0.95,0.575,0.8232050807568878
0.95,0.6045892428770439,0.8175029305698654,-0.26585420106819885,-0.1873180102463236,0.95,0.5147047612756303,0.8431851652578137
0.95,0.5109330386155101,0.8675372365577088,-0.3520904618324885,-0.2151036957148605,0.95,0.45000000000000007,0.8500000000000001
0.95,0.4464726809902135,0.8292469077099307,-0.3251895159225232,-0.17770718659609097,0.95,0.38529523872436994,0.8431851652578137
0.95,0.4002843790325012,0.8627313838771326,-0.4,-0.2001137516130005,0.95,0.32499999999999996,0.8232050807568878
0.95,0.3242550149489574,0.8291317692327129,-0.4,-0.169702005979583,0.95,0.27322330470336315,0.7914213562373096
0.95,0.2294944651283518,0.7959237901476603,-0.4,-0.13179778605134074,0.95,0.2334936490538904,0.75
