均值,标准差,最大值,最小值,峰峰值,均方根,偏度,峰度,波形指数,峰值指数,状态
0.007894106297927856,1.4245880854028465,2.1017802077670464,-2.238006162407571,4.339786370174617,1.4246099571412487,-0.02329682093482253,1.5038931804116566,1.1085665954619575,1.570960634545515,不平衡
0.04623859022567043,1.0669078223819022,1.8861246824071833,-1.6486029238449165,3.5347276062521,1.067909316695828,4.860511884108937e-05,1.6033936126107318,1.1203706650509004,1.7661843124155352,磨损
0.06567882976554264,1.4330768803449867,2.3408980602558542,-2.4492009129075725,4.790098973163427,1.434581142235841,0.0023921303761256806,1.5725556783201404,1.1176340260080946,1.7072585444136592,不平衡
-0.10001330405659797,1.7264830220914138,2.8098278139434916,-2.772628482681578,5.58245629662507,1.7293774274455587,0.09386618750329916,1.6879717543577015,1.1311818713501198,1.6247626279772693,轴承故障
-0.00028363304282186643,0.6974688601789936,1.3670244013228592,-1.1721381431706692,2.5391625444935286,0.6974689178501703,0.0008808714489377936,1.7603572677313946,1.1416547467692564,1.9599789555360865,正常
-0.029296259122263267,1.435556705632078,2.1613755205581744,-2.151044710773928,4.312420231332102,1.4358556076025835,-0.00925600214803664,1.479326903769298,1.1039432965800617,1.5052875156551757,不平衡
-0.10937890088041045,1.8186750002468168,2.6664296019743503,-3.0861787263717044,5.752608328346055,1.82196116876309,-0.043922575762597275,1.5804407154150575,1.1188752933828878,1.6938773334546369,轴承故障
-0.010789480305916694,0.7351834364300209,1.3264993035639896,-1.2706509045040488,2.5971502080680384,0.7352626048469529,0.0010026755166670195,1.7618812431109623,1.1547501948073797,1.8041163723533753,正常
0.020794698062068538,1.7599062796995766,2.581947822789628,-2.7531165328814944,5.335064355671122,1.7600291283934755,-0.06348340967736146,1.5924942870980703,1.1165495791802922,1.5642448686278663,轴承故障
0.07313229342855307,1.810485380410223,3.04484279498633,-2.8258420072647246,5.870684802251055,1.8119618221754203,-0.018001611357713436,1.6411668938756745,1.1294985934074928,1.6804122236762615,轴承故障
0.06743805922865224,1.1331010688306613,2.0967093789293205,-1.738740431732779,3.8354498106621,1.135106128966677,0.058302761600049366,1.7115116428074777,1.1399301666507118,1.8471483196494642,磨损
0.06031181835439403,1.433024488637766,2.3754106816232157,-2.045359949068381,4.420770630691597,1.4342931013111455,0.013870547767234393,1.5342802532501645,1.1100600622552619,1.656154295998594,不平衡
-0.07718146204877012,1.7346122965005166,2.6324064313777837,-2.670588444534308,5.302994875912091,1.7363285395496963,0.08100940068212681,1.5910836302489013,1.1211140482836586,1.5380663184129302,轴承故障
-0.030402681075529518,1.8789085825382095,3.1281378698627886,-3.1540931871940354,6.2822310570568245,1.8791545398269736,0.03273603244703244,1.683306770868088,1.129945874874174,1.6784639688636824,轴承故障
0.014288285712699158,1.7484829106437403,2.890798073011897,-2.6145292587564284,5.505327331768326,1.748541290310816,0.04677306563628452,1.6315371891607473,1.1439208859940078,1.6532626875129215,轴承故障
-0.05664132312060605,1.0987329526928502,1.6031647685499772,-1.7032766664204488,3.3064414349704263,1.1001919563503462,0.016951667948231976,1.5635182269465713,1.107823514942192,1.548163169558058,磨损
0.08758474230591233,1.7920274428167249,2.668404649657951,-2.70899809687276,5.377402746530711,1.7941665036704493,-0.0347094282372791,1.5213206497362122,1.1103250552022204,1.5098922486735695,轴承故障
0.025299713606304612,1.4408428871675263,2.022656541922537,-2.1208495985155933,4.143506140438131,1.4410649884754727,-0.029458429658690763,1.5055754310237168,1.1175581033813613,1.4717237704956694,不平衡
-0.004545847187154557,1.4704935210401509,2.2559441791272903,-2.3035938705911447,4.5595380497184355,1.4705005474829682,0.01908034280081222,1.5249358218444862,1.0985421463827525,1.5665372409262377,不平衡
0.01219987158947053,1.0807349926938647,1.902292208092066,-1.7055773913644354,3.6078695994565013,1.0808038495952017,0.04768956258320044,1.748837446746925,1.137847248616214,1.7600716435535761,磨损
-0.010879610143676055,1.130597886979915,1.672367332496919,-1.8222200995971234,3.4945874320940424,1.130650232370881,0.01857925468717401,1.5916520231584663,1.1236869503177591,1.6116567681721619,磨损
0.006096204784810644,1.079309498131756,1.8379863996242916,-1.9367329560076114,3.7747193556319028,1.0793267144244143,-0.08118858420726799,1.6124595672998863,1.1216485449152231,1.7943899006159572,磨损
0.03190027178122854,1.7777176473774094,2.893159090162431,-2.8200117449877475,5.713170835150178,1.778003841710357,0.032198618149774545,1.601270732979322,1.1183653087074443,1.6271950724339421,轴承故障
0.03043406340661817,1.4481407560979846,2.2817743515223983,-2.5280876827554906,4.809862034277889,1.4484605212733555,-0.06797803753192695,1.5883740364148755,1.109981134628233,1.745361813767964,不平衡
0.003938210754197064,0.6956097251967179,1.1791994573513827,-1.2131715023109146,2.3923709596622973,0.6956208732436067,-0.04801752001225868,1.7575868934229972,1.1559458498961714,1.7440125056622047,正常
0.06396048191436778,1.4326043465846783,2.2989361507189874,-2.1083290576202964,4.407265208339284,1.4340314351854464,-0.009068411123462922,1.5307586758970404,1.114362344834411,1.6031281422093653,不平衡
0.0023158543269627342,1.452089459219447,2.0499684844839328,-2.173526771858902,4.223495256342835,1.4520913059299991,-0.005205075855802646,1.5077650794818012,1.1138148276472994,1.4968251395990373,不平衡
0.04484748883882765,1.4552784694615322,2.1726410528209996,-2.3473704848769485,4.520011537697949,1.4559693406570922,-0.09025227932926548,1.5855257279193933,1.1202427250064881,1.6122389525430083,不平衡
0.006533052744436257,0.717704957065216,1.208720614992181,-1.0393749061759388,2.2480955211681195,0.7177346906581463,0.09800174754596451,1.6374449244063467,1.1328510654246722,1.6840771813821678,正常
-0.03293296880777158,0.740999464463751,1.2027286911505577,-1.3792701753235068,2.5819988664740645,0.7417309396068492,-0.08250962159060297,1.6697089131892313,1.1455498762496545,1.8595289767319525,正常
-0.0017064733864738909,0.7206553758558067,1.2306001026066598,-1.093971204825578,2.3245713074322376,0.7206573962718296,0.08637547474515672,1.6327123100269683,1.1215730164749393,1.7076076771044764,正常
0.03261815186993493,1.8015861184512163,3.2089554567820313,-2.6957831554671077,5.9047386122491385,1.8018813740164834,0.061586392067191076,1.5919686831211386,1.1222086108443723,1.7808916296476391,轴承故障
0.04037613180263145,1.0602084090931914,1.8403985924765562,-1.665593216258627,3.5059918087351836,1.0609769567390515,-0.012306021078700387,1.627119265199684,1.1083290360629574,1.7346263560328594,磨损
-0.0029619636453125948,0.7347654017218898,1.372376760776471,-1.1548801309337748,2.5272568917102456,0.7347713717859224,0.0865163148039798,1.7152306559268562,1.1337165835968535,1.8677602493603147,正常
-0.06372365340362175,1.7795416665199182,2.7693826684380056,-2.869860224072063,5.639242892510069,1.7806822419745731,0.009387256414200818,1.561217659994243,1.112057959188198,1.6116633031217011,轴承故障
-0.006946760508061154,0.7083002157063111,1.12257330321143,-1.2261520219199966,2.3487253251314266,0.7083342805845014,-0.10716139837032579,1.719840516286849,1.1413141926176509,1.7310358334416627,正常
0.022228798268013352,1.7912893414636957,3.2286432901089506,-2.7539351705926762,5.982578460701626,1.7914272590071527,0.011420526906764747,1.6246013210494246,1.1205967515250204,1.8022742892268515,轴承故障
0.03121209714438546,0.7198945173625669,1.155324530015101,-1.0348622958501597,2.1901868258652604,0.720570823123469,-0.031860318233698844,1.529832226716817,1.115168340470613,1.6033462538030114,正常
0.030143211504770454,1.3881394619445342,2.1151446713071342,-2.077777494466715,4.192922165773849,1.388466700719712,-0.02164845198901583,1.5048732984949527,1.1110406468872862,1.5233672295190168,不平衡
-0.006446383294761595,0.7288728160453603,1.1104739877817678,-1.193440488740881,2.3039144765226487,0.7289013224212704,-0.13669676374206316,1.6024904231726531,1.1215223990854775,1.6373142040856354,正常
0.04494849215000038,1.4217387798571248,2.193145681213232,-2.177971794495681,4.371117475708913,1.4224491291769223,-0.06535618571099701,1.5282782112141615,1.1133930242087935,1.5418095706017128,不平衡
0.0059787440048431765,0.7141137626046626,1.1041231099466389,-1.2818330864094465,2.3859561963560854,0.7141387899570111,-0.1595567181439313,1.7223382198536341,1.1367497000456057,1.794935528298519,正常
0.020376037628182585,1.4425525733505498,2.1348999038348984,-2.2793769665836527,4.414276870418551,1.4426964718157866,0.007733721593743277,1.4511327379182482,1.0897282334827518,1.5799421506568327,不平衡
0.010238115936746377,1.411478564843779,2.161124095994212,-2.042940379357632,4.204064475351844,1.411515695283403,-0.025380594554524315,1.4906939901683003,1.1112610252809514,1.531066287865256,不平衡
-0.008814144993435576,0.6958591987088418,1.2064066280326826,-1.1165512469197243,2.322957874952407,0.6959150189352696,0.07846722308684716,1.657259793095889,1.12454212435852,1.7335545217936168,正常
-0.05609881240335365,1.027780763387233,1.7046826803857604,-1.735768937049095,3.4404516174348556,1.0293106306367916,-0.020067787119729272,1.5921912580454016,1.1293653791311602,1.6863412124740351,磨损
0.012329807847891625,1.4641488771321975,2.18245194550552,-2.2270965384947874,4.409548484000307,1.4642007917526343,-0.008924025254607297,1.5447340991247684,1.1049370604963005,1.521032190999481,不平衡
0.000768406877273613,1.0643471839657788,1.890177367170634,-1.918794430415756,3.80897179758639,1.0643474613419306,-0.04972233551414314,1.7817721482655804,1.1562962567187456,1.8027895024208154,磨损
-0.022526500881684508,0.7028903470669542,1.1221530906263357,-1.1547421571247602,2.2768952477510958,0.703251223420106,0.09771303784607337,1.5870994114854073,1.1168198882023357,1.6420051874843926,正常
0.03029453190427951,1.0582180933185288,1.8130893810098465,-1.658918149121604,3.4720075301314504,1.0586516384958755,-0.07946046770859327,1.6819221013872974,1.138245059057558,1.7126402254613298,磨损
0.029267775666856156,1.4770687851868949,2.1395797422464016,-2.16464215704057,4.304221899286972,1.4773587238264019,0.004250696280920423,1.486501381941987,1.1047966119885924,1.4652109348821951,不平衡
0.0021572822648098767,1.0541705698257613,1.635248061033936,-1.9968070675790943,3.6320551286130303,1.0541727771829152,-0.09300048327226394,1.7273564974965787,1.135019568974386,1.894193352939523,磨损
0.04111878813984696,0.7179860064459004,1.2349789516501817,-1.077071611240042,2.3120505628902235,0.7191624713444258,0.03104504621814078,1.560576605397825,1.1094892657897057,1.717246103192436,正常
0.11627684598038009,1.0966702877726537,2.0806086686926832,-1.5330724230177202,3.6136810917104034,1.1028173126109782,-0.013155247976899771,1.6145949527644747,1.1234482564804373,1.8866304008032568,磨损
-0.08537758573158233,1.7473991181628483,2.66762864859718,-2.590407101431442,5.258035750028622,1.7494836410500254,-0.03746920516731853,1.5362430053940253,1.1224444020479551,1.5248091413096099,轴承故障
0.019763363859339668,1.3902550979914585,2.0862532639928975,-2.076522635598768,4.162775899591665,1.390395565313079,-0.07677542676818745,1.5495857496576326,1.1104087272755983,1.5004746245526774,不平衡
0.0164437616723455,1.1007900768199528,1.8628539505351367,-1.7578590818806101,3.620713032415747,1.1009128896162559,0.008616929410563877,1.5909689926592323,1.122274427352711,1.6920993186075421,磨损
0.049530766924974615,1.1123261989184592,1.8104027938744662,-1.6882699901553295,3.4986727840297958,1.113428430422254,-0.05496912536228643,1.5733705942782703,1.1202619319804368,1.625971408890014,磨损
0.01942806181678208,0.7096497024297918,1.5338157497700184,-1.1043575838916193,2.638173333661638,0.7099155933944885,0.13902692584431636,1.7970771072830727,1.1371558927525418,2.1605607255645194,正常
0.0038225313885545853,1.7780125521149268,2.961873403910526,-2.91814161796338,5.880015021873906,1.7780166611211639,-0.001682912499038694,1.6600000320267931,1.1362237673903959,1.665829948902883,轴承故障
-0.020802597643332376,0.7142811758968266,1.2988413308545295,-1.1896382240351422,2.488479554889672,0.7145840372617231,0.05603389580355413,1.6847646921357275,1.1235298535101799,1.8176187305413523,正常
0.01955118114515267,0.7266982791538253,1.2337185032868008,-1.2129298444111911,2.446648347697992,0.726961235286519,0.03832766222196917,1.7117948773807468,1.154720574812774,1.6970898078641612,正常
0.07089620246884427,1.5046893556762235,2.62770459912502,-2.1872070873096767,4.814911686434696,1.5063586321357316,-0.001770561570583471,1.5343283006010118,1.1109155439694023,1.7444083652410123,不平衡
0.020042415232484904,1.8318098440968011,2.7696833637744116,-2.7506947571501987,5.52037812092461,1.8319194860414303,0.0366674377504221,1.590908076518531,1.1214060726945068,1.5119023432673846,轴承故障
0.0601932171370655,1.4406741571643376,2.105580975171522,-2.0138952794238008,4.119476254595323,1.4419310838283792,-0.049381401450860805,1.5055638108236256,1.1048417162637398,1.460250769707456,不平衡
-0.001367939616745985,1.7852001892498803,2.9233666887129885,-2.7725727960565507,5.695939484769539,1.7852007133531524,-0.01596983680725108,1.5792557205674425,1.127363473557511,1.6375563076368354,轴承故障
0.02925406963211651,1.4455895221720922,2.441837847002063,-2.2642337972914355,4.706071644293498,1.445885495882637,-0.049396220465576415,1.565684347190194,1.1068711604831214,1.6888182734985995,不平衡
0.028277380775576084,1.157643770611316,2.157719539076473,-1.8336824481784268,3.9914019872549,1.157989080215661,-0.025042348438138837,1.749595586569218,1.1373550241081258,1.8633332349630547,磨损
-0.003207616800104767,0.6836042049593918,1.130593696256382,-1.120796387594731,2.2513900838511134,0.6836117303292114,-0.16895994664102015,1.5916767200680682,1.1182780762006332,1.6538535632595557,正常
0.02882316535982792,0.7114978315807022,1.161679708993356,-1.0487606750034062,2.210440383996762,0.7120814133267356,-0.02534743804243338,1.5775080423721553,1.1256622902877846,1.6313860846374675,正常
0.003672013577332135,0.7477799409849559,1.1866632178491936,-1.2765849202561423,2.463248138105336,0.7477889567405875,-0.060747034353599,1.5778095058467514,1.114285210500467,1.7071459916307412,正常
0.07720123878097393,1.4195418908061994,2.1765971889928255,-2.0224013292177605,4.198998518210586,1.4216396206574142,-0.021044587294726805,1.5492482201265316,1.1173648666340443,1.5310470791698874,不平衡
-0.00903223112907221,1.6603302623857508,3.0630410264332104,-2.7853044494910613,5.848345475924272,1.6603548299665059,0.01672104911004093,1.6421323710159386,1.1207686335450884,1.8448111036064019,轴承故障
0.02579390946401701,1.463099515862924,2.105499263127383,-2.232667715972351,4.338166979099734,1.4633268667948935,-0.06763879300999909,1.526563588375082,1.1011086843966127,1.5257477782185194,不平衡
-0.001359134402400267,0.6808544528237962,1.1178167249872757,-1.096670965493797,2.2144876904810724,0.6808558093872114,-0.02628213048176525,1.6139585068822633,1.1163201812831967,1.6417818713027694,正常
-0.0563327870263199,1.843080554602679,2.9620129230437477,-3.1144667234572045,6.076479646500952,1.8439412446302814,-0.05892043872992188,1.6337661502888647,1.132699319800303,1.6890270947395434,轴承故障
-0.03331851431110337,0.6901891396533809,1.0972155441128943,-1.2684424259486022,2.3656579700614966,0.6909928884520978,-0.016476378775625584,1.6995158731523121,1.1324101360556114,1.835680868737287,正常
0.013682416623826328,0.7543804980411286,1.1866003042944393,-1.1472316795005795,2.3338319837950188,0.7545045688062129,-0.06652596321206145,1.6219060315209384,1.1263300213099208,1.5726880302588826,正常
8.984177838783136e-05,1.7895755860260971,3.0209891296735867,-2.8333447120696156,5.854333841743202,1.7895755882812532,0.012286822939704211,1.727786107424589,1.1579686740000164,1.6881036762499644,轴承故障
-0.004386240049146812,1.0816042887772501,1.8330712759849297,-1.8234695457637502,3.65654082174868,1.0816131825209554,0.01329389251787767,1.6386361495923811,1.1231310186425458,1.6947567812949984,磨损
0.05315497941684039,1.10391626192189,1.9816998298484152,-1.746450622771485,3.7281504526199,1.105195261106563,-0.062018723142730305,1.6211220289450257,1.1055066200743944,1.7930766620234648,磨损
-0.03660106676068993,1.8466100804656207,2.836222852690875,-3.034434357638994,5.870657210329869,1.8469727738559838,-0.02677594930828466,1.678227666341839,1.1365290763992182,1.642923166181609,轴承故障
0.011187585328293084,0.7522875906783721,1.3026775450338377,-1.2258092874097037,2.5284868324435417,0.7523707737240648,-0.025528319259049283,1.622098437323077,1.122438351177895,1.731430287240872,正常
0.023124514148050473,1.106968170504121,1.6424072933185854,-1.9760132866883773,3.618420580006963,1.1072096791772659,-0.18314540966755175,1.7015817619678593,1.1319656535897344,1.7846784793086574,磨损
0.02516610652961954,1.4401245045508166,2.190040437079264,-2.0281045736162944,4.218145010695558,1.4403443760176229,0.05104072924855597,1.4909464976321942,1.1218422181929422,1.5204977874683065,不平衡
0.0019219514073578884,0.7136996868242912,1.1865892953637767,-1.0886967054241257,2.2752860007879026,0.7137022746708207,0.020967298317628603,1.6132305933119386,1.1332566018356383,1.6625830368059373,正常
-0.02780716103555124,1.817101485261332,2.988243235659712,-2.8685822690148375,5.85682550467455,1.8173142397350537,0.004278880952017739,1.6505072731701345,1.1453358803050184,1.6443183958823413,轴承故障
-0.043806463934133726,0.7354306099374415,1.0914737793376725,-1.2796941029079645,2.3711678822456372,0.7367341367924861,0.03456996997590329,1.6199834892749232,1.1293511980845528,1.7369822284951542,正常
0.028096187397072238,1.4052214568247514,2.4633532544840846,-2.011730456134884,4.475083710618969,1.40550230823963,0.03771535340570657,1.5474113942940817,1.1210747385576056,1.752649739433108,不平衡
0.01963405942163496,1.770386639401454,3.1785992529732043,-3.001522143701752,6.180121396674956,1.7704955095284896,0.04036623399326218,1.7236136966273983,1.149559559205162,1.795316190121365,轴承故障
0.016160031620256934,1.4573581273855207,2.2065885450412472,-2.2096413075906542,4.4162298526319015,1.4574477205301737,-0.08933560439956381,1.5273927434587131,1.1078996625779276,1.516103306014466,不平衡
-0.011252256199432133,0.6827679910584872,1.084336913956553,-1.0650063692634473,2.1493432832200003,0.6828607053298792,0.017498226679291507,1.5470942013142683,1.111949888742725,1.5879328028897692,正常
0.043200045390888245,1.4032111146411692,2.0751993696017332,-2.268251768884296,4.34345113848603,1.4038759475731064,-0.09959037358415497,1.5908363034674227,1.1217755689277003,1.6157066959113258,不平衡
-0.02644386702928787,0.734093922997013,1.1926506718902394,-1.2750408886751612,2.4676915605654006,0.7345700551238167,-0.06717672664112122,1.563821563315567,1.11907665540007,1.7357648594682613,正常
0.032989704131008046,1.3975153143654013,2.0855070524779333,-2.0890047179789635,4.174511770456897,1.3979046371138761,-0.016054802983259852,1.46349357447183,1.0928369504736548,1.4943828515673996,不平衡
0.07784133149766882,1.449171181031212,2.1351069679383134,-2.2371080208335643,4.372214988771878,1.4512602746649985,-0.08018295642116426,1.5126169547834367,1.0975431258526478,1.5414933211727424,不平衡
0.02869495276315199,0.7230254273412663,1.1719531845822624,-1.2195880498431393,2.391541234425402,0.7235946164090086,-0.02666188377061184,1.5676069450051353,1.1250333372230292,1.685457605706158,正常
-0.02573332607088565,0.6985374814997533,1.0841745696167455,-1.2591292752456738,2.3433038448624193,0.6990113140219467,-0.08147563862633818,1.6679359344098759,1.1386237125537382,1.8013002791339814,正常
0.023267402337244003,1.1145502503597133,1.7212347208203695,-1.8651008690432094,3.586335589863579,1.1147930895858758,-0.04594642203933339,1.5045378498232942,1.1063935281544017,1.673046672336975,磨损
-0.010908927788580299,0.7011633881243218,1.035520610613392,-1.1473316606595132,2.182852271272905,0.701248245310799,-0.0753494407350653,1.6434659924250599,1.1472373151903816,1.636127673998519,正常
0.01277081966993867,1.7282561319988123,2.958048590532893,-2.789341067902999,5.747389658435893,1.7283033158640118,-0.04906685677247321,1.6697329170529562,1.123835633216394,1.7115332495227868,轴承故障
0.008569295311691568,1.4149392546633293,2.2913269712895126,-2.0441449882764164,4.335471959565929,1.4149652035330609,0.03441979206485044,1.5543731961383056,1.1132923270183983,1.619352168806913,不平衡
-0.022722339216433945,1.7554404564111432,3.033514744883405,-2.872278081452691,5.905792826336096,1.7555875087002724,0.017411715098390523,1.6230705654601403,1.1267252261054057,1.7279199867151245,轴承故障
-0.0044280371495611145,0.7243183614282696,1.2860964801797585,-1.1044434331523987,2.390539913332157,0.7243318964501917,0.03647472479564025,1.5985933839127926,1.1271806263988933,1.7755623993712115,正常
0.031221040872124513,1.7712218170955707,2.9688098741174582,-2.9445656419986714,5.91337551611613,1.7714969598473698,-0.08449588953426225,1.6168548357212202,1.1438253804922276,1.675876358379785,轴承故障
0.01049457359303164,1.431365050085348,2.226000147477174,-2.2255211211378363,4.451521268615011,1.4314035219604329,-0.036006231845959906,1.5686351227923652,1.121453808355231,1.5551171372506891,不平衡
0.03097183151635683,1.4596779233405983,2.1437721563600896,-2.182371899314368,4.326144055674458,1.4600064706142226,-0.03344219898292798,1.5357101763940044,1.1082067423203628,1.4947686486942557,不平衡
-0.037617805355844185,1.774883447110161,2.714792589126056,-2.7430519530449935,5.457844542171049,1.7752820480434761,0.03820136785160907,1.5601425868065792,1.1303024541555744,1.5451358593489835,轴承故障
0.005309298718926227,1.804626685453079,2.9750844400066443,-2.8556928414097955,5.83077728141644,1.8046344955425884,-0.054510881822826214,1.6089044802694246,1.1201546335070816,1.6485800571751157,轴承故障
-0.039860011105554996,1.0482306361638807,1.7972503800106723,-1.7352509665645808,3.532501346575253,1.0489882206573482,0.04227582540876927,1.6217724265362576,1.1199730915351447,1.7133179805518635,磨损
0.0033748708058755294,0.7095873445413837,1.0539200201379293,-1.3176361933957232,2.3715562135336525,0.7095953701133124,-0.14396816274425997,1.73697174587508,1.1535923489280855,1.8568838646729429,正常
0.06288607608798578,1.0599250146124057,1.7686027610840447,-1.630194898679899,3.398797659763944,1.0617889127161069,0.03328304961160656,1.6583306597649923,1.1384698779385574,1.6656820764810079,磨损
-0.020432144118524596,0.7039792707738391,1.0167294247630745,-1.0501720856525942,2.0669015104156685,0.7042757174520121,0.06576443884299751,1.587938470351896,1.1349218452401202,1.4911377170618367,正常
-0.031231073256567394,0.7255385897642334,1.2258152136314768,-1.2732395635263076,2.4990547771577845,0.726210455153208,-0.09406703082146056,1.6629783597532808,1.125546346927309,1.7532652612146251,正常
-0.002461535940846651,1.086135723790019,1.9168127782131317,-1.917519170586665,3.8343319487997967,1.0861385131059742,0.050506321285056534,1.6532674723160863,1.1276109598212463,1.7654462550330619,磨损
0.021632208977271784,1.0726696883059759,2.0844748885319118,-1.7270971768448509,3.8115720653767626,1.0728877912790675,0.10309997020651934,1.6859164507782298,1.1247760816579346,1.9428638346723763,磨损
0.04573721728858513,1.7685601328878282,3.049171629019547,-2.7939504865872857,5.843122115606833,1.769151445378692,0.09051208006993675,1.6270628163764056,1.123573126175182,1.7235221081904102,轴承故障
-0.033447138173621126,1.820301978613137,2.660755461149405,-3.142748823726091,5.803504284875496,1.8206092398960592,-0.021284631364637107,1.599270816477474,1.132728710459178,1.7262072248589124,轴承故障
-0.005536329372004003,0.6958563262983919,1.2310911000833702,-1.1739830192153629,2.405074119298733,0.6958783498517606,-0.02550890703453033,1.7197967304074273,1.1440248549977048,1.7691182663876688,正常
0.04134884733775555,1.0252547481784675,1.9244000207437229,-1.5702449180706697,3.4946449388143925,1.0260882154272382,0.01230739541458255,1.5669785805675793,1.0958488107269264,1.875472295288863,磨损
-0.02476859340923741,0.681168110109982,0.9908266138719789,-1.1866593580996916,2.1774859719716706,0.6816182784009515,-0.04084033197604354,1.6005710655352092,1.1380004314344614,1.7409441552967908,正常
-0.02122086231808643,1.7442913621896134,2.969383252719826,-2.971653250367768,5.941036503087594,1.7444204427851735,0.011142438953701412,1.7708912413274076,1.157007676745542,1.7035189323124535,轴承故障
0.014019866742960362,1.0601705163746533,1.6958998693926235,-1.6672526011677702,3.3631524705603937,1.0602632128172653,-0.0964407099111913,1.6212258084025593,1.1364756058521128,1.5995083567281687,磨损
0.01527599522871102,1.4407907057270894,2.1489372708314547,-2.246442610014369,4.395379880845823,1.4408716853834667,-0.0675862136213535,1.5571535977613828,1.1182122858643704,1.5590858177358125,不平衡
0.034349203722886704,1.4481890306776937,2.2781654535905407,-2.1416023382373752,4.4197677918279155,1.4485963331348022,-0.04584396643064261,1.5504573262622388,1.1271520572796674,1.5726710066311302,不平衡
0.03390364652059091,1.013721887857493,2.028792538469799,-1.7785310687911866,3.8073236072609857,1.0142886784188971,0.1473375888993114,1.7599624392471356,1.134716372863222,2.0002121500876053,磨损
0.009090857531248933,1.4307093670163398,2.339537213384006,-2.17924644659301,4.518783659977016,1.4307382487928912,-0.05595993267385607,1.5942458248549236,1.1276601270754603,1.6351958264863231,不平衡
0.020571872559639645,1.0851025400249557,1.6589944444357356,-1.7913211758981464,3.450315620333882,1.0852975280121206,-0.06762238254127073,1.6438038964363588,1.1322230555919524,1.6505346501748297,磨损
-0.000510986366560054,0.7183990905226196,1.151947264117796,-1.1790734627161932,2.331020726833989,0.7183992722510191,0.04602264081672721,1.576409064214695,1.11526120829572,1.6412509144915766,正常
0.007889267998216718,0.7294646795267753,1.1761999792058457,-1.2607446461505916,2.4369446253564373,0.729507340077294,-0.05410015631341469,1.6307689411064734,1.11621288413707,1.7282137913022089,正常
-0.04797565970081877,1.1058025765508628,1.7268548165374438,-1.763086847348237,3.4899416638856806,1.1068428082750754,-0.04922258031994357,1.563310742194122,1.1279485471748893,1.5928972334712777,磨损
0.08480039375447176,1.071882302719666,1.7606320821728063,-1.8194444307130184,3.5800765128858245,1.075231499568594,-0.10352605019851122,1.729046183908888,1.1549011918316614,1.6921420468743749,磨损
-0.042449152006021486,1.0711799153087846,1.7672827082265732,-1.934469669299649,3.701752377526222,1.0720206814548707,-0.09583758428977827,1.7431414063774482,1.1604963963949129,1.8045077885007523,磨损
-0.0005329706239207557,0.7235312365359852,1.1497683728695964,-1.0905184095684717,2.2402867824380683,0.7235314328354904,-0.0008917394062395247,1.5690176362435562,1.1260875598058848,1.5891063201011049,正常
0.014694401133010798,1.0637534601142222,1.7450618657584713,-1.7145616035283762,3.4596234692868473,1.0638549475044228,-0.038117327671997034,1.5868316981270902,1.1038025822331412,1.6403193590329048,磨损
0.01825603508170339,1.6767044214819458,2.7635659616542707,-2.4883386303823407,5.251904592036611,1.6768038048125997,-0.005385961664428725,1.587563373486025,1.1193429564481334,1.6481152735685236,轴承故障
0.003491521919461742,1.4616020349505108,2.269874750934677,-2.3163336874227287,4.5862084383574055,1.4616062052744538,-0.022560732474051354,1.5691255183762316,1.119075522981176,1.5847864348860639,不平衡
0.03584294056892305,1.0431904344625489,1.6704804792101144,-1.7519815711636906,3.422462050373805,1.043806015954492,-0.07214635407855939,1.6675929971062862,1.1374880122764108,1.6784551384231803,磨损
-0.019202503250803905,1.0993438301709657,1.896014180948954,-2.0248005758065837,3.9208147567555374,1.0995115247536362,-0.04313149005164782,1.664474100462417,1.1249529354239627,1.8415455682250528,磨损
-0.04215511498722274,1.8008097831508858,3.042406460048907,-3.1772232285808943,6.2196296886298015,1.8013031196363167,-0.04912642154689624,1.6641957473644156,1.1319569308016642,1.7638470692517267,轴承故障
0.0026024940497782188,1.3759820598322157,2.0906432561849764,-2.148711347692566,4.239354603877542,1.375984520972306,-0.039769328190217154,1.5101872156073028,1.1101243864929502,1.5615810459975763,不平衡
-0.020773552824885463,0.9660504805335937,1.4775234983751382,-1.6260066596607465,3.103530158035885,0.9662738076943592,-0.12884292799885944,1.6878008018862767,1.1403038911593948,1.6827597380211619,磨损
0.022741136865295844,1.7000481357404096,2.8165735696379235,-2.9789802419881117,5.795553811626036,1.700200230308292,-0.040273954628269326,1.6621351930705053,1.1175855287117573,1.7521349478188986,轴承故障
0.016330479041857224,1.8327181043600744,2.840766153543578,-2.965094969466091,5.805861123009669,1.8327908594804048,-0.0491711101641932,1.6046216095160284,1.1224424269579851,1.6178032283208317,轴承故障
0.014859508843915991,0.755625359515148,1.2342118750577074,-1.1947560794004044,2.4289679544581118,0.7557714528516402,-0.009768710340516275,1.6091670126250888,1.1248144796957213,1.6330490788419358,正常
0.014147636969275812,1.4356261382098705,2.263670229812608,-2.1583194377577586,4.421989667570367,1.4356958467388563,-0.06989660542450565,1.5337750629913298,1.1190711417526629,1.5767059818392608,不平衡
0.014594530837134616,1.1112047927299418,1.8242874444169797,-1.9130470445431709,3.7373344889601503,1.111300630664965,-0.06539898239138948,1.5815283247191771,1.1054311118200417,1.7214487165604528,磨损
0.06568925297879749,1.08087253437434,1.7933245439459307,-1.7507602719125028,3.5440848158584335,1.0828668032226867,-0.0004933058527144757,1.564931207276894,1.1132956883121023,1.6560896856781124,磨损
0.02166818301464854,1.3964566801559626,1.9798833953104777,-2.2187262269099834,4.198609622220461,1.3966247777078025,-0.06252837625488451,1.4910822692994872,1.1010837387902699,1.5886344436711082,不平衡
-0.022201473758334842,0.7215987184747403,1.1981334414167564,-1.2106086760869093,2.4087421175036656,0.721940174766185,0.04767217359802935,1.6374591022802867,1.1198705752235696,1.6768822656410571,正常
-0.012652704768847868,1.0408165113544126,1.7124039812783056,-1.7708236269419997,3.4832276082203055,1.0408934149306246,-0.019241874822176624,1.6567743364142387,1.1330979280913402,1.7012535590782842,磨损
0.05327768907705016,1.4147637395016617,2.195282673931175,-2.0906212242357287,4.285903898166904,1.4157665594165292,-0.012434050769821767,1.5013195904924523,1.1060633063341707,1.5505965013616674,不平衡
0.08637659144097629,1.4377208506103525,2.2758334618794613,-2.2449684258710287,4.5208018877504905,1.4403132158765735,-0.09562682258444682,1.5555153019773524,1.1146097062412157,1.580096215625142,不平衡
0.10624279599903753,1.058509771967838,1.687113366570817,-1.7145375953206774,3.4016509618914945,1.0638282140708142,-0.08166759477459451,1.5713470540421581,1.1215791728991769,1.6116677227413538,磨损
0.035716139653295474,1.4240538379599001,2.1840173376616607,-2.265389491095799,4.44940682875746,1.4245016588407522,-0.013880593313131358,1.5311345044961708,1.1124520373439977,1.590303161022869,不平衡
-0.12722437560593244,1.7524399665891832,2.590801998612284,-3.0332129231980023,5.624014921810286,1.7570520419860696,0.01579564222405688,1.5581942462338128,1.1309984432331661,1.7263079581847809,轴承故障
0.004787229278312047,1.0658186087129247,1.8408203347599084,-2.0346067301886674,3.8754270649485756,1.065829359814655,-0.03021647152188686,1.7274034675754288,1.13356217119921,1.9089422816721675,磨损
-0.018016628992618078,0.738783079163543,1.118000401421837,-1.181598635924299,2.2995990373461357,0.7390027313742645,0.045691651515838115,1.6155237415644335,1.1247854125775463,1.5989097003296362,正常
-0.0421007797455651,1.6776298401276353,2.609030344283129,-3.038926179677637,5.647956523960765,1.6781580247824874,-0.03391766978474539,1.637273778313343,1.1300116826871598,1.810870093649516,轴承故障
0.016196976515783505,1.4179349502500436,2.0867073754766463,-2.346631762739323,4.4333391382159695,1.4180274557246226,-0.10688369679200774,1.5611742211982327,1.1110400246300858,1.6548563662152023,不平衡
0.03581022136274851,1.450641028055539,2.1681446748494606,-2.1810530861067705,4.349197760956232,1.45108296256006,-0.029331985950035735,1.524557318902683,1.1132969445036927,1.5030519565253264,不平衡
-0.03768555191750773,1.7581430501475914,2.7730651847682903,-2.8856253748287917,5.658690559597082,1.7585468960495774,0.011650641565164169,1.6240615849519366,1.1172549034868575,1.640914655814415,轴承故障
0.04486524716801789,1.4141068269559283,2.0306863833772537,-2.162707353675034,4.193393737052288,1.4148183658854627,-0.08574965303762301,1.552671985143793,1.1185189740419457,1.5286113084690163,不平衡
-0.059192339044032004,1.812948761482197,2.9284278308393863,-2.819795352524599,5.748223183363985,1.8139148118810142,0.04268235292922942,1.6347173227570828,1.124026712536661,1.6144241237223202,轴承故障
0.004851515538213258,1.0994576539441612,1.7210947672451047,-1.9878176416089974,3.7089124088541023,1.0994683578982236,-0.025558613143395234,1.6283989865596384,1.1338618173453847,1.8079807637467353,磨损
0.005616371890091629,1.7338276965939137,2.711324777318515,-2.855297937460496,5.566622714779012,1.7338367931005976,-0.008766792106357717,1.6145367084248072,1.1360930924811543,1.6468089434125592,轴承故障
0.029706656593193576,1.4869833665447802,2.128393287636195,-2.2306873616029694,4.359080649239164,1.487280073767814,-0.029854492637909444,1.4942128847681093,1.0997885570812098,1.4998435068129796,不平衡
-0.009858589994925495,0.7058540921602102,1.115661971469525,-1.1853196818326497,2.3009816533021747,0.705922935748657,-0.019299457756788096,1.6337085507068958,1.1230933553977753,1.6791063466547722,正常
0.031069777046926123,1.4199015596796967,2.3509338245439637,-2.1572441668159676,4.508177991359931,1.4202414478625036,0.05808668198951506,1.5461384156761127,1.1096412191927802,1.6553057424965616,不平衡
0.02342311403236398,0.7108193703007923,1.140612490656573,-1.319336536945355,2.459949027601928,0.7112051880194549,-0.10517210705894761,1.7461782580356786,1.1391925305204116,1.8550715869127736,正常
0.0018846756590583159,0.7288364133146273,1.2849200897924495,-1.093622575467845,2.3785426652602943,0.7288388500729569,-0.0006971546218052407,1.5698081510288586,1.1185756239159272,1.7629687131627683,正常
0.06776359569639859,1.0262660951539995,1.5678962001150563,-1.3901856256544465,2.9580818257695025,1.0285008521942713,-0.0135941934834094,1.478035818403712,1.1075498178618195,1.524448129155711,磨损
-0.01608116480471949,0.7146828993350738,1.1545369483610184,-1.1564140540421404,2.3109510024031588,0.714863798540298,0.01446256548331172,1.5834356862636358,1.1120460116009698,1.6176704656770844,正常
-0.021047051818640555,1.738919337540784,2.5888583612325524,-2.9104358192540096,5.499294180486562,1.7390467046239833,0.028611591281784973,1.5600469149681861,1.121964001292292,1.673581170274519,轴承故障
0.03577913339778108,1.0783182603905914,1.918944141480854,-1.6343015049778218,3.5532456464586755,1.0789116817786746,0.03130667629216458,1.590461766730742,1.1231203319780139,1.7785924220780125,磨损
-0.040714037955098634,1.8466249446888827,3.146212493864198,-3.2210382946912577,6.367250788555456,1.8470737178666767,-0.014250891965217094,1.6708070545284242,1.133171318886157,1.743860173722297,轴承故障
0.03414087876102416,1.4538932088001184,2.2752923586464866,-2.433077191648306,4.708369550294792,1.4542940081694897,-0.06004956603918052,1.5320517201790185,1.115613193473648,1.6730297847706195,不平衡
0.020146079370479884,1.0566024519754469,1.7450351873851728,-1.782100604566154,3.527135791951327,1.0567944956492383,0.0389676339033275,1.6444821917205426,1.1473035772791829,1.6863265391089055,磨损
-0.01943277884036537,1.1233099904409471,1.869654598539629,-1.9183880201663308,3.7880426187059597,1.1234780672171127,-0.019155060696030193,1.6363569622308785,1.120628001910729,1.7075438105769865,磨损
0.05154945612816522,1.3826157687698233,2.0958417919275343,-2.1665928720835814,4.262434664011115,1.3835764201799912,-0.003335070425969908,1.5246918973304675,1.0983330981820485,1.5659365397721456,不平衡
0.0013367118104445075,0.7124837949261743,1.209733760157865,-1.141319146308112,2.351052906465977,0.7124850488472491,-0.050150305921058395,1.585842699602047,1.1317348734982993,1.6979075728611273,正常
0.036551825505980476,1.0662049233973552,1.6412061318966504,-1.9355108325965296,3.5767169644931798,1.0668312774870166,-0.11465196876512565,1.6520704106046529,1.1240198140731483,1.8142614237691945,磨损
0.01874096640171241,1.3628658302634864,2.002121423289445,-2.065837754627886,4.067959177917331,1.3629946790510417,-0.033957881389547875,1.5465284755235897,1.1236813772963978,1.5156609091934379,不平衡
0.0005936746951701233,1.4358002370439504,2.1468910336851383,-2.1450073032425663,4.291898336927705,1.4358003597802544,0.007394505547345551,1.5371390843452932,1.116741034440335,1.4952573447357185,不平衡
-0.004975826047708933,1.07149399621838,1.5927587781929629,-1.7497483498001982,3.3425071279931613,1.071505549578205,-0.15401672211481965,1.4550880178380183,1.0946996305550885,1.632981136052616,磨损
0.015315973696092467,0.7230816558454345,1.198807675248704,-1.2432574353956394,2.4420651106443434,0.723243845511619,0.08153298232153727,1.6743506186904005,1.1329167684304016,1.71900174877294,正常
-0.026919281927354446,1.7541738173085473,3.1486118677948656,-2.9567728587950164,6.105384726589882,1.7543803547322128,-0.01562534118191262,1.7095144511600346,1.133342415783043,1.7947145036835503,轴承故障
0.03418324051684579,1.019465734640622,1.7325673383845843,-1.7543391442965919,3.486906482681176,1.0200386649723507,0.14540542090884373,1.6924768264344678,1.1576415457129519,1.719875142352724,磨损
-0.03783267137363562,1.6920615548750202,2.85273710260163,-2.9942665432465696,5.8470036458482,1.6924844508914512,0.02310177071319378,1.6056768331271123,1.1165376190231098,1.7691545358024052,轴承故障
-0.041424010081958104,1.0884958361631907,1.6519324956893489,-1.6883064172614315,3.34023891295078,1.0892837710880825,-0.00826437597571239,1.512436417471622,1.11799898948765,1.5499234101505015,磨损
-0.029131367302880087,1.451800866056792,2.0904794057180247,-2.310725274701936,4.40120468041996,1.4520931069474117,-0.014936174835305929,1.525603365092242,1.1232955923072931,1.5913065515477924,不平衡
-0.04989974205107263,1.779679515342368,2.938424260054237,-3.080049503763771,6.018473763818008,1.7803789376382797,-0.051514596291370854,1.6789389632076712,1.13228257379629,1.7299965970595785,轴承故障
-0.022055616637451873,1.748579705967871,2.6809284106627644,-2.840287161422643,5.521215572085407,1.7487187991063473,-0.13951228811611663,1.5590328044770587,1.1228488114425361,1.6242103434306887,轴承故障
0.02731217351632024,1.451905179328282,2.165135716513788,-2.149907837556846,4.315043554070634,1.4521620448773878,-0.04353440164103865,1.5049120617759555,1.1033369637669395,1.4909739061163125,不平衡
0.010335922027947211,0.7191804227416696,1.1591447709152025,-1.1401799729400266,2.2993247438552293,0.7192546918436156,0.011101389595645468,1.6657843114906306,1.1418740648684282,1.6115915320383774,正常
-0.023075446149092807,0.7300135672280904,1.1817069236759534,-1.1664032328358356,2.348110156511789,0.7303781791319216,0.04152164885913316,1.6296999767708902,1.1439956391379613,1.6179384287173761,正常
-0.005650563913286724,1.7295458924273044,2.9776010245558133,-2.7039572009186514,5.681558225474465,1.7295551228234096,-0.011874377130364466,1.713847529416878,1.1496419932367041,1.7215993784129142,轴承故障
0.10537618487030904,1.755190388751714,3.0942861730799462,-2.6099494919736195,5.704235665053566,1.7583507730553125,0.041509406430481795,1.6819877430563073,1.1345475026500964,1.75976615150988,轴承故障
-0.0011302359660139883,1.0274863928872733,1.6256974659283578,-1.6137894406399145,3.2394869065682723,1.02748701451738,-0.042709288540220706,1.5557508789902632,1.1108077037703463,1.5822073104580714,磨损
0.03118228311633137,1.416233489037968,2.050467468655493,-2.284187049532963,4.334654518188456,1.416576729391318,-0.06757299323986105,1.5914524743462914,1.1182348003824734,1.6124696968255274,不平衡
-0.09554088693901094,1.7248914556958115,2.761539335327702,-2.596183683219875,5.357723018547577,1.7275354106383776,0.10975385336828626,1.5705250373432396,1.108174133553444,1.5985428247443991,轴承故障
-0.05018136864670504,1.7448648009109813,2.6149108505981187,-2.7804002103422283,5.395311060940347,1.745586246284432,-0.06702809407308064,1.6028523782790502,1.1295152433634934,1.5928174366068522,轴承故障
0.011998937018605913,1.0539179238556569,1.8466809475333088,-1.4845835892563892,3.331264536789698,1.0539862260550632,0.08585029159462346,1.5871907147795477,1.1156732467087258,1.7520921068105342,磨损
-0.01319844187663133,1.742567135932824,2.8279727341308374,-3.053379405352304,5.881352139483141,1.742617118618171,-0.029582320115224943,1.5818380977119537,1.1306359041931902,1.7521803111852243,轴承故障
0.0703514355185772,1.400520262551898,2.209910978881539,-2.109853710477049,4.319764689358588,1.4022861085734115,-0.06874662606458694,1.533757533155146,1.114595997101794,1.5759344439146985,不平衡
0.08081051386161932,1.4087776635582687,2.0745508034603315,-2.126240386108836,4.200791189569168,1.4110934924700325,-0.08853015848781855,1.52585781384306,1.1128356298710558,1.506803338903011,不平衡
0.039043599010398944,1.4492505603233536,2.371519990213894,-2.2504518606155455,4.621971850829439,1.4497763928348535,-0.027652067460494516,1.5650811413315548,1.1203669825428606,1.6357832847678737,不平衡
0.023285827123192562,0.7381619788864877,1.2746626034343216,-1.0798802532288587,2.3545428566631803,0.7385291712711333,0.026056404450630198,1.6584212322258745,1.1379156991922537,1.7259475357863217,正常
0.0226909141849658,1.0879162503416444,1.7925031903513315,-1.8827248445858893,3.675228034937221,1.088152859364884,-0.09537892835127405,1.6146389715776623,1.113425919855613,1.7302025429696968,磨损
-0.03399045198765201,1.8246342840782013,2.9770325637376387,-2.8277800321195796,5.804812595857218,1.824950854532772,-0.042828251127620884,1.5988127739785196,1.1245196658765315,1.6312946489382016,轴承故障
0.0006853630197102384,1.7497325935953154,2.6997301900186024,-2.924172274895162,5.6239024649137646,1.74973272782224,-0.050290899828627174,1.684866126184344,1.146117346266225,1.6712108245054873,轴承故障
-0.02828453884878803,0.7196194518337223,1.2093158980914975,-1.350393058039089,2.559708956130587,0.7201750971780096,0.010714405799503382,1.651778571383744,1.1236548578949488,1.8750899095831912,正常
0.033703812485102035,1.4513789494449567,2.1277946142926614,-2.291248166399608,4.419042780692269,1.451770230397351,-0.10917053798810837,1.5519965898403847,1.108665360616106,1.578244351803981,不平衡
-0.0007417995384680517,0.6938064531184396,1.0386496424869482,-1.2107407126442398,2.249390355131188,0.6938068496745653,-0.017070925284646418,1.5818933840424003,1.112851558832704,1.7450688372961998,正常
-0.02600507739748803,1.8141002771814805,2.883338413888192,-2.700459811871196,5.583798225759388,1.8142866586403523,0.06728948962774496,1.5234938664478634,1.1089297325072522,1.5892408181461664,轴承故障
0.03118776888152424,1.0923036891794307,1.6014493872454603,-1.6939097240729317,3.295359111318392,1.0927488395431044,-0.06017536021094025,1.6043913761960928,1.1315039247922851,1.5501363740877259,磨损
0.01824360343830807,1.1047589494255237,1.7249528300271277,-1.8720641824419784,3.597017012469106,1.1049095734050824,-0.06597697737214152,1.6240267992850377,1.123563694159439,1.694314383124826,磨损
-0.002599470485109491,0.706399515142287,1.2777200509233093,-1.212785493380269,2.4905055443035784,0.706404298005088,0.042648416717812256,1.7352656254303784,1.150973303662482,1.808765963557642,正常
0.007823277389449103,1.1320913220865645,1.7972256317366713,-1.862262587657825,3.659488219394496,1.1321183530059116,-0.0929254393075427,1.6668466016724528,1.1377743658721609,1.6449363112512028,磨损
0.03108603891288182,1.4535716261773393,2.1005754180713008,-2.133532813098257,4.234108231169557,1.4539039907239844,-0.06042453085590482,1.45293077582639,1.0998570990967975,1.4674509641376665,不平衡
0.05051627848691849,1.06775416219907,1.6298753942373045,-1.781993990282047,3.4118693845193517,1.068948476441033,-0.09370817840653199,1.6148319025695606,1.1200114445133824,1.6670532110661955,磨损
-0.0548835512714027,1.8279414605596236,2.8801358647838216,-2.8349609150710338,5.715096779854855,1.8287652083941803,0.04952921554671155,1.5371680071001055,1.109711482316078,1.574907402768969,轴承故障
0.010319397836768834,0.6850925157264012,1.0739302719486583,-1.3230711389540164,2.397001410902675,0.6851702307281329,-0.008438941749904203,1.7168923048717222,1.1327661058618663,1.931010834132246,正常
-0.028233262885482557,1.069454626361862,1.642220426894922,-1.7882126613237836,3.430433088218706,1.0698272360432552,0.0015291368339540856,1.590664010466277,1.107582344635582,1.67149666872412,磨损
0.003966099957078941,1.038153964230639,1.7191547558930587,-1.557895183801885,3.277049939694944,1.0381615401259385,0.01387099885131379,1.499751840977252,1.0948183981466046,1.6559607433722823,磨损
0.050525953436060186,1.110519960470342,1.813444343469063,-1.912026938917541,3.725471282386604,1.111668770171076,-0.09985034037714308,1.791388848447493,1.163504097711587,1.7199610082158745,磨损
-0.008136041095587684,0.6905856589441588,1.1622648887843063,-1.1385560962673416,2.300820985051648,0.690633584112478,-0.03442335416948031,1.6386129573963446,1.1392670813690922,1.6828965682426584,正常
0.02899918602096621,1.7392005946391076,2.782971383359522,-2.6435283441786885,5.426499727538211,1.7394423420116303,0.02532097342695277,1.5988031039070447,1.1275019441143252,1.5999216047489562,轴承故障
0.02272681804864504,1.4559138605173902,2.428880674872763,-2.1607811484282498,4.589661823301013,1.4560912325487256,0.05846526563236134,1.586821902558569,1.1194395130727859,1.6680827549895134,不平衡
0.04293004217191662,1.3754700685539625,2.062042830565389,-2.028897615621511,4.0909404461869,1.3761398540877756,-0.026701163845636432,1.4960549614206387,1.0983164538953263,1.4984253412110111,不平衡
0.023769074078854913,1.3941078117624368,1.9847862176721736,-2.1589629224941964,4.14374914016637,1.3943104244391262,-0.031529999522383736,1.5138459111510247,1.1028099885537725,1.5484090805731567,不平衡
-0.039481852255976266,0.9956275958936411,1.4417778109982158,-1.6590678483304442,3.1008456593286597,0.9964101195604722,-0.028863973724734492,1.5377557490828493,1.1057620533638004,1.6650451612191306,磨损
0.05594140686628158,1.4255190985803379,2.121203421234265,-2.304066559880524,4.4252699811147895,1.4266163259333176,-0.0019458325054178527,1.5152722115025399,1.1236777613519704,1.6150569132255355,不平衡
0.017987087043181776,1.769080634320113,2.827478141206683,-2.57919282845108,5.406670969657763,1.7691720736058303,0.0775514366971766,1.5700695804206342,1.1191134062752015,1.5981928401594376,轴承故障
0.11321108745239707,1.706309501596883,3.260232008459554,-2.7884466596185002,6.048678668078054,1.7100610707112063,0.07298817170300581,1.7106258358181348,1.118956309549226,1.9065003373902834,轴承故障
-0.04111439918564677,1.0853291236424625,1.6064435873752574,-1.8571404260979476,3.4635840134732048,1.0861075915612193,-0.06576903509624712,1.5893462073576037,1.1156449161279267,1.7099046543422287,磨损
-0.0283136762245685,0.7113630919190688,1.1944931264860306,-1.2356045494793102,2.4300976759653405,0.7119263394523391,0.04182496624371747,1.6841189708684619,1.1344745199232504,1.735579203680343,正常
-0.06409896713207253,1.7681407965196354,2.8689974471769633,-2.927327303339784,5.796324750516748,1.7693022788388901,-0.08654456930685106,1.6163753935139769,1.1300031288128796,1.6545094290475906,轴承故障
0.032989619127173506,1.0431795504051997,1.8114341828054703,-1.5921896787882446,3.403623861593715,1.0437010536325766,0.0305216587512955,1.585451426163926,1.1207762629884632,1.7355871936003688,磨损
-0.010124972335037436,1.7985770336682707,2.8493360638627636,-2.9316958953230863,5.7810319591858494,1.798605532378832,0.02788046325434277,1.7127925618919224,1.1472538060496733,1.6299826962517086,轴承故障
0.0549808414580769,1.0351416814244911,1.5828899936814746,-1.7515749655723891,3.3344649592538635,1.0366007879361083,-0.027828500264268943,1.588092005429566,1.1176744183865832,1.6897295330932893,磨损
0.040588903602889345,1.4323478698858572,2.063388097405291,-2.2141383174498874,4.277526414855179,1.4329228449090474,-0.061114850865067724,1.5151463696136447,1.10331742833505,1.5451901860325965,不平衡
0.0135415016911554,1.381893278185,1.9766995130091887,-1.9950998550528583,3.971799368062047,1.3819596247940593,-0.0439565651334763,1.4873582146761428,1.1049611590813566,1.4436744888301654,不平衡
-0.03477224840023464,1.7361589295757272,2.7410643497672598,-2.894330292931423,5.635394642698683,1.7365071085383847,-0.09482529345643446,1.613027990457699,1.1217919400528191,1.6667540711658249,轴承故障
0.05112739865496513,1.0003711593207505,1.8364978700393733,-1.668865846712071,3.505363716751444,1.0016768277712957,-0.00035305105368288155,1.7005171499728058,1.1245387393266577,1.8334235343570737,磨损
0.013696789495572419,1.0769866884635981,1.608647440062773,-1.8091004455321034,3.4177478855948764,1.0770737807459028,-0.09919040217560614,1.6640974093812244,1.1323031817521259,1.6796439368445937,磨损
0.05301942414511187,0.6833556945399096,1.1327329102000072,-1.1987721595513197,2.331505069751327,0.6854094138518974,0.034310786613623204,1.5806685731700256,1.1113555225887601,1.748987007107916,正常
0.003122116266538879,1.112317538428812,1.7010851144220334,-1.959145197569146,3.6602303119911794,1.112321920087127,-0.11784162658941598,1.6906083666933205,1.1410256621421617,1.7613113272455847,磨损
0.02083187037074561,1.7787338159756445,2.563305176059116,-2.562046838348772,5.125352014407888,1.7788557993604825,-0.011666489785293808,1.4814800003488993,1.1109000754311835,1.4409853664566585,轴承故障
0.00751982068993502,0.6938217948828812,1.145927344337994,-1.054440492595235,2.2003678369332293,0.693862544570401,-0.00992271975210786,1.6292854766358587,1.122405215429004,1.651519242737527,正常
0.011807930447529107,1.4237040180625284,2.255165449132588,-2.1949840336904427,4.450149482823031,1.4237529835855804,0.012929438391193813,1.5396893442660429,1.1127868820904088,1.5839583656532763,不平衡
-0.03021935138480776,1.8008132230548701,2.7916295324022316,-3.1115200904340443,5.903149622836276,1.8010667598752101,-0.08513539180316801,1.6678517661282422,1.1344343064248923,1.7275984208807846,轴承故障
0.010182898455005055,0.7160589736381427,1.057838057660897,-1.0622099309081472,2.120047988569044,0.7161313742244891,0.04770453258861078,1.5136808371376567,1.1031138642407348,1.4832612688001643,正常
-0.02684402914615129,1.813056927638028,2.8558779195697883,-2.8360321170536666,5.6919100366234545,1.8132556424169886,0.025349400370790916,1.5799356750626217,1.1248505031951663,1.5750001558553162,轴承故障
0.03672040368662085,1.4247284855128275,2.2908820818264948,-2.1576559194141627,4.4485380012406575,1.4252016157297125,-0.03176125001373549,1.5730392988317115,1.1166508806528077,1.6074091247032494,不平衡
0.0130504687769173,0.759304967099916,1.324740290763514,-1.2788643855000907,2.603604676263605,0.7594171105511791,0.030150798987453372,1.58513205591932,1.1155663403943115,1.7444172276123537,正常
-0.0010818554537721512,0.7162706117328864,1.18906291552016,-1.1674905758749747,2.3565534913951347,0.7162714287499021,0.06186504360872707,1.6685765880317225,1.1280186750159924,1.660073077924393,正常
0.00443589888665088,1.8173632519050644,2.8727696952645907,-2.9432671127332233,5.816036807997814,1.8173686655640025,-0.005858557555112063,1.5560500722828374,1.1178452214459416,1.619521216768562,轴承故障
0.03653110176806328,0.7272947548395299,1.1643440420980269,-1.2100722042621443,2.3744162463601715,0.728211632572208,0.006761367193736835,1.6601766223502035,1.151085145270392,1.6617040293928367,正常
-0.018825889729856306,1.0792521095757606,1.7260025975824684,-1.6662349433798893,3.3922375409623577,1.0794162914037615,-0.10115988828132788,1.5123505946726932,1.0994456880843664,1.5990147741590333,磨损
0.0225835989351829,1.1271648714920557,1.8064195392192997,-1.8756097347253646,3.6820292739446643,1.127391088516566,-0.10942721775274393,1.6161843150440403,1.103407536821861,1.6636726630746619,磨损
0.004141191052795232,1.074374940331879,1.796528290013898,-1.959879150011497,3.756407440025395,1.0743829214374474,0.007552750079810302,1.7316114192519,1.1332742034481644,1.8241905290219058,磨损
0.02830232580294167,1.03697863046396,1.6849731722632528,-1.6821514231950052,3.3671245954582583,1.0373647871818121,-0.026573105153081967,1.6333401111885235,1.1242856901675486,1.6242822128928793,磨损
0.021519612986758186,1.74291374537472,2.840760188785493,-2.8366262839949488,5.677386472780442,1.7430465907597636,-0.010011609020403751,1.6293030744073909,1.1433861806032957,1.6297672154502068,轴承故障
0.049558245513331406,1.4753468921807753,2.290191259889936,-2.1310132183085044,4.42120447819844,1.4761790108133332,0.022320618302508675,1.5047644568353773,1.1066002428501691,1.5514319353944488,不平衡
-0.032404879095687004,0.6948283284612118,1.146256742320332,-1.0943864745512792,2.2406432168716113,0.6955835551689011,0.0755943590295909,1.5966773427367542,1.1124965497973562,1.647906615442063,正常
0.08024835355570492,1.7472841369749705,3.153086880679636,-3.106547881796189,6.259634762475825,1.749125968469043,-0.02186763181909008,1.734976141504093,1.1506940177674383,1.802664266233021,轴承故障
0.004579099517502156,1.0572200367585334,1.7681809211174015,-1.6501786753164986,3.4183595964339,1.0572299533574074,-0.01392769602029953,1.563499983129165,1.1066758458645993,1.672465782240662,磨损
0.05662047339279332,1.4577060933568413,2.178573105970056,-2.462446443819688,4.641019549789744,1.4588053100454796,-0.0760821899758011,1.5827293273404062,1.1212544816423111,1.687988401669665,不平衡
0.045125749694738274,1.0458207504494397,1.8077978925953526,-1.8144527446812948,3.6222506372766476,1.0467938552342297,-0.045119447608383566,1.6542388922880216,1.1213781033303536,1.7333429456384801,磨损
0.012281218646517584,1.465299990125631,2.203320569725312,-2.336983295505143,4.540303865230455,1.4653514559291287,0.016525012379665617,1.587147475386667,1.1282566195465407,1.5948278386660897,不平衡
-0.03109375444567397,1.7939919644103863,2.9719117630235674,-2.949199930603535,5.921111693627102,1.7942614051287415,0.010838893600191515,1.648539526964398,1.1206369720404668,1.6563426902919383,轴承故障
-0.0032634760916586125,1.0552264088601444,1.905107657747425,-1.9460242205894223,3.8511318783368473,1.0552314552893491,0.02951101725403371,1.8008425756592732,1.1463545690470849,1.8441681307456828,磨损
-0.021889022190254844,0.7200086828472093,1.1771206230104738,-1.2181626042767506,2.3952832272872246,0.720341330667496,0.014878609190996397,1.6591713835372124,1.1520057047568013,1.691090809656646,正常
0.010295839078622726,1.058166714317351,1.8282165124163459,-1.9378860348349938,3.7661025472513394,1.0582168017904041,-0.012399970601271492,1.6742621318181694,1.1198547056990207,1.8312750575998642,磨损
-0.011012279083804208,1.1106421334396148,1.66060984543676,-1.832236210343924,3.492846055780684,1.1106967267719476,-0.15720555581895218,1.6826460219799577,1.1455838008254688,1.649627811098396,磨损
0.007059340546788884,0.6903969711630471,1.0658250527538393,-1.1797496755414134,2.245574728295253,0.6904330612594279,-0.07042913055925952,1.6357561817722905,1.1231535476734869,1.7087097092635537,正常
0.024463084567217398,1.1666211851159807,2.061527647321377,-1.7879520119471168,3.8494796592684937,1.1668776422864389,0.05119549529517027,1.6009362133521432,1.1160591953046253,1.7667042133957123,磨损
0.02353132317242026,1.4717902644605574,2.6276136997947943,-2.2345104764869705,4.862124176281765,1.471978364559453,-0.009388771030086967,1.5385845379536347,1.1093987475274325,1.7850898918631193,不平衡
0.01618399648098186,1.8006785305117379,3.1895896587601666,-2.796045739002452,5.985635397762619,1.8007512576666462,0.014458751778506782,1.5938439442207768,1.114201289268094,1.7712549942716718,轴承故障
0.0406892940493264,1.1290953886381128,1.8785697423801304,-1.5391208592894057,3.417690601669536,1.129828312308593,0.025935617633506398,1.5074577698632894,1.1128229827573126,1.6627037238740758,磨损
0.08991538470019923,1.4132347536565835,2.4104311622465477,-2.023562557433076,4.4339937196796235,1.416092244646714,0.018119431884262408,1.5599854840549237,1.1257559294086463,1.7021710070008074,不平衡
0.07545255837559159,1.731610369768487,2.9900403090908485,-2.7280759327023167,5.718116241793165,1.733253461342333,0.012258637368377649,1.6174112000288339,1.1257114155320307,1.72510274787086,轴承故障
0.020933813850421812,1.7483013513821004,2.9980648789391533,-3.1953626793905263,6.193427558329679,1.7484266755591444,-0.0738698777820468,1.7161931074486179,1.1357381693701578,1.8275645892819024,轴承故障
0.008707420172628915,1.446681847917145,2.0814888531885236,-2.236080013156391,4.3175688663449145,1.44670805218573,-0.008921851837770367,1.5265043918063659,1.1096227835806165,1.5456332116376146,不平衡
0.01974277113686058,0.7217071953333515,1.3034282828830226,-1.204452284017892,2.5078805669009148,0.7219771830245708,-0.019271768549864718,1.7938911278633167,1.1553310521193432,1.8053593844088665,正常
0.02039921770107351,1.0812861371339872,1.7454548440967332,-1.5971463027422572,3.3426011468389905,1.0814785427556832,0.10471589334636848,1.5888900138101214,1.1067145850367996,1.6139523577488617,磨损
0.043426542165938636,1.8044026922956606,2.713648115192453,-2.900828874372879,5.614476989565333,1.8049251897317844,-0.07085469574096619,1.6160009801413813,1.1311961582938612,1.6071740206823923,轴承故障
0.009527118348301602,0.7264352989358738,1.1860033680648556,-1.15791948302474,2.3439228510895953,0.7264977697997943,-0.017322794438711497,1.6710161183249792,1.143275081436847,1.6324941619964517,正常
-0.03047728168840489,0.7329482644441132,1.0605704186194962,-1.2217970600695622,2.2823674786890584,0.733581640344653,-0.002681706384897249,1.5593231750547485,1.1160123217854512,1.6655229530130857,正常
-0.04734522003213556,1.8122966161615448,2.6164508608964177,-2.9169222342754773,5.5333730951718945,1.8129149441742924,0.019664869752482366,1.529650163753389,1.1081520178966011,1.6089680563823239,轴承故障
0.029831955486759477,1.0980064450087599,1.8736669789298463,-1.698633586392138,3.572300565321984,1.0984116254159637,-0.057083942740086685,1.675438853374269,1.116735113276971,1.7057967481450473,磨损
0.03953781836916561,1.4466283839019618,2.1246444058818663,-2.2385851785736612,4.363229584455528,1.4471685873429516,-0.04453848795221955,1.5309468466809313,1.1113808186318304,1.5468724224653665,不平衡
0.03889473232063852,1.0503332467117728,1.6805620790084053,-1.640319359091347,3.320881438099752,1.0510531524858235,-0.1366556008382588,1.4996088597172403,1.0974003261312226,1.598931581027896,磨损
0.024776083563311672,1.4256931477889183,2.1921578766457794,-2.18883085309208,4.38098872973786,1.4259084142991132,-0.035714709744396174,1.5487125444200267,1.1170177232694003,1.5373763521618382,不平衡
0.03188781928590389,1.4557332613537557,2.629436940287388,-2.2568378190227407,4.886274759310129,1.4560824706143716,-0.003557546445808004,1.6218896963142344,1.1241445417444045,1.8058296787251031,不平衡
0.011042488309468643,1.0702767737365237,1.8440238963163413,-1.7005087203678995,3.544532616684241,1.0703337371810377,0.06444176822637482,1.668276849224305,1.130702393731083,1.7228494553490428,磨损
0.09449757556486228,1.7958345342511166,3.057694424011773,-2.694384789963178,5.752079213974951,1.7983190668500855,0.0394256679023317,1.656528844436364,1.1494067160244652,1.7003069589856286,轴承故障
-0.03405273741199756,1.0406171332474292,1.543151249359089,-1.4741259058109275,3.0172771551700164,1.0411741482256214,0.130395921651823,1.5112548576023637,1.1216023219524194,1.4821259746419262,磨损
0.02469413245748459,0.7243838944242142,1.2583749827493176,-1.2051189615740412,2.4634939443233588,0.7248046817446885,0.04021558382526196,1.712685594680121,1.1433770261907996,1.7361573597271034,正常
-0.01673388173671803,0.6926109712892745,1.0487283095562299,-1.305532231691585,2.3542605412478146,0.6928130919290213,-0.12079753253185838,1.8578102386073911,1.163464950085125,1.8843931310075437,正常
0.006855172492921136,1.0782720633259006,2.0142502645894513,-1.6018301548679452,3.6160804194573966,1.0782938541691698,0.0436577460302999,1.5711361722914357,1.1078330207660039,1.8679975376050346,磨损
-0.07793781261951377,1.806907475118473,2.5837918534028,-2.9003353535601,5.4841272069629,1.8085875500718593,-0.030512683121433293,1.592684184150795,1.1363216143109833,1.6036466430859255,轴承故障
0.03117362150646893,1.7927988465157811,3.0612772761255975,-2.8141154697617576,5.875392745887355,1.7930698532812777,-0.02527857885577855,1.6242811903986292,1.1256360144130009,1.7072827756000695,轴承故障
-0.06030878130766154,1.8085492289461693,3.027126306044282,-3.015422836712663,6.042549142756945,1.8095544928585596,-0.009272734527520282,1.6733975926525517,1.1372759927097833,1.6728572241530202,轴承故障
-0.004042477078733537,0.7627531327156888,1.3063829210027944,-1.188469898889005,2.4948528198917996,0.7627638449012442,0.004452787323453846,1.6135967607970463,1.117127150131586,1.7126964388311607,正常
-0.08037623687588515,1.7828407669724868,2.506886809928833,-2.8745805939151805,5.381467403844013,1.7846516578406477,-0.01743743329656605,1.547905269055303,1.1159044698674605,1.6107236284038913,轴承故障
0.03604230417533718,1.4130968717081953,2.124354094763093,-2.0822423862389923,4.2065964810020855,1.4135564426374194,0.03336765445978427,1.524444073814155,1.1178001119841212,1.5028434879113703,不平衡
-0.006638643564651009,0.7268454011726935,1.3062933470175517,-1.0805606586657,2.3868540056832517,0.7268757175709422,0.13154938910070121,1.6779062785618566,1.1392992362049383,1.7971343866090088,正常
0.028443602587776833,0.7111006644399825,1.2407262947047153,-1.05240619084007,2.293132485544785,0.7116693006552663,0.02474992219029087,1.66668492271541,1.1326136331999361,1.743402860553324,正常
-0.017195400387319548,0.737591282932748,1.3061505110735305,-1.1620923154494183,2.468242826522949,0.7377916931308304,0.017945755940922486,1.7026036463768468,1.1332986219824333,1.7703513377249147,正常
-0.004390949268703686,0.7055505649690105,1.1151386583949507,-1.0462304491792465,2.161369107574197,0.7055642282340923,-0.017977824905226033,1.5701498680592207,1.1133404956485329,1.5804920567301217,正常
0.008002565947789973,1.0233771631652993,1.4608381450757726,-1.7242757895945402,3.185113934670313,1.0234084517679167,-0.11450289330964149,1.5622353160656632,1.110220897298261,1.6848363783271538,磨损
-0.006380103188376036,0.6999154843305857,1.0819715913195398,-1.279887851594208,2.361859442913748,0.6999445627493742,-0.14988173772024682,1.8033493959801665,1.1488778841116172,1.8285560307575897,正常
0.036513762128780825,1.4625556229024204,2.1850454121725282,-2.3108630245069377,4.495908436679466,1.4630113481816482,-0.03914557262853649,1.5920028948702123,1.1200189009686228,1.579525016823087,不平衡
0.0319335915204263,1.81130311168197,3.0178945722747628,-3.073063494712306,6.090958066987069,1.8115845872208618,-0.07854121766619755,1.6269592103933854,1.124693166213722,1.6963400529130332,轴承故障
0.07252075609664296,1.094326866995622,1.7657873798484147,-1.5622476513909807,3.3280350312393954,1.0967272003070236,0.002327547749449408,1.5099989762752946,1.108338796704078,1.6100515964162152,磨损
0.005059618998123989,1.7355265143763863,2.843024120425208,-2.7586075197541695,5.601631640179377,1.735533889570542,-0.051044552678451253,1.6376040576819841,1.1182278276626292,1.6381265369383835,轴承故障
0.02477425916094491,1.3967106411140016,2.1880386219103936,-2.2135749830825158,4.401613604992909,1.3969303414694874,-0.05713443566563111,1.572990953935996,1.126173416596325,1.5845994014243452,不平衡
0.0022366288308426252,0.7218226582381866,1.1086100788899018,-1.1700382103802882,2.27864828927019,0.7218261234220946,-0.06295745860696986,1.576040807949379,1.1185646999146706,1.6209419031153618,正常
-0.0017056676737969812,1.7849283769638267,2.759776873879595,-2.855816634169919,5.615593508049514,1.7849291919269332,-0.02902913615474998,1.472959597171383,1.1033535342003211,1.5999607418190664,轴承故障
0.02189875493422757,0.748686964211135,1.1673621228072026,-1.1079799650823106,2.275342087889513,0.7490071600774953,0.02369035768375574,1.5782659746345673,1.123922752923926,1.5585460124714534,正常
-0.060428118551559246,1.731296607359664,2.7768012626753,-2.9439037750247303,5.72070503770003,1.7323508594296835,0.037520051248186824,1.6091312613692872,1.1202954683745039,1.6993692466109156,轴承故障
0.044754503278435304,1.7456021303801978,2.993277954707481,-2.9521693951620613,5.945447349869543,1.7461757537978773,-0.038087310172934166,1.7159724666750296,1.1418457424523072,1.7141905378228834,轴承故障
-0.02504314741159464,0.7140690831770237,1.525700338110426,-1.1189242695930832,2.644624607703509,0.7145080928733795,0.09857191417303479,1.841137947488546,1.1411636157729395,2.1353156851748483,正常
-0.014833485419418382,1.074237772572006,1.6096242293879177,-1.9341841136916071,3.543808343079525,1.074340180906473,-0.1195765558984451,1.5772228601636231,1.1125348566459041,1.8003460615981126,磨损
0.05447552933113095,1.4154625494187125,2.19204242653399,-2.2123806163558424,4.4044230428898326,1.4165104348725526,-0.04041594389755415,1.5184466515301347,1.110951920351824,1.5618526780557824,不平衡
-0.01996940820889216,0.7182707216339458,1.0156468678580057,-1.3634029413795496,2.3790498092375554,0.7185482633899846,-0.2439714498553927,1.703008138446805,1.1271400178542401,1.8974410080089956,正常
0.04733945426342721,1.4273356185460941,2.084109243650509,-2.275965138209207,4.360074381859716,1.4281204402641676,-0.05832064932576255,1.5400294125358218,1.1121252039644192,1.5936787079588615,不平衡
-0.002367466319167506,0.7070273265379584,1.120244184999625,-1.1568965154339161,2.277140700433541,0.7070312902327487,0.013345797510386974,1.7536523916966364,1.1508553359569138,1.6362734312500489,正常
-0.013802130879767569,1.074028841986474,2.164812173215855,-1.716757518859615,3.8815696920754696,1.0741175225437993,0.08667571377479327,1.7564622930475375,1.1257539589021208,2.01543325341854,磨损
0.07248036432050445,1.4006934468249077,1.9940276529126486,-2.181907625639239,4.175935278551887,1.4025674797279002,-0.1187492490744227,1.5385869315007656,1.1186988871118688,1.5556525137079082,不平衡
-0.037642431351246106,1.8403017281378844,2.9119381401519573,-2.7643127096605515,5.676250849812509,1.8406866662268506,0.027797872565219307,1.5678132925338508,1.1143221956725546,1.5819846981142225,轴承故障
-0.001535743012063648,0.6844694013622861,1.0197735707308286,-1.2535068393081106,2.2732804100389394,0.6844711242323122,0.0014714153078293755,1.5869154715846039,1.1130903026328534,1.8313509434468567,正常
-0.0025056252395168643,1.403170364426374,2.0412528632617444,-2.355137143296771,4.396390006558516,1.4031726015577286,-0.032661769150679504,1.554322444756304,1.1170373311928834,1.6784372360993776,不平衡
0.013381407720284759,0.7281595135615158,1.2789771765729983,-1.1514595113688089,2.430436687941807,0.7282824584340336,0.09478832923377482,1.660666499416739,1.117530325527652,1.7561554058949367,正常
-0.04539509050709136,1.7340352695458603,2.608050742232325,-3.1890419523043576,5.7970926945366825,1.7346293639481405,0.028499597476216682,1.6339019240158157,1.1240685668084802,1.8384572626293056,轴承故障
0.018728140684072973,1.44956819209322,2.2004887614365503,-2.400114532820347,4.6006032942568975,1.449689169022756,-0.06215107212907941,1.537348983553002,1.1151893624682376,1.6556063078492318,不平衡
0.01784500964866904,1.0776708380915472,1.668525476843028,-1.865953168956063,3.5344786457990907,1.0778185745487496,-0.1281887506084633,1.5239453493321833,1.0913535964839078,1.7312312228096074,磨损
0.05715971854105609,1.4263340635997361,2.3210709302671164,-2.2093596396060606,4.530430569873177,1.4274789295848218,0.010267468033323039,1.5243589229029755,1.1076251472429453,1.6259931281644864,不平衡
-0.006239246105867723,0.6856243946949324,1.1696465959565892,-1.0627233190859513,2.2323699150425407,0.6856527829687281,-0.07994119483205728,1.6013794144021338,1.111193840476686,1.7058876224809938,正常
-0.005141848428350973,1.7426341615759295,2.6990972987658903,-2.5993607154310383,5.298458014196928,1.74264174737572,0.03796205273280932,1.5246950623531808,1.111778697035108,1.5488538035288268,轴承故障
0.008874863127234511,1.363812465779383,1.902841275154574,-2.2834949437974794,4.186336218952054,1.3638413415829453,-0.10506731371098821,1.5589305836409428,1.1197570347848471,1.674311280943944,不平衡
0.009369705313796394,1.4325314810401015,2.285998705104294,-2.172878272987686,4.45887697809198,1.4325621227537095,-0.039936775003605304,1.5617318551191692,1.1176530460191076,1.5957414122820108,不平衡
0.04126408501364425,1.060480218108823,1.8247144752703794,-1.8769419536885077,3.701656428958887,1.0612827227992316,-0.01795606396962126,1.6099364225417916,1.1153461886045097,1.7685597939077375,磨损
0.06068886344722434,1.4260937734812658,2.223864803045919,-2.113091233021366,4.336956036067285,1.4273845273466261,0.0035006869649490445,1.5520557507153776,1.1196543496116715,1.5579997963296373,不平衡
0.040161373427972505,1.4632048633592871,2.568760916584822,-2.0521829271645893,4.620943843749411,1.4637559250345975,0.01860562413718562,1.5669390822121425,1.1252107945462824,1.754910687277741,不平衡
0.02269463297414837,1.129410859603906,1.898278873564565,-1.8426859130071922,3.740964786571757,1.1296388520925904,0.03157067941375035,1.5391371382857582,1.1042664339821384,1.680429873565406,磨损
0.00902420423641723,0.7194742243795744,1.2414575344743974,-1.2094271571145407,2.4508846915889384,0.7195308164413049,0.04820639053080269,1.6343987857324935,1.116738513133392,1.725370902725097,正常
0.03692554606639039,1.7587012715755996,3.0248297621109206,-2.886809999300408,5.911639761411329,1.7590888717156767,0.034562597332552014,1.5481903485027788,1.1123607465860932,1.7195434583067912,轴承故障
0.041159194507819484,1.3938005210640327,2.2839285618317584,-2.159230202435838,4.443158764267596,1.3944081080554938,-0.06996670209390828,1.629250275671423,1.1250735021830418,1.6379197370366065,不平衡
0.0796745700937592,1.439790870216537,2.247627080589251,-2.091786174084452,4.339413254673703,1.441993684826157,-0.053288001508453815,1.5054295076613053,1.1097694718583844,1.5586941219540429,不平衡
0.0068480857363601546,1.0512504051729734,1.9115197958611263,-1.9810785071080956,3.8925983029692217,1.0512727099352448,-0.0785433542341131,1.7786970780735765,1.1447562959492479,1.884457275640379,磨损
-0.00032687885616313085,1.757494786919038,2.924593074230048,-2.748904440473045,5.673497514703094,1.7574948173173601,0.02702417805266026,1.6542270389656326,1.1337732161194976,1.6640692451814678,轴承故障
-0.0007392453045650305,1.0749178119476155,1.769063581272548,-1.8723420931781203,3.6414056744506684,1.0749180661454478,-0.08536615157503202,1.6378737107522263,1.1087606371198033,1.7418463341284915,磨损
0.017443741055130163,1.4549834378937567,2.1531520337885164,-2.2941654938488054,4.447317527637322,1.4550880003103366,-0.011221563711595516,1.568566169447681,1.1234625361465709,1.5766506858704408,不平衡
-0.005381331691332032,1.4070278719505784,2.0748799262377964,-2.0213085178500743,4.09618844408787,1.4070381626581938,-0.004192532326218848,1.495470596312438,1.1128782002289355,1.4746436743197096,不平衡
0.01537570970804606,1.7792745337569802,2.6987607443049746,-2.882015605504623,5.5807763498095975,1.7793409675846688,0.02659666087191125,1.6393833116308465,1.1512806296310425,1.6197095766612888,轴承故障
0.005955227953650889,0.7019927526570336,1.213003795263452,-1.097943852377361,2.310947647640813,0.702018012249671,0.09365181869369428,1.7232837009735382,1.1610189140180907,1.7278812992326216,正常
0.024629468974830104,1.792724263980016,2.709639367128444,-2.9562605657736825,5.665899932902127,1.792893442847252,-0.07005549592571957,1.5749166904054852,1.1291977120652759,1.6488768908173521,轴承故障
0.03101832135117797,1.767894314449149,2.5786778937554646,-2.898943383315619,5.4776212770710835,1.7681664071351064,-0.0501712959193345,1.5044036422465652,1.0999692963169296,1.6395195449102078,轴承故障
-0.01505685110822824,1.020993891831192,1.7663849165416785,-1.6323169039858019,3.3987018205274806,1.0211049093613738,0.010794543031137045,1.6084865869015448,1.1124468712846896,1.7298760393517598,磨损
0.0077189868234791206,0.7162710894305261,1.1617310694023055,-1.1555444748574926,2.317275544259798,0.7163126805464034,0.009680499618406835,1.6602849595376454,1.1317400245039237,1.621821169428349,正常
-0.008990985837125182,0.7245175227698627,1.3180878118889447,-1.1720592715186449,2.4901470834075896,0.7245733079729765,0.08118453747410563,1.6370856489501133,1.123920449806385,1.8191227819231115,正常
0.009983772209419175,0.7332714972155855,1.1733937937940522,-1.0779377869537057,2.251331580747758,0.7333394605067397,0.07025293826792514,1.651381921018854,1.1475083673350763,1.6000690769091122,正常
-0.003580345864540395,1.4084591881079953,2.193903251146138,-2.182654011415023,4.37655726256116,1.4084637387743935,-0.036602346222413644,1.5478535797693014,1.115628681773329,1.5576568928210013,不平衡
-0.004617990481496859,1.8121390828648962,3.1881409877576514,-2.7812908750427394,5.969431862800391,1.812144967016302,0.09290389922057424,1.6017690046567445,1.1162585625173376,1.7593189538423055,轴承故障
-0.02811677110959797,0.6850733385572363,1.1020506696353711,-1.0442737146642673,2.1463243842996382,0.6856500798655152,0.002712403385059633,1.5088618811968828,1.1012716580575161,1.6073077242123253,正常
0.003188230627320414,0.7145141754779443,1.3832079899144178,-1.1546316406143318,2.5378396305287496,0.7145212885376191,0.09333610536223082,1.7440090385285114,1.1456908257469611,1.935852733725802,正常
0.005050221314836947,0.7191682820205738,1.2271347782225042,-1.0698631260327625,2.2969979042552664,0.7191860139072175,0.15522891599449562,1.6580449488890237,1.1468997319860954,1.7062828730289923,正常
0.043985095135965276,1.0746209621170588,1.5824020669825456,-1.6804956039111152,3.262897670893661,1.0755207579658859,-0.12414204306321491,1.5631658923266223,1.1186809661534045,1.5624948112885877,磨损
-0.003484700768949627,1.0924299218230684,1.6615397581231277,-1.7265509048631786,3.3880906629863063,1.09243547966633,-0.08109823903964512,1.5635450786494758,1.1117320960400006,1.5804602988841818,磨损
0.05636945539178732,1.4598387541481601,2.3159333718905706,-2.1562008689216166,4.472134240812187,1.4609266592180523,-0.04176420987212962,1.4835824262749742,1.097340098620647,1.5852495791757457,不平衡
-0.009313699286353568,0.6770506500764478,1.089250551542652,-1.1279239185287282,2.21717447007138,0.6771147079803665,0.028122877936513996,1.615925631101367,1.1103869437151495,1.6657796752435263,正常
-0.03287375285779965,1.7773545159472883,2.7335321948375344,-2.9847126585478643,5.718244853385398,1.7776585046023814,0.01756913152305513,1.598968243369565,1.1235398741216471,1.6790135173052092,轴承故障
0.04491294654663142,1.7616085776570538,2.670496404368221,-3.2030622298788844,5.873558634247106,1.762181021814277,-0.03485942676196142,1.633829121067468,1.1263372404922272,1.8176692349117243,轴承故障
0.02858092802115212,1.4368300273673367,2.164847267484967,-2.2139092472327753,4.378756514717742,1.437114260242021,-0.0655816548523256,1.5298075829034976,1.0988045251907825,1.5405241659114033,不平衡
0.009485542652116567,0.7311339808001606,1.2208334995320094,-1.169493741964164,2.3903272414961734,0.7311955096963428,-0.02732308706390663,1.6602259691922439,1.1422893982500928,1.6696403125780184,正常
0.007752445435917319,0.7079558957819859,1.0785445436496635,-1.072413371955682,2.1509579156053453,0.7079983409462984,-0.03533843658166725,1.4715974954267133,1.0873311024145764,1.5233715690008005,正常
-0.05041444161012893,1.7317101992544253,2.918184608568889,-2.9427417871194756,5.860926395688365,1.732443889459241,0.03483539274847977,1.6464512435767522,1.1346404133127173,1.6986072708352775,轴承故障
-0.018152836192571936,1.7702120573411713,2.921404670893337,-3.070575647804726,5.991980318698063,1.7703051300320791,-0.007367195756624331,1.6406641797400832,1.135910270374868,1.7344894931054267,轴承故障
0.06899310354339219,1.0327708512784917,1.6303971887771693,-2.007375504569365,3.6377726933465344,1.035072789511467,-0.1141340673752813,1.6910694678972282,1.1260128083265175,1.9393568497949492,磨损
-0.0024830270770795004,0.6885444292009014,1.1153037216604147,-1.0961341727489797,2.2114378944093946,0.6885489063291442,0.08168524706355859,1.6282368924722552,1.1195665885785322,1.6197886762240992,正常
0.03705229993008378,1.1310894952644215,1.8555959853730069,-1.8120628814226944,3.6676588667957013,1.1316962133132868,0.026449658199525116,1.6148271253889224,1.1124858727784968,1.639659091706581,磨损
0.07010590888412561,1.407121572735523,2.003370721823792,-2.162963504929373,4.166334226753165,1.4088669060341226,-0.12159546199401434,1.4861428406692112,1.1040410026163048,1.5352504168505618,不平衡
-0.010589992571033041,1.0920189371716296,1.866412358625615,-1.858549477415192,3.7249618360408068,1.0920702848645365,-0.11290940315293216,1.672039529284501,1.1430425800427049,1.7090588255372448,磨损
-0.028290360684443457,1.7669991008952652,2.824469904234149,-2.950596444032407,5.775066348266556,1.7672255563657777,0.0002767703690091748,1.6135841967513755,1.1121389265200388,1.6696207415273112,轴承故障
0.0044617948098572,1.1141147478907332,1.7906684916614761,-1.8632127613229783,3.6538812529844544,1.1141236821289444,0.024494230493257232,1.6529893652255856,1.1325721053492437,1.672357199692037,磨损
0.055174608129537506,1.393785345179521,2.305993654105303,-2.2003073709250565,4.50630102503036,1.3948769930784022,-0.05952714954948252,1.6025756342338406,1.1103678775481451,1.6531878189852478,不平衡
0.016896326549926243,1.0802615709623862,1.9692514647037345,-1.8152609087345264,3.784512373438261,1.0803937002542194,0.01027898869081023,1.6385918522697016,1.1191346308041632,1.8227165375530168,磨损
-0.025196336084095137,1.8373327953152112,2.825804468170402,-2.8466420457887147,5.672446513959117,1.837505552669942,0.03655832995663776,1.5002683899884617,1.0960934013408556,1.5491882685728775,轴承故障
0.018995861391975337,1.090388458684347,1.8081558161440148,-1.7274667371511863,3.535622553295201,1.09055391135975,-0.008830563283711767,1.6432254660582168,1.1340519686109205,1.6580159835690524,磨损
0.017661408676694648,1.5048605177705203,2.2760949926576846,-2.168046930914971,4.444141923572655,1.5049641534936982,-0.0447494548582422,1.4681407683394156,1.1001145132708217,1.5123914993075456,不平衡
0.006911062661135884,0.704215653957249,1.3449961137228135,-1.0645572088350617,2.4095533225578754,0.7042495651866191,0.06006326016735015,1.6327777083000128,1.11858154599648,1.9098288164017823,正常
0.0006323930125340291,0.7281937267261968,1.2003149241593065,-1.2189065046208862,2.419221428780193,0.7281940013240352,0.06673618617712301,1.6306652179316314,1.1357865042303104,1.6738760580796157,正常
-0.07954910661592218,1.7297814949507102,2.6946736718839586,-2.9423693264547417,5.6370429983387,1.7316096790666495,-0.019706212923941636,1.6777995836228072,1.1462448645880885,1.6992104871293972,轴承故障
0.01815243091287974,1.7201362633138688,2.6475297293512776,-2.94963518227445,5.597164911625727,1.720232041067555,-0.08414909859230306,1.6263668183600988,1.127592459343698,1.7146728532462838,轴承故障
-0.011665896719023234,1.732814534161926,2.7934511045317567,-2.785073498510506,5.578524603042263,1.7328538031089271,-0.0060258559342967035,1.569999673409818,1.1194926898108895,1.612052383968456,轴承故障
0.04610745701267895,1.4237862151983105,2.293963743334201,-2.310011217313434,4.603974960647635,1.424532584457409,-0.0436536282287724,1.5933571141951774,1.120910249974376,1.6215924032591618,不平衡
0.02091396784352306,1.4457723973462704,2.2604011693865664,-2.120040130934862,4.380441300321428,1.4459236559996318,-0.04310076047057675,1.5866049802460962,1.115387248140231,1.5632921972408844,不平衡
