时间,入流量,出流量,延迟,丢包率,CPU使用率
2023-01-01 00:00:00,256.25204358089275,197.0674213418069,15.155797975647559,0.011348744687459599,34.22962618735252
2023-01-01 01:00:00,372.2243731481607,317.81294533641415,15.113368281433328,0.010334498927721938,41.35950224976166
2023-01-01 02:00:00,476.31562478430743,343.50675720098565,16.831688832301975,0.0044729424456231215,56.27545860977291
2023-01-01 03:00:00,398.0700907866961,383.21512010440904,14.696609008444213,0.010940238634590854,61.73445248925748
2023-01-01 04:00:00,484.15800416996484,333.5584171624561,19.092659368292193,0.01193023616027419,63.82827111367648
2023-01-01 05:00:00,571.0015471075494,463.64324371563526,21.260040875187265,0.016242716404209545,67.10506223762589
2023-01-01 06:00:00,425.7880159889258,332.0781405039682,15.618402880064908,0.018584287774254003,58.54293198583524
2023-01-01 07:00:00,600.8923197339997,461.2636202628799,22.976596907179456,0.0061967060672242355,66.17832076708001
2023-01-01 08:00:00,555.603675454143,439.22898769413405,18.462088801048157,0.013247910019657716,70.23269548836515
2023-01-01 09:00:00,626.6458398843727,521.4816993750686,19.409791740542197,0.0005648507824198516,58.76429008033402
2023-01-01 10:00:00,497.18920032819267,422.5767867044905,18.66743330395488,0.016082871974436225,65.43658885305251
2023-01-01 11:00:00,443.7982918552689,348.51172289653897,15.717451783529194,0.017485966566361654,50.39501299321922
2023-01-01 12:00:00,452.84817525351787,372.23218115410265,17.335204067281357,-0.0011891525213303684,37.163263799457816
2023-01-01 13:00:00,413.21522373569286,290.6634082991122,14.095669313413739,0.010640277546015533,41.11364690852545
2023-01-01 14:00:00,389.6757011766968,306.21247674997426,11.10009279916457,0.008014523497591611,35.24029820533698
2023-01-01 15:00:00,335.1599673060809,279.9591892066381,3.5755666733311564,0.01095125850796926,24.84177316503905
2023-01-01 16:00:00,219.60507131179668,107.19374587669125,9.858297036386384,0.01011695245587178,24.696177885849472
2023-01-01 17:00:00,282.1150965349965,228.11953399381082,5.632407790537842,0.012750968573738792,16.98605688359924
2023-01-01 18:00:00,273.0257708707213,213.37445797761364,9.433987560150753,0.018054052567422055,22.26079469489376
2023-01-01 19:00:00,235.7897456708009,226.72621455093315,8.508646873542299,0.011692727881899425,18.367241313900617
2023-01-01 20:00:00,254.3414122500938,208.48662777682435,7.8157151411216805,0.008463644018505415,19.739603198217438
2023-01-01 21:00:00,249.69927171208053,214.15426851524913,10.868041319793106,0.012547343874667362,30.89614882203989
2023-01-01 22:00:00,192.33625783575212,145.72367077548515,10.465442093491744,0.012399029623278119,31.328937556562884
2023-01-01 23:00:00,271.82027756202535,236.41767636325199,12.080832340774705,0.013356886732536292,28.346991114934887
2023-01-02 00:00:00,605.6949959451592,501.4246642931397,12.624295740097166,0.01076927374785706,52.09134221039612
2023-01-02 01:00:00,660.4957549129472,489.1983631307637,17.97874925367272,0.01583612886140597,66.66016767993791
2023-01-02 02:00:00,675.3604939685695,549.6176855252824,16.767952823026043,0.02059832796168417,69.35643939216865
2023-01-02 03:00:00,888.8013607841714,746.5083003230906,20.231671954433647,0.007888655700603554,69.22199928668888
2023-01-02 04:00:00,851.3922173302578,710.6275264228025,22.121764323001116,0.016583705119084396,83.68014732855035
2023-01-02 05:00:00,900.0222046248693,720.8389380606918,26.75668607364748,0.019219225268909384,83.96944266606008
2023-01-02 06:00:00,1011.8485494548033,819.1295206662517,25.84926706327232,0.012335066854149708,78.48542264058553
2023-01-02 07:00:00,1023.9899060257611,846.6391709273121,25.932065074913062,0.020843814557122774,84.48988729572797
2023-01-02 08:00:00,1080.0720796805304,829.8920147252143,26.67170135954014,0.014351484041963743,85.71122142218397
2023-01-02 09:00:00,1083.410444668198,880.9598469040092,22.620277749936164,0.009089528334179996,74.87115838138618
2023-01-02 10:00:00,1045.835863724734,777.5413583199967,19.80553902162798,0.008420068677434516,78.39166612785054
2023-01-02 11:00:00,962.0428838433429,795.5049920087748,17.40655842246167,0.018753675678732304,79.39325715918008
2023-01-02 12:00:00,927.6648712200665,730.5892168797319,19.738790861164507,0.018338928933893977,67.74829271240306
2023-01-02 13:00:00,749.6450587658522,597.1223243954917,18.17573780213492,0.02273428368380151,50.62172944175904
2023-01-02 14:00:00,804.7180428640391,627.113386586545,17.372679988468086,0.018297745743304512,45.417082084498425
2023-01-02 15:00:00,652.1128044153272,520.4588079812056,11.323498441598339,0.014471199035568571,39.236900564544975
2023-01-02 16:00:00,698.4968956032459,566.4590174441566,15.365833002860281,0.01739756110718479,31.086632809662763
2023-01-02 17:00:00,594.1079644929303,497.915790657941,15.197535000424597,0.0153569410444751,28.0973583289745
2023-01-02 18:00:00,480.3280997141965,423.24750278155483,11.018544515838244,0.013337134358325155,16.202082581262804
2023-01-02 19:00:00,461.292783533494,370.49068316722634,12.757857958435402,0.012249689173381633,28.23070732656875
2023-01-02 20:00:00,509.2030807204241,357.51475742608903,12.508214997298804,0.006370937890243325,27.965423523380785
2023-01-02 21:00:00,347.2163106198085,316.9424395393326,9.477198013375117,0.0112578289305446,30.521998711120194
2023-01-02 22:00:00,482.18083969139246,341.58529344223115,10.99264476505299,0.014845904070118198,36.67154456408348
2023-01-02 23:00:00,622.9391526660543,485.6836204812014,11.709139993796313,0.0013820473673084258,40.53422966759236
2023-01-03 00:00:00,642.2426795012522,499.0834457052613,15.532901632345022,0.012300310009127104,52.410534341792385
2023-01-03 01:00:00,630.4685927256409,504.7216118636553,17.125118234837863,0.019432497658861937,52.62465041312544
2023-01-03 02:00:00,765.7237305560374,574.6744462929967,19.727782517979357,0.021494008535413115,73.80128975638351
2023-01-03 03:00:00,778.8110537571166,583.6873766934818,21.098481514436006,0.012082194373402182,65.88507660091612
2023-01-03 04:00:00,882.926656356918,705.6956952480547,18.57199908203626,0.01182937362700518,74.40102802187958
2023-01-03 05:00:00,978.8239153098325,759.1254156182393,26.175927360503092,0.010982902590774819,76.87799261688879
2023-01-03 06:00:00,1035.2988802156976,868.6219107458564,27.143162474285646,0.011712892152250588,79.0088407754523
2023-01-03 07:00:00,1076.2486840972972,844.472545981688,26.334178404390347,0.020133821901766775,85.34378747827417
2023-01-03 08:00:00,1111.6893638479803,858.5018376171791,23.10832972987039,0.022476167612959223,78.14936917836005
2023-01-03 09:00:00,980.0914356729327,834.2282243006779,24.07041977576412,0.005791236830697296,75.87237902971884
2023-01-03 10:00:00,1011.008672522824,822.905025010641,22.655306772857347,0.01007386786846306,75.85039945484498
2023-01-03 11:00:00,919.6146794572528,817.2003345959675,21.439207412586185,0.004705624819291812,63.71198350256033
2023-01-03 12:00:00,880.0571801444553,646.3763184913793,21.902816980377384,0.013765984787360986,48.32058478136006
2023-01-03 13:00:00,789.9238330405684,638.1720428022119,16.24820511606418,0.011348023181448222,57.824220494081864
2023-01-03 14:00:00,774.9701743308849,634.5445168691936,15.612752736802145,0.015459861903512348,47.16525582150493
2023-01-03 15:00:00,725.005246966241,580.8388841418257,11.985795558878172,0.016851626009634912,41.417576074001204
2023-01-03 16:00:00,655.3507111991204,513.4205527895813,14.066732732024146,0.016162172817919748,33.36420218795857
2023-01-03 17:00:00,482.6093115930831,423.4559986410129,11.40193732770434,0.005031742567547801,30.822925656093922
2023-01-03 18:00:00,484.02747654371854,401.2139137124032,10.273395859713771,0.012988937846747735,30.824225943579933
2023-01-03 19:00:00,403.57715747618784,272.18449829146925,7.099880677505255,0.004490503474365262,29.323909868613406
2023-01-03 20:00:00,391.6885886002321,287.26982337324785,8.220152209385503,0.021500964156080236,27.079393204900267
2023-01-03 21:00:00,427.13568339967577,306.78839941964003,7.073305652440552,0.010886773164712316,23.21584456301258
2023-01-03 22:00:00,507.35726341087616,402.2510692529797,11.183367309955706,0.005667683644817671,38.93777150334951
2023-01-03 23:00:00,563.813717786318,479.5169315924596,15.7627767415174,0.009615015650882054,44.954574865578905
2023-01-04 00:00:00,632.7114753248369,494.79180302673177,17.11863836176451,0.01320883083875443,48.347134700125395
2023-01-04 01:00:00,701.9722068594675,553.9841181989997,18.63319321652735,0.015665702484413725,54.5661739913154
2023-01-04 02:00:00,707.6074513154617,536.7152971650954,22.544672694991252,0.018328252850775453,66.30210684758977
2023-01-04 03:00:00,886.7836644917323,732.2672022971913,23.01243004951031,0.011965943962749758,73.3224075055626
2023-01-04 04:00:00,940.1640017985872,789.110626570325,22.57745736179574,0.009804615499753607,76.70870468853471
2023-01-04 05:00:00,941.4975263719203,752.2247412407287,22.84473397663156,0.014719442080174798,89.06379756544617
2023-01-04 06:00:00,991.0616375328028,840.2498728959582,24.447186441505202,0.014400782993403635,86.39309758501753
2023-01-04 07:00:00,1006.9006686935572,789.1980956243184,23.998245811779846,0.011523450069828552,85.05455384651735
2023-01-04 08:00:00,985.4078366244595,746.4167914692359,26.09016837521237,0.014793323466515417,86.25959737005525
2023-01-04 09:00:00,1073.0789906639675,882.5942484293122,25.109218178032794,0.007508578234268635,81.56332940133828
2023-01-04 10:00:00,1050.9107103506326,837.8524290926302,22.36976088858739,0.010253534831104773,71.50982828087673
2023-01-04 11:00:00,915.829411262001,715.2263530988166,19.88918173126497,2.2088230195633357e-05,63.756056091448876
2023-01-04 12:00:00,838.4070644464011,673.0257877255625,19.790554102108835,0.016949341023389974,61.60661571550103
2023-01-04 13:00:00,780.818874179441,577.1235965435526,18.535977732387767,0.0073545859848198215,53.97510891474115
2023-01-04 14:00:00,755.512231605959,551.9677611273536,11.368319012439006,0.01660416888059423,47.41530821091436
2023-01-04 15:00:00,603.255417735611,485.38124079715715,12.15459526385915,0.006159223936302691,30.27786829114197
2023-01-04 16:00:00,656.3904989978626,538.143273893477,12.416760823858446,0.010765908892908347,38.625954985314756
2023-01-04 17:00:00,591.2658528569505,514.8284364746409,12.179306158289291,0.009344161736877285,30.0652761222267
2023-01-04 18:00:00,511.40962605773854,435.726862479603,10.340081129213337,0.005877424595798706,30.0466955799622
2023-01-04 19:00:00,500.7090396030193,419.6281655175576,10.991861096197809,0.011103948705376418,23.22096418289263
2023-01-04 20:00:00,452.9377693969542,400.46321618750653,9.725332395159057,0.014910970401267997,37.6075889831994
2023-01-04 21:00:00,483.4799518546255,401.48081467598973,9.687543702106668,0.017297558189411054,33.211342291013366
2023-01-04 22:00:00,425.1832666991831,329.82056542939637,13.320222866962963,0.011886910185292657,32.0850390203095
2023-01-04 23:00:00,607.3919395042682,513.2851488126828,16.411636147499042,0.0019503750409959617,48.300947142107816
2023-01-05 00:00:00,575.632353039497,486.7740303562552,17.059990994733077,0.0008026867518762006,53.47803622904638
2023-01-05 01:00:00,665.914245029781,532.4969185111074,19.612819304024253,0.013358335963524436,60.543905708239286
2023-01-05 02:00:00,874.3600383696171,663.493845474227,19.3001452631859,0.002513542444510454,64.17131340531097
2023-01-05 03:00:00,816.6453410754624,599.764189085976,20.687117091013967,0.010419615062643594,77.07698448702574
2023-01-05 04:00:00,936.9700907511602,774.8480036341517,25.939561186305287,0.007853101189334803,76.82854316859687
2023-01-05 05:00:00,987.8586576730546,804.6471571660394,25.420681953911167,0.01362440585097367,82.16666626243621
2023-01-05 06:00:00,943.1666896183625,773.1063166250472,24.54400140911786,0.00943230932441977,70.3951227064076
2023-01-05 07:00:00,989.7905953044602,818.2246364701647,24.223749582825086,0.0065856702815529355,79.99128323794676
2023-01-05 08:00:00,1151.7944321750376,894.4648523282873,28.38386893101434,0.016905363653448288,83.36191727530905
2023-01-05 09:00:00,1068.7358950122923,798.6878627560058,20.68202505098321,0.010580703602629854,82.01970463455262
2023-01-05 10:00:00,1008.9638708491141,822.6467565200512,23.17778463412903,0.009108401725796843,71.00714739406259
2023-01-05 11:00:00,935.349630729578,784.2119626824776,20.514368820797372,0.002797111023182433,58.246694811847235
2023-01-05 12:00:00,916.0038781088535,743.3588853704802,16.655006396673194,0.00035762716932347983,61.75268096609598
2023-01-05 13:00:00,848.4031001772482,634.1318810846014,20.423218134237672,0.004679670601227148,51.85157577613959
2023-01-05 14:00:00,761.3260770120834,616.2815562784831,9.732047994084882,-0.001625317766113919,41.73478497874848
2023-01-05 15:00:00,725.8023155184773,546.8994564888505,13.964998749449425,0.0041564940534876815,40.48890664277673
2023-01-05 16:00:00,556.6570708915983,399.05317059661866,12.293367473641212,0.009674640827583582,22.336025064883536
2023-01-05 17:00:00,487.8328938050584,390.0362809826047,8.098578355764417,0.010488372215322297,30.04487894669893
2023-01-05 18:00:00,542.3459034631865,438.7516780780218,10.97797962336419,0.0037851343191092745,27.1641840234429
2023-01-05 19:00:00,565.856621470475,449.72663404635534,10.379972774332552,0.020097063093840666,28.206865484617577
2023-01-05 20:00:00,492.12962213444075,406.84779487179634,12.567267831648898,0.011712334017037189,33.847813200152906
2023-01-05 21:00:00,525.1099377026417,396.3699735281753,18.742918097224596,0.005130736228110614,30.68242568776089
2023-01-05 22:00:00,486.4503470583389,391.7307109958893,13.041690970161817,0.010929253094561093,37.50829171852705
2023-01-05 23:00:00,551.173716887143,426.3784341861473,15.425737262115932,0.002272905529548926,42.548491712205994
2023-01-06 00:00:00,612.6328172849462,482.5555691048854,14.17601628044335,0.0063949390357649055,66.50083012505654
2023-01-06 01:00:00,669.5829540815206,543.7187406608037,18.41952279628642,0.0032843339748842857,59.937810516579994
2023-01-06 02:00:00,820.564843297982,688.2410212577162,19.95962513001354,-0.0010030387271505459,61.64487744722788
2023-01-06 03:00:00,883.4380772775885,715.5193422004909,23.927536215764405,0.007694594622419103,82.35112731901194
2023-01-06 04:00:00,880.0382890351449,722.7509051915005,20.278431250639525,0.004984469802491347,81.8700858334888
2023-01-06 05:00:00,879.8531814093271,704.1893093550441,21.48113885174536,0.005344912855751201,78.87176471488404
2023-01-06 06:00:00,1006.6289072750682,819.9315868383918,27.426327698142625,0.004864323836904287,81.36765848493268
2023-01-06 07:00:00,982.0451386415415,816.6500266586554,25.07005690602175,0.000512990452059295,75.42147124961808
2023-01-06 08:00:00,1051.1837528165133,897.3226388054046,27.489613772529147,0.012955670800230853,84.51265596889654
2023-01-06 09:00:00,985.9844516122723,825.1108269478617,24.122867710376,0.006275130099176512,73.63250213455618
2023-01-06 10:00:00,1072.6334529356168,856.4542197099811,24.245892790743735,0.0037210161379565465,71.35460664315468
2023-01-06 11:00:00,996.3531703581506,831.4225210047906,20.63862016357452,-0.0014588841288373355,72.26520091934196
2023-01-06 12:00:00,933.006578972542,762.8765175184657,18.942811070478125,0.012142263102809156,68.82474279263046
2023-01-06 13:00:00,881.2550054022698,686.7876910319426,19.447289744750794,0.009756962007938134,51.81742083085502
2023-01-06 14:00:00,769.555362212045,632.5286188681387,14.909082538293331,0.005229682966960373,49.6813127087288
2023-01-06 15:00:00,699.6943758861732,525.8946107007323,15.828480742466203,-0.0011400643144510473,40.24210588102163
2023-01-06 16:00:00,671.7349366480695,554.3169898527128,12.167515071948303,0.013640287531676457,36.86479914247323
2023-01-06 17:00:00,531.1422092528717,477.46765391441534,8.122514092394008,0.0035932358125825964,24.293118346826773
2023-01-06 18:00:00,520.4481455916156,441.03697757250194,7.6629685460727615,0.002137601436779413,26.286526949548783
2023-01-06 19:00:00,407.56532661830073,361.95079337478523,8.902552116947529,0.0053338094193639985,18.783806818301223
2023-01-06 20:00:00,453.9638457718385,351.8252660642521,12.040991077111281,0.007545553341955623,21.69863337676289
2023-01-06 21:00:00,573.1864381269405,472.97563011956726,10.866146579173092,0.004923214455399033,37.55545512068217
2023-01-06 22:00:00,530.933647854074,445.69185093578596,14.272909451325177,-0.011067366791038815,35.07634370664602
2023-01-06 23:00:00,533.56824986177,417.69973089112653,14.243057765740128,0.007225141229190302,38.03381246241348
2023-01-07 00:00:00,333.2270307868084,287.09289914152157,14.544689859903288,0.010703752404965669,35.060023488809875
2023-01-07 01:00:00,357.5390399668829,299.67190053211544,14.290111279674331,0.0017548887982345865,39.52566099007183
2023-01-07 02:00:00,411.58503098891777,350.11250907882703,16.98187021063715,0.014137505440435637,43.93746377706775
2023-01-07 03:00:00,421.4607047049713,306.26628728954444,19.627627303095597,0.010838820470613348,58.74554977179
2023-01-07 04:00:00,504.7435600100812,442.0778128725995,19.343219741846585,0.008943012341712952,51.00816934419663
2023-01-07 05:00:00,539.6525818022455,445.2413535435154,19.17644538959914,0.0016681212776963475,69.66353177160414
2023-01-07 06:00:00,538.8959651245655,427.57268040148165,16.75346887624861,0.008276893088496719,70.28457207161034
2023-01-07 07:00:00,561.5510975120633,446.4205106866229,21.528205099476864,0.008805548689095739,67.54126248591086
2023-01-07 08:00:00,577.0383837863719,460.4659183694147,18.557201669042023,0.006773784335449103,66.92579106882613
2023-01-07 09:00:00,528.1859808194703,397.6809857849951,17.776295480020607,0.011796537851647306,60.32153425548939
2023-01-07 10:00:00,562.8275813229204,485.93686544367904,15.986561222125946,0.005696347208777967,59.88688101488535
2023-01-07 11:00:00,552.1449708526808,470.60924704344836,16.3553754108167,0.006305516959914842,54.64904793026899
2023-01-07 12:00:00,553.2433053252408,473.50450622769733,19.72752088334654,0.004498724265888701,54.949000328240814
2023-01-07 13:00:00,457.3296697193349,411.25948630507423,13.98327969169598,0.005744356150566739,47.732086910240106
2023-01-07 14:00:00,372.2182055911992,303.4678928907509,9.933905740204962,0.007423342624269188,39.91824460544761
2023-01-07 15:00:00,353.4420898596418,233.0816365727748,9.08628020767121,0.007418057116444346,23.65059800259084
2023-01-07 16:00:00,262.8517973040722,229.14757547683286,5.42093145422579,0.007371039449638482,25.229844383141412
2023-01-07 17:00:00,323.2305441235955,276.3331769974162,6.141452461889457,0.013326394479318536,23.9861556344704
2023-01-07 18:00:00,158.44967405056337,173.37473350932106,4.005463301903817,0.01640088466193941,12.036881873500535
2023-01-07 19:00:00,296.68462730797086,269.8102277609677,8.677881307957032,0.0026611811772875617,16.1392036645973
2023-01-07 20:00:00,297.26621328494474,241.83249734625545,9.535958912469088,0.016652095836467953,20.704863268614904
2023-01-07 21:00:00,98.92060416987451,74.80712536339668,7.608869075448163,0.012812504741938945,13.850800740786767
2023-01-07 22:00:00,325.1999850553964,290.26909439539054,11.491681232060053,0.005160956529042969,23.893593158730187
2023-01-07 23:00:00,338.2272234971366,190.93335557920653,10.55577082876802,0.008163624602817457,38.58477031464756
2023-01-08 00:00:00,305.49741083578914,251.6399276566686,10.758420439568738,0.011419939098562726,40.3469094161448
2023-01-08 01:00:00,298.9981682342813,267.5683544720426,11.974843259146686,0.0019118715010203596,45.28091826797755
2023-01-08 02:00:00,358.11204500689075,282.85941990822613,13.683268307141514,0.009939928231705463,56.57055183881467
2023-01-08 03:00:00,403.4851573972635,311.3233900562411,18.28773489200766,0.013187550781466963,56.612268937790574
2023-01-08 04:00:00,545.8027980104814,445.4875453029655,23.815551698096712,0.007023355531857959,69.66576945125226
2023-01-08 05:00:00,490.68507535322357,433.0314607587194,17.641931804795497,0.0035302813207184498,61.97980228125329
2023-01-08 06:00:00,583.8302194092745,480.5954845397963,20.15441057043024,0.01210582242671858,65.73492089500446
2023-01-08 07:00:00,548.3450983094364,418.3653800951273,20.718866873071956,0.022335347370496805,67.66662704886781
2023-01-08 08:00:00,562.7537819157355,486.712486708746,19.39964879506349,0.007907615818931745,76.68554712155145
2023-01-08 09:00:00,475.9783524821022,423.13207710326856,18.961217831734004,0.008216169979999296,66.43509240726584
2023-01-08 10:00:00,481.21055732094754,360.74856376911606,16.161323814535184,0.010824236295049593,61.530469656999095
2023-01-08 11:00:00,577.7919610519023,546.190546202449,15.711345813673496,0.01984809781780409,47.576406184371045
2023-01-08 12:00:00,472.21387392663286,377.75150692384005,14.357458012699087,0.0039073957686239415,46.46598143363924
2023-01-08 13:00:00,456.44401966070177,393.60798885010655,13.923467831770672,0.01618546379771834,44.143953523123265
2023-01-08 14:00:00,490.31785796862783,414.078152210865,14.968162654235485,0.010145334010868302,46.77056760254208
2023-01-08 15:00:00,352.2076438510725,260.82606542154497,10.73981328493762,0.010736660338288934,19.179480704748137
2023-01-08 16:00:00,310.7877010572977,235.0843803381877,8.273436289979628,0.007765766692236898,26.693878791122206
2023-01-08 17:00:00,347.1672093801404,279.7650018045909,10.30363080856268,0.011724245135611698,27.575591696375064
2023-01-08 18:00:00,262.05341989377564,153.54090295445928,9.62073599334892,0.008210955193017412,20.99382507525455
2023-01-08 19:00:00,261.4522191401478,233.79110216686576,7.178199222316428,0.01054984162796627,12.644968396399257
2023-01-08 20:00:00,289.84081447694103,175.00026727917555,8.27637513018915,0.0010733937222895291,23.607145518212402
2023-01-08 21:00:00,245.45759998226708,196.80610116638167,8.064836061285677,0.004865971921047865,26.183897148811294
2023-01-08 22:00:00,300.8153590625457,220.50087754371413,12.14996020149717,0.015348874267131633,30.916101417440686
2023-01-08 23:00:00,281.0706013927397,242.22075440772846,11.664991929773892,0.020100992385353983,30.76780679511249
2023-01-09 00:00:00,649.0569576785842,453.1203645804919,13.679531714550313,0.03005830304638779,47.59100616831487
2023-01-09 01:00:00,693.4206399450238,504.87052708431384,19.04061928522397,0.018645757186699852,60.57123286861897
2023-01-09 02:00:00,738.729800313056,573.0810907098661,22.86656856990725,0.011557706814998785,61.24249789892217
2023-01-09 03:00:00,831.3581926432995,680.651871802843,24.98632004524158,0.004315463631659508,68.58632303047854
2023-01-09 04:00:00,777.7833759728868,628.8746413224117,21.149746586257237,0.017028959170542965,72.54840240191042
2023-01-09 05:00:00,1021.8207172691434,848.9650336172476,23.654616935752287,0.0071579497359616434,84.17805778197886
2023-01-09 06:00:00,947.075896886138,760.8977084569335,28.26649512045963,0.010468957083449582,86.76287028359411
2023-01-09 07:00:00,986.3218648517795,788.5252368459923,27.826255222851227,0.01901294821440681,76.21562018346081
2023-01-09 08:00:00,1028.0990719103456,790.3318893127456,25.545723140615415,0.01612539384286906,75.11614888123599
2023-01-09 09:00:00,950.1302190225109,753.4030650844026,19.61245137591306,0.010074091947073704,73.90266995530843
2023-01-09 10:00:00,1033.188435132544,825.9652849239134,21.619243180849928,0.00624586697657346,65.43869523589791
2023-01-09 11:00:00,980.1827345900272,722.5035468990353,18.908805200101902,0.015890846571176072,70.78193528869723
2023-01-09 12:00:00,875.6730482721842,673.8318583558322,22.38144306774083,0.016553122471682828,49.22120969692719
2023-01-09 13:00:00,793.7437203732277,648.8956610091311,13.59218212785191,0.022432140796703963,54.81861069596423
2023-01-09 14:00:00,715.3301731532829,577.6489394063638,18.26059892410788,0.002483550624121483,49.38937628788347
2023-01-09 15:00:00,703.0942069872464,554.8851451617638,13.28435850928755,0.015559650405959998,40.59287882050953
2023-01-09 16:00:00,520.3137072022449,398.02773890329956,8.477611351349896,0.019569860339527765,20.7366874117872
2023-01-09 17:00:00,517.4180066827059,361.647766131653,12.318147805455796,0.01289527389458581,28.45937239970807
2023-01-09 18:00:00,413.720992863034,265.71535132925203,10.396198240629523,0.007016700992380942,19.806998645560537
2023-01-09 19:00:00,498.65947484386066,389.72695078378524,7.624520288317346,0.010372556770914653,21.293449272985523
2023-01-09 20:00:00,433.18887928952347,391.21945523510885,9.951275656646073,0.015173095539473219,30.016286698789827
2023-01-09 21:00:00,487.5597198114857,391.15493600577906,14.091200074576784,0.012533558270012356,35.9441593736355
2023-01-09 22:00:00,552.6692608323027,472.77740173229734,12.206885562734017,0.01646359292755477,44.850770926805694
2023-01-09 23:00:00,601.1893175253804,445.6508313736527,18.077254902485407,0.021309595747996887,43.43931074404842
2023-01-10 00:00:00,548.8949353017931,447.6104331069871,13.99938365278363,0.012878007644010581,49.15620485926312
2023-01-10 01:00:00,687.8272862694165,529.1512260507733,14.928315331631698,0.02092825849604999,66.43075117318355
2023-01-10 02:00:00,806.0697009985151,622.58737023355,20.65112844418017,0.0141995968640037,77.3454325888764
2023-01-10 03:00:00,862.4695367391553,712.3133174845392,19.238943873968655,0.016414063575540226,78.29297359759362
2023-01-10 04:00:00,939.7665135894275,748.1998010107071,23.97756673461849,0.01406884846277488,76.89626713748959
2023-01-10 05:00:00,872.9658600965355,656.8066621435536,23.56957401535963,0.016406955224060705,78.4536543971792
2023-01-10 06:00:00,1043.8649693636062,838.032862964195,23.920796611997588,0.017198548967891844,83.90452187023337
2023-01-10 07:00:00,1000.1311830682788,778.6198909604218,28.588305921804846,0.017629630747524206,86.18437879708297
2023-01-10 08:00:00,1083.2343025131083,823.2575350078052,25.154518701480114,0.014346348739313192,79.33003435129169
2023-01-10 09:00:00,1071.9181473288693,827.6740303327108,25.98344607200062,-0.0024203090758317426,81.47940644126376
2023-01-10 10:00:00,1039.303482777515,892.819585087703,24.750470492231564,0.017108885482579647,76.2753410390149
2023-01-10 11:00:00,956.5995769344225,801.6511951342306,24.382113455524866,0.004171545818572521,68.98178609452212
2023-01-10 12:00:00,965.8045680121371,712.2075266651389,17.23920834469119,0.010874731103754587,57.08150914604964
2023-01-10 13:00:00,853.1611138439282,676.8779156765529,13.722570668742057,0.0018336492761205723,54.49833989088035
2023-01-10 14:00:00,766.0757973113778,609.3961509573533,18.608799404244788,0.022158025389485234,54.38234864169514
2023-01-10 15:00:00,625.6337439173299,492.52587759955156,13.88304542356801,0.015622051213450823,34.42755972112888
2023-01-10 16:00:00,619.8045502429887,475.926955025996,12.120540511110427,0.011771804776405928,34.638332332364826
2023-01-10 17:00:00,636.8034998559368,531.8548194539644,11.271810733126168,0.020355957403766525,22.69809807382184
2023-01-10 18:00:00,420.6832545951043,364.8274737010617,8.58553878225448,0.015777593189880444,25.287247237381145
2023-01-10 19:00:00,496.7275570132545,428.85206664256566,11.859978910651565,0.013592054717577847,28.32191523884821
2023-01-10 20:00:00,492.811965979947,404.15281308741214,7.710452529724192,0.014792321956102646,29.68892784343608
2023-01-10 21:00:00,546.4982223415044,455.4582680322275,12.884111230328688,0.010749852945803096,37.72629443391325
2023-01-10 22:00:00,526.4793826281829,410.8489031539239,14.827425950148811,0.006301577820659947,36.15412908398663
2023-01-10 23:00:00,538.4019088057863,383.42835123899636,15.576428073791355,0.017140801516442615,48.65235707354421
2023-01-11 00:00:00,621.1305786657063,448.82193630759826,16.06852451522674,0.011814571346357562,46.28869735589628
2023-01-11 01:00:00,658.9514980478912,501.61041370567546,17.878285830026204,0.0032038491460286075,64.35784849922321
2023-01-11 02:00:00,810.9628994548324,642.753134577114,23.181015535692474,0.014363589535649078,68.09537205709387
2023-01-11 03:00:00,750.1967304472957,561.6629129953359,22.20134158928232,0.011855678916344925,68.79049124085286
2023-01-11 04:00:00,875.6064412591915,666.5890225113733,26.596553439579537,0.01997287406181634,69.34838642079733
2023-01-11 05:00:00,984.4398212540776,776.2000762224482,21.18863394040819,0.0126367568201562,76.58468238251544
2023-01-11 06:00:00,1068.3541600651024,880.6067598135811,27.496972968352793,0.005207323291632744,87.36600270762662
2023-01-11 07:00:00,1039.0885772873842,841.3007094359132,23.597977437357187,0.001978796204831155,80.37076194498478
2023-01-11 08:00:00,1010.8831264466791,782.8007192660031,24.293136347740667,0.01706668426645759,85.99187602386331
2023-01-11 09:00:00,1029.234110227249,824.7787949192956,26.579887980932934,0.010241702046254778,79.88711805645299
2023-01-11 10:00:00,991.4595414089233,753.3083259003209,20.40989119422823,0.006044629154972715,65.92357970247802
2023-01-11 11:00:00,946.0832758860047,730.9609567183624,24.98615435103516,0.006588630125503764,70.51792312629422
2023-01-11 12:00:00,878.2410613650609,652.8775582830017,20.993732069216946,0.016491720480526776,58.4626466154109
2023-01-11 13:00:00,805.9085603711402,657.5919972310706,17.92341626307085,0.012172089524887044,51.45843793117806
2023-01-11 14:00:00,664.2030463723884,522.878219144547,12.277956732549177,0.015112237283979361,47.36302956845362
2023-01-11 15:00:00,687.3619735455926,545.1579054843771,12.978633099951585,0.010666251143005324,31.798431296113634
2023-01-11 16:00:00,633.7366777654388,531.1674559469566,11.290483562267658,0.005071676920809729,28.18087565168782
2023-01-11 17:00:00,612.7877135149783,460.3126337782699,8.833622951659045,0.018003327584079104,32.73563824575837
2023-01-11 18:00:00,533.2124267024461,440.5724183855655,12.519655561881438,0.006932146700322968,19.279901024456642
2023-01-11 19:00:00,500.69025571380456,460.0998343956584,9.368542774332054,0.012727959629105284,24.335420281542223
2023-01-11 20:00:00,464.8006026569072,342.37706584809473,9.966783170384883,0.013947300148652298,33.065144346132804
2023-01-11 21:00:00,372.09464281119756,250.78514721006457,9.93533795353844,0.00837993588979954,27.71737356929782
2023-01-11 22:00:00,504.19943495111266,365.62433128073053,12.113642142769987,0.0026071795957827203,29.93449729746894
2023-01-11 23:00:00,543.4867997254305,446.44699845132254,15.201690351619774,0.004609744663166195,43.88533390819979
2023-01-12 00:00:00,651.4936670256291,573.5836996403061,15.269590715622535,0.011216497019994342,49.69203751722451
2023-01-12 01:00:00,700.7282181761077,611.7424455278144,20.338014596391613,0.010332757209894204,55.022533649398504
2023-01-12 02:00:00,743.5063678441305,620.1522719539557,18.743170256208835,0.014003316833828022,82.56583596668843
2023-01-12 03:00:00,925.5533248763919,766.8215556714965,22.734014238477165,0.013036310739790061,77.86805254151739
2023-01-12 04:00:00,942.4228228235032,767.8749653034172,21.141168034244608,0.0024185445849908525,77.31729194317637
2023-01-12 05:00:00,979.1252660201995,805.053204677142,26.764209750736836,0.014249106448030457,86.44755296240582
2023-01-12 06:00:00,1032.5733105268484,835.1713868945066,27.977374539214054,0.0017516694508890257,82.96417664539428
2023-01-12 07:00:00,1042.836858243933,810.2765627615095,26.68974071957185,0.009712536476492433,81.48906628763733
2023-01-12 08:00:00,1050.8252227655564,892.0633184839623,25.17920778420093,0.018706461975954443,83.84524552148113
2023-01-12 09:00:00,931.2667978716153,785.0763901663798,22.775914690207816,0.008026891085053781,77.7278126204025
2023-01-12 10:00:00,964.0534336047883,747.9330518563132,19.016064622747358,-0.002559168008725049,76.76383745700579
2023-01-12 11:00:00,935.0856729262208,767.5229181418941,17.935468636190258,0.0045806532948433655,73.4642312341364
2023-01-12 12:00:00,922.5317169963403,781.8626404144582,20.726309235014874,0.01696503112297576,66.68858483577462
2023-01-12 13:00:00,745.0615391062066,608.6096351508944,15.794969980074614,0.00494152704348348,53.941854303643375
2023-01-12 14:00:00,723.9416316495926,572.9925886033097,12.0209667619727,0.012503776295859578,48.92772501501653
2023-01-12 15:00:00,639.888386213423,554.802630756509,10.052669061991635,0.0009832608433201027,43.11097729139486
2023-01-12 16:00:00,605.8377408919243,492.33039571626745,12.998076232424362,0.0038914862448375842,36.42321323001169
2023-01-12 17:00:00,560.5241210795601,429.5829706930324,12.523561031413688,0.0045009031438338985,21.438617658842094
2023-01-12 18:00:00,457.90175622676844,331.81633977641104,6.511178851195215,0.01524972651685704,27.751615933542578
2023-01-12 19:00:00,431.5254814791404,257.2874822719362,9.789751001652858,0.0038874894517058707,31.950551817934112
2023-01-12 20:00:00,415.9852082470353,391.98190657122444,10.605500497707933,-0.004081579607341282,22.531569667960774
2023-01-12 21:00:00,440.71584256460704,327.4671271470639,9.704303605102497,0.017190495195501077,28.588116660498535
2023-01-12 22:00:00,487.6350972735867,419.02642329125945,14.85581758869311,0.006359472310472788,35.95398853337054
2023-01-12 23:00:00,603.6242324052907,455.2876730891636,14.05264306318292,0.008443690682212223,45.8949471520453
2023-01-13 00:00:00,549.3753014898193,444.5090296237293,12.060037969187455,-0.002908929292723331,45.5370036765648
2023-01-13 01:00:00,759.8963400517451,621.4089263065795,18.50377589686807,0.006375990400876319,60.792569475476974
2023-01-13 02:00:00,688.3091099112986,513.4734472119709,22.119029903163387,0.005151329430434814,65.50989844551452
2023-01-13 03:00:00,875.3778196360769,729.0133606129483,21.598402607057647,0.000200147012233645,63.27002494027529
2023-01-13 04:00:00,876.2102027645697,695.0210240220789,20.99847204101489,0.008353761238699596,76.90139906761553
2023-01-13 05:00:00,916.5841255838004,749.8466419010297,25.251886410876022,-0.0035283793549495844,77.958433441678
2023-01-13 06:00:00,1075.6516130587556,904.1568375150442,26.273319561656823,0.00013348054153611375,77.32065593058834
2023-01-13 07:00:00,1043.865385209945,857.2809971702786,25.262420546532216,0.011063266739382089,86.93502780640752
2023-01-13 08:00:00,1052.17434643019,838.8946674727422,25.806119222799918,0.0013848094934068092,83.94944454136062
2023-01-13 09:00:00,1025.923953483923,879.0606230577755,22.411394122607135,0.002564649105241223,79.16424698379363
2023-01-13 10:00:00,980.7344931723104,783.2480555039897,21.10730576841518,0.005505847283760975,75.7435762799639
2023-01-13 11:00:00,953.2897411413801,765.4257816348739,22.282033024644345,0.0032274313103607044,68.5589552252172
2023-01-13 12:00:00,738.6550187609707,586.015251545584,15.453773668947148,0.008579796082902803,50.93234228310748
2023-01-13 13:00:00,734.9611519422724,551.2008330251442,19.285328145853764,0.006050261313582732,52.93723821957795
2023-01-13 14:00:00,769.6159109502266,575.6191498886354,17.654897476666612,-0.002311084640199473,50.12505126439924
2023-01-13 15:00:00,731.493154992848,568.568450345701,11.491165266748666,0.001606213015256396,34.81193247516465
2023-01-13 16:00:00,668.1778272137866,504.13026716407444,15.303270544088342,0.0011304386245886032,39.35465903575317
2023-01-13 17:00:00,490.0180413770226,383.6843271890289,10.374938841927055,0.0031001470481575926,25.597718796411453
2023-01-13 18:00:00,499.8334563827651,424.651620066491,12.767909578564232,0.0060550394908916545,29.725220434973412
2023-01-13 19:00:00,350.54849684402984,268.16673988552265,8.942709666301864,0.007110861285708933,23.1261927587378
2023-01-13 20:00:00,432.4305266042604,352.5432842778633,9.639808496263639,-0.0061698233460903236,26.233722576046215
2023-01-13 21:00:00,501.40686405541794,385.94830118141306,10.915608384522749,0.010891675966984727,35.26747718137274
2023-01-13 22:00:00,489.31751158191315,467.8050749676387,7.493991040036264,0.005414467724133029,34.644912068607496
2023-01-13 23:00:00,521.2805760390388,462.2715087786663,15.772916466540984,0.0003750205416626212,47.601102089858074
2023-01-14 00:00:00,319.3355526063677,248.04022764755877,11.779154354311249,0.010852444599313945,46.86817425736438
2023-01-14 01:00:00,422.73133043589775,346.35104214133196,17.44105643535632,-0.0043177627717519065,46.53205596730568
2023-01-14 02:00:00,387.76491716357134,270.0004081779676,19.725565390967827,-0.0015438806741402081,52.08935739204107
2023-01-14 03:00:00,445.0432578685686,349.6024057523922,16.8308524355724,0.017110245406116904,57.10618768097703
2023-01-14 04:00:00,555.9697298470671,426.76434216228364,18.616589075504642,0.007330666183846466,67.72910868764413
2023-01-14 05:00:00,501.7209904221252,423.6635022239354,21.862426177945885,0.0030523295917292766,72.59283061671806
2023-01-14 06:00:00,456.73790578552195,337.48097749404764,18.632285962089625,0.007425042687021809,56.88675197977605
2023-01-14 07:00:00,622.9685331341847,548.1070430081566,23.69380634308256,0.006123051801166927,62.99261975605157
2023-01-14 08:00:00,610.7797404875553,486.6609495573786,19.055531170303848,0.007362277136160813,67.26220437767881
2023-01-14 09:00:00,443.7148564055754,328.88942217788207,20.849104022551263,0.009785512052795995,59.86228231253596
2023-01-14 10:00:00,532.0548051814018,426.60860273207686,17.209074188552492,0.006509875505206494,53.02869449203048
2023-01-14 11:00:00,512.0289507583049,431.72642287373895,17.0748809117657,0.009437111788831474,53.14771367063562
2023-01-14 12:00:00,548.4325393449957,454.3580843580573,17.4488404358578,0.007040458903980802,44.57630130955238
2023-01-14 13:00:00,440.6919631409232,357.25078298264066,14.135830404161215,0.003896203541352317,37.279464054466324
2023-01-14 14:00:00,408.29590855480205,352.9656709816496,13.724279142123402,0.0026429526133594635,39.95800972141043
2023-01-14 15:00:00,368.4382552830673,319.2453145037318,7.23687755669061,0.01494398564706554,26.423473987072803
2023-01-14 16:00:00,296.69547978824454,262.0008570057447,7.822423855470857,0.011763261760944317,20.76571715079298
2023-01-14 17:00:00,351.72443268574193,273.1094236338421,8.814090509550324,0.013891216223309532,23.06444061041198
2023-01-14 18:00:00,221.82253609630416,168.979270490603,5.687188367275879,0.008906227347759687,22.855538046667142
2023-01-14 19:00:00,221.17946109474028,170.72325407971238,9.323734588056345,0.01019879679400136,17.839020562555344
2023-01-14 20:00:00,239.70317867655976,176.9406143654372,7.042407073478976,0.008362966683051727,17.878392598029603
2023-01-14 21:00:00,178.5492227670032,146.00961997202774,6.723012075956707,0.015227631275495944,24.70513207088169
2023-01-14 22:00:00,349.7063960681488,279.5964393217313,12.87797711742988,0.007902119364130097,35.72055819244782
2023-01-14 23:00:00,286.8201350316505,279.1081582801152,9.483197109044076,0.00489288694236614,40.10759756366934
2023-01-15 00:00:00,361.23036459610137,273.8398307239202,11.618866825677719,0.012606386861081061,41.862698885094204
2023-01-15 01:00:00,310.71460987136675,218.97045732566613,15.417794186606464,0.009426276537413748,47.90941034889974
2023-01-15 02:00:00,435.5867183999906,367.8414231325207,19.543510043096155,0.011623245438053828,58.471515330929705
2023-01-15 03:00:00,481.24076235255035,387.1382712103737,18.67129935146422,0.014115451181059759,61.09280893509108
2023-01-15 04:00:00,527.0434619136648,401.0444409314626,16.36887337824117,0.00784959112020313,71.48583015116671
2023-01-15 05:00:00,608.3870770103599,510.17312975757955,22.28336978035132,0.009834946668754504,72.85500656198964
2023-01-15 06:00:00,510.6522179263026,400.1520173323824,18.92132561136817,0.009560549478481686,76.43606934574525
2023-01-15 07:00:00,545.2157353191715,481.9011340777615,22.523303752515247,0.01772805023777766,72.080926992555
2023-01-15 08:00:00,517.7375498171467,385.6856926480234,18.74819533891052,0.011545373411040663,54.94487842002228
2023-01-15 09:00:00,549.7367207820913,422.36475722084,21.320792254531924,0.01243328126973892,60.47483229774531
2023-01-15 10:00:00,571.7699072927328,461.24576632948975,17.38208062975881,0.006044503753674889,50.96977116097332
2023-01-15 11:00:00,543.6488852900808,475.6526447938068,15.353119443239908,0.015653433073167196,50.1039072376082
2023-01-15 12:00:00,562.0376129136379,428.22503708099447,11.785246891093355,0.014309955662845961,46.87777645046181
2023-01-15 13:00:00,465.9209043087177,384.031893876297,12.045930809801812,0.008160151315740058,44.69794603345925
2023-01-15 14:00:00,400.0280927734605,285.10343837703266,11.8548212327515,0.02211496727414245,31.13599048344794
2023-01-15 15:00:00,304.0014813223799,270.7029309873791,9.705369901010625,0.014346132495119495,32.9622883600895
2023-01-15 16:00:00,363.3160182411882,271.09810423301326,10.526304734486368,0.009698548337289895,21.447369983557397
2023-01-15 17:00:00,279.038095481568,241.7936585727986,10.449046630649823,0.012954839574501761,18.54036230918473
2023-01-15 18:00:00,305.8880239812081,264.82258385675004,8.116213320549386,0.011274584462760483,13.997716466188525
2023-01-15 19:00:00,224.21328608790776,124.89266898973153,7.5479645166659886,0.020980822861670613,25.378000054546
2023-01-15 20:00:00,300.0353875591843,246.30811559210355,10.895995362693847,0.018066767550665656,30.57235498631088
2023-01-15 21:00:00,264.76771619167346,196.64352116008527,9.574174085136477,0.01580570938531089,24.02283054042067
2023-01-15 22:00:00,311.04854168225495,263.7941574718394,8.764169931207176,0.022249489011910116,22.964955829258372
2023-01-15 23:00:00,306.1535501705844,218.7010256644761,10.72317743629884,0.008598704963267652,33.987801718062975
2023-01-16 00:00:00,553.7331814280736,425.54359403094463,11.277532917466221,0.017788645157297472,49.618546555086795
2023-01-16 01:00:00,654.0854146764109,559.2222869426853,15.961474661664678,0.01675924111417027,53.80491617472285
2023-01-16 02:00:00,685.9792098291705,582.4156589168067,15.979154046537303,0.0129789293629709,74.62023379214548
2023-01-16 03:00:00,836.878006380419,639.6792330774106,22.606316278186625,0.013103684248584976,81.16477649789798
2023-01-16 04:00:00,826.8683023550487,715.3857651267994,25.02187046707909,0.018946018547036782,66.13867862346333
2023-01-16 05:00:00,976.8258449484716,703.9989008358732,22.716189836517948,0.018670020198627506,76.11035955788422
2023-01-16 06:00:00,828.830762636911,669.5019778967933,21.481038899184405,0.00739354342846125,79.92130631390737
2023-01-16 07:00:00,1080.2743986425592,825.6859930455688,27.518657629648697,0.023664914136157098,79.96827134683635
2023-01-16 08:00:00,994.8165364516404,806.9946020898341,23.37651816048018,0.020368162235301746,81.39558508803472
2023-01-16 09:00:00,992.0819407869245,785.8162460425187,23.969847835881044,0.013311723600754933,77.265055283543
2023-01-16 10:00:00,1078.401250460117,832.1918228130802,24.770279035450837,0.010821616380092863,75.74886921968081
2023-01-16 11:00:00,978.1212113839479,760.374808739753,19.659153193460376,0.020381858852391833,72.87442118228043
2023-01-16 12:00:00,942.3167608997942,730.254509573208,18.045849867050283,0.01735664454580259,70.4476555937727
2023-01-16 13:00:00,777.3789682377688,624.1947068178836,15.466923227872078,0.018494869322661655,52.716639012384796
2023-01-16 14:00:00,798.0947949345119,667.7176039747814,12.373833503449438,0.01779842695170115,40.542763355602574
2023-01-16 15:00:00,665.4810979822931,591.1491804301022,14.092630446028634,0.021041298259491012,38.7599957756042
2023-01-16 16:00:00,605.8811992037422,479.5781334179879,12.930422800562244,0.019265701279406272,29.954776598763846
2023-01-16 17:00:00,612.3828102275007,498.870674929245,11.453576533719128,0.012327117445574362,41.05561117384336
2023-01-16 18:00:00,432.0476130522784,381.22456247389573,12.039829603526684,0.01203770562108288,27.867394690757298
2023-01-16 19:00:00,505.87405134559265,391.2311475756017,9.706740744414597,0.016776259598163624,29.556549068626218
2023-01-16 20:00:00,469.2705088466024,351.92386533223396,11.597757878946531,0.026434750908272575,31.569871786699558
2023-01-16 21:00:00,449.56773201659644,418.10694563724957,11.93181226305761,0.014219629963865704,30.651638908959168
2023-01-16 22:00:00,435.4856089044832,342.9954580937392,10.256632239923556,0.016759764212052882,40.77646242127316
2023-01-16 23:00:00,526.6520423995086,427.8417393500833,16.282158292644016,0.01938580670097398,39.52424217683692
2023-01-17 00:00:00,559.0823768957465,399.14989287267525,15.847174150298823,0.012778587862480685,53.436267258216944
2023-01-17 01:00:00,731.6969759944875,569.6432026603194,20.56028320830182,0.018817049707106175,67.52629378678087
2023-01-17 02:00:00,754.587916337776,660.2845018699891,17.444012301849646,0.014847757147029132,61.08318743534222
2023-01-17 03:00:00,793.7971989776913,648.9219529576087,21.69301269826079,0.020968899164271766,72.29032624479048
2023-01-17 04:00:00,828.1198731944222,661.6354487964184,21.690138810212968,0.009931430289379423,77.00727265698141
2023-01-17 05:00:00,938.9797213547117,792.9952440163132,22.516523185292044,0.026152247646480033,75.24526681292166
2023-01-17 06:00:00,1071.6193773316586,807.9425842411335,28.535189969286776,0.012942387600313928,78.8757384825059
2023-01-17 07:00:00,1045.3493645229362,823.8370121170835,25.673716088588407,0.017027903786032368,79.5835059954318
2023-01-17 08:00:00,1040.990440516805,901.0420048195379,21.786093700940874,0.014354533222015159,81.75981360653405
2023-01-17 09:00:00,1124.7121555759002,898.2706607364042,23.78804102124231,0.008840361033886,83.72687544417839
2023-01-17 10:00:00,989.0803154209424,789.5576678504772,24.268907003024545,0.018297472034573745,71.12123768546451
2023-01-17 11:00:00,921.7160574260881,772.7472174279408,18.805499380025108,0.012701427440452094,75.5534594952324
2023-01-17 12:00:00,920.2044807108457,773.6232571853657,17.292074100181328,0.016537756441775433,65.80436252466338
2023-01-17 13:00:00,848.6239793301716,639.852791968577,16.898055446909325,0.009764198673797665,55.37448095642229
2023-01-17 14:00:00,720.6605596264461,589.367447901851,15.645221181104253,0.012366176689684611,41.869781960832725
2023-01-17 15:00:00,632.4710180168717,558.6505307194868,11.332631622198297,0.012063286670808233,37.28938968496954
2023-01-17 16:00:00,672.3535150867358,518.590288095758,13.174850883791366,0.016153938507733445,40.599049010818504
2023-01-17 17:00:00,516.2186702033761,401.80201057157893,10.402281922811332,0.01480065622097656,32.48884150870909
2023-01-17 18:00:00,417.59869802100997,334.9435198226588,9.488858714928721,0.012234480540306802,28.465948345847025
2023-01-17 19:00:00,469.8657359381861,396.7229355827629,5.0595406348769005,0.0111193800350489,24.825345777592155
2023-01-17 20:00:00,494.72957412846154,352.9537089887413,10.648998648463763,0.014391150949477615,26.556006917126652
2023-01-17 21:00:00,450.6918253253185,267.1776370574823,10.470003034927327,0.013648737255866286,23.74405038507101
2023-01-17 22:00:00,517.0487393015336,420.1037954808124,13.45118489080724,0.01314461656274989,39.8776834456626
2023-01-17 23:00:00,485.5011709272068,423.3772710854838,12.253309764172013,0.022183044825463277,33.414372486042794
2023-01-18 00:00:00,631.4129733943705,495.77159932201084,15.572238730234465,0.014929100395003154,50.96954726407882
2023-01-18 01:00:00,624.59351294443,481.36281534932334,18.6062375750264,0.021619627620601163,53.89484939340936
2023-01-18 02:00:00,765.2586591564473,607.1979346546964,23.044022815849125,0.011479175371936873,66.62094628359395
2023-01-18 03:00:00,866.0291879689746,740.7497354732883,19.546679636548717,0.011409329013715499,78.83754247516177
2023-01-18 04:00:00,904.9351984207669,704.0113165126696,24.40577341092884,0.008946675696779816,84.25326772911727
2023-01-18 05:00:00,900.3596427498217,737.3961833324674,26.273091510016524,0.012803632083180303,82.84243323921513
2023-01-18 06:00:00,950.2037079065408,725.5558364121783,25.8914470199995,0.009484288563201583,77.85218990558937
2023-01-18 07:00:00,1119.4338007122221,862.3758763071899,28.329041159228215,0.008588769661576689,86.52130746093141
2023-01-18 08:00:00,1011.5929303253406,834.6256362795873,23.359012816285436,0.0012437071587940319,76.67145195612929
2023-01-18 09:00:00,1078.0339465839058,911.4582361030829,26.789417150776206,0.017889048175434467,76.80553993116942
2023-01-18 10:00:00,1015.726415401951,839.2511957902535,21.20833981753476,0.008457327026253176,76.26963830368881
2023-01-18 11:00:00,911.9299913049529,667.9291098390551,20.523651549290246,0.017561813129287385,60.70299940943658
2023-01-18 12:00:00,873.362123026939,686.0913712344903,17.728839734829275,0.009518762270274827,56.84003820560719
2023-01-18 13:00:00,912.6373642189457,737.2773973881455,16.907888050150937,0.013035968493974955,49.89593606152191
2023-01-18 14:00:00,924.4823804704936,741.3731277058104,13.302115870316847,0.009997844345941446,54.1075654750362
2023-01-18 15:00:00,656.4886698249439,467.6006708498064,9.085722456852825,0.011513680189403196,35.938074906240416
2023-01-18 16:00:00,580.6810879781402,425.62900311951375,13.830250625207853,0.004209607850776642,20.95378341011954
2023-01-18 17:00:00,455.95316993391623,340.7097224165661,6.131900887471005,0.014982192624130121,34.048127424033744
2023-01-18 18:00:00,407.6966092632808,324.1291636800993,9.577851279664714,0.00705319374151607,28.656772583671213
2023-01-18 19:00:00,417.3596570907325,275.86640802015745,6.7458961669308595,0.013334287952541206,14.51694754572595
2023-01-18 20:00:00,427.74982587311325,360.20661195085376,8.250262721779713,0.0012228722153555223,30.61197583774101
2023-01-18 21:00:00,458.9501613393354,364.37065685108985,12.422572875737549,0.004576058956154894,38.76968795515941
2023-01-18 22:00:00,524.6990677007905,388.4631521249598,13.071058664232197,0.010032205378559401,36.55766920827872
2023-01-18 23:00:00,548.9117769483621,444.93703141066067,13.94074171439879,0.007182374900151622,43.86583396128172
2023-01-19 00:00:00,635.3354235101154,465.067662072587,18.642662673597577,0.01011489758625452,49.58426690637696
2023-01-19 01:00:00,641.6568434992317,511.76290195000195,17.131314750315124,0.00870157491911158,59.16363857885326
2023-01-19 02:00:00,746.460378740764,543.1467783414657,22.424558708336544,0.0166397173573243,70.0478814284096
2023-01-19 03:00:00,809.4407180227711,597.9090258643598,19.491053113369336,0.010041564190105408,65.16802708015868
2023-01-19 04:00:00,836.6639648934213,655.7097799699466,20.317185375824877,0.005019997217168776,71.67849587135913
2023-01-19 05:00:00,863.4314366036651,669.2571410262601,23.187607204922195,0.005064717273796666,78.60779982731256
2023-01-19 06:00:00,976.3504836019649,792.6090473015468,24.770056650225612,0.0129031896930236,84.09610874633957
2023-01-19 07:00:00,915.7290195216406,732.0235118039838,22.270143098248667,-0.0009031449672050147,81.88009865738188
2023-01-19 08:00:00,993.3561566076295,857.6967936147737,23.711477689126976,0.009395111264688736,79.46977880725531
2023-01-19 09:00:00,1067.0362209478328,845.674123591245,26.935425625122257,0.0008855643099373893,75.29971329512796
2023-01-19 10:00:00,1018.8157284636559,716.0702694042758,21.899374030760292,0.011880878320521909,78.88683463464116
2023-01-19 11:00:00,963.2022366260047,709.5316182276023,17.053379041910485,0.004048977122610861,61.17488282144849
2023-01-19 12:00:00,959.0263145615861,731.3372518888616,16.103600341482725,0.008722022596919853,59.50616195172932
2023-01-19 13:00:00,791.2220127365189,734.5137759860546,20.791376132535465,0.006162977494270008,51.28675080257104
2023-01-19 14:00:00,784.097694065491,626.1764611234697,18.242128342293565,-0.0010646727429177794,48.5622847988429
2023-01-19 15:00:00,631.99861939114,538.8548428305024,11.912448347528763,0.008967978781331078,35.46513241674055
2023-01-19 16:00:00,613.8726628827961,521.31440339617,13.429787208397702,0.0020655417319121786,36.90729184956506
2023-01-19 17:00:00,545.5453933570444,398.4290908238891,11.146662015667294,0.009588675443730543,35.120273396267876
2023-01-19 18:00:00,500.56836075047454,346.66094507030186,12.546694369573537,0.0004851565696082352,23.57148015224965
2023-01-19 19:00:00,440.8870250495073,371.97902091729287,7.436796546058627,0.006627516827421678,27.33557616196098
2023-01-19 20:00:00,465.96609430364686,306.15926289780043,8.243595857426744,0.005540953810449097,29.44254721957898
2023-01-19 21:00:00,480.0975493678284,413.4078136032159,13.904179139391465,0.0022676642825546233,30.156104931140575
2023-01-19 22:00:00,418.65975317860654,331.41614285032733,8.700111558285046,0.01212088629045771,24.424221697988038
2023-01-19 23:00:00,580.2927690890388,482.71584233734416,14.648438057051234,0.005338081337678672,45.93765686699229
2023-01-20 00:00:00,538.2041812381698,439.6666124992661,15.292636180898127,0.0030170866031231144,50.26046271313153
2023-01-20 01:00:00,628.4867362787802,513.494243982763,19.14748572730526,0.006580944031704705,61.562345506114276
2023-01-20 02:00:00,762.0984584027702,612.8133629703868,20.400741031573727,-0.0022225627640932184,63.72808386494989
2023-01-20 03:00:00,857.5413889007032,694.481163739434,21.84686842197529,0.017289932330039233,69.39152217443888
2023-01-20 04:00:00,911.0015502034696,730.1837905689896,22.679063064854788,-0.0004144976458891111,73.11440181584133
2023-01-20 05:00:00,978.4100547114305,741.4338405364022,22.624117491340073,0.007762452071333276,66.94114922371031
2023-01-20 06:00:00,952.9732403130239,750.5628352353427,24.197536877096034,0.005305586513488085,79.7421894211892
2023-01-20 07:00:00,1013.5940134839449,875.9683332496759,27.29576809241517,0.010905638262297686,96.93747108753284
2023-01-20 08:00:00,947.4813941819644,767.4085908268933,23.23307467127489,0.005903586064489888,85.25792718297424
2023-01-20 09:00:00,993.8384824428322,829.3442728443187,26.286439088709532,0.0018399743249772151,72.30916140029649
2023-01-20 10:00:00,942.7266723480618,724.687044090444,23.389275213614333,-0.004234034255589327,68.85079549447822
2023-01-20 11:00:00,962.7980853321275,740.2218892236602,21.87523487192841,-0.0038133485517810317,64.66450402896184
2023-01-20 12:00:00,1017.8064481338702,778.1415857683628,19.854418024986746,0.0039352623385060966,70.91954282785268
2023-01-20 13:00:00,865.6517539835285,652.568333475186,16.10560418639833,0.012022084916108455,64.80134925792325
2023-01-20 14:00:00,637.7569866705373,461.53363443375287,17.240746618555303,-0.003138609206549954,41.707546657300966
2023-01-20 15:00:00,596.4724162299233,484.1743697913891,14.016358491704784,0.014527427306291479,37.05862497401334
2023-01-20 16:00:00,535.0585590950594,417.37228221590124,10.741697779508842,0.01078032075694247,33.116740350276544
2023-01-20 17:00:00,450.10967164453683,386.35258381348115,13.069697622741522,-0.0013263998882240904,25.605863526265278
2023-01-20 18:00:00,476.0684933255072,371.5429001117538,11.018760901171412,6.926039982732297e-05,27.278870990989024
2023-01-20 19:00:00,471.6600311241386,305.2308311698715,7.045976608159592,0.0006572834298391728,26.644351030455493
2023-01-20 20:00:00,385.3509323882406,321.5892499298341,8.670337408780027,0.007166308720785494,27.914372891915423
2023-01-20 21:00:00,449.07004644835615,298.34362988420133,12.409381305581912,0.00548529494321622,20.818185267777398
2023-01-20 22:00:00,501.20303812190855,407.3942609189774,15.527165288833054,0.00540066719857698,34.30936566024514
2023-01-20 23:00:00,572.8167565612741,435.1126791805426,19.15667438567585,0.003453851155248707,38.00054011117752
2023-01-21 00:00:00,327.8052676241103,269.219515109012,13.329188313830285,0.006981788947768929,44.37731624215042
2023-01-21 01:00:00,375.109008333886,256.7786499490958,16.27767292824855,0.010395806783865598,43.751978107557626
2023-01-21 02:00:00,398.1294675913069,341.85333979741074,15.258133535219878,0.005693749436590097,45.44650765786467
2023-01-21 03:00:00,390.701143707401,313.68919835503294,15.667747925225125,0.003151095834394708,48.22356244462259
2023-01-21 04:00:00,440.2243653152567,341.8533998815037,15.360723399649544,0.011559673416902965,64.24153678132137
2023-01-21 05:00:00,446.997247377888,306.75528215672466,20.079598380171934,0.005631822101665994,59.57464197326766
2023-01-21 06:00:00,613.4986804719236,545.1149896180857,23.66400336717353,0.00964239780763084,69.75905354906942
2023-01-21 07:00:00,481.0861031692323,357.66510106975784,21.19225235130015,0.006531411175800061,73.26912019137389
2023-01-21 08:00:00,607.6043885409138,493.9717341955639,20.58044307543095,0.012608608799547193,69.44989925597466
2023-01-21 09:00:00,481.57338740493356,356.7923415866616,20.798489255955598,0.013506054529852068,57.64395662374318
2023-01-21 10:00:00,576.9360209555697,574.8735160482994,24.170889702767262,0.01349150219633971,53.35539071787957
2023-01-21 11:00:00,561.7434915848523,453.8774343886621,15.248145562721191,0.004904276602705704,56.076021318246646
2023-01-21 12:00:00,537.5992782923728,411.6387888577756,10.528827157261272,0.0050199933440325094,47.274462400710476
2023-01-21 13:00:00,389.3377249693218,329.6429439019588,13.284080724172311,0.01236923396885795,40.69446980465641
2023-01-21 14:00:00,408.2139382167142,349.07300448657304,13.747160167691632,0.007850405484904247,21.689024973636762
2023-01-21 15:00:00,328.5567859314635,274.68339680591873,6.6553625804507375,0.008177591733068002,32.49702678027016
2023-01-21 16:00:00,275.6693906237276,210.82998919571043,10.092064664485122,0.005051660240164892,13.304433546285361
2023-01-21 17:00:00,289.0556698951396,244.4597510942204,7.38671362242905,0.015753037922304942,17.89586994438033
2023-01-21 18:00:00,302.1305760714397,237.04421423367148,8.694991806547472,0.014089858518867522,27.020944418743344
2023-01-21 19:00:00,215.69437888042668,171.79670731107117,5.48927507522104,0.008475536006935677,6.703269873588354
2023-01-21 20:00:00,256.45855111325005,181.60448109092033,6.273365837977702,0.006027823196178563,20.7940912844151
2023-01-21 21:00:00,200.06437026594375,116.14841153221067,6.255847811889722,0.005991869032140886,21.15286183801219
2023-01-21 22:00:00,209.27376493577063,184.31642197333156,10.927755494321183,0.010292540965000098,26.83199028697454
2023-01-21 23:00:00,270.64276901274667,234.7032207106102,10.163688511418263,0.01174689354377234,35.62604767536842
