邮件长度,链接数量,关键词密度,大写字母比例,感叹号数量,特殊字符,发件人可信度,主题长度,类型
794.3215846304961,3.8026308927138865,0.02082439208965122,0.07495650388625173,1.3934168231536925,1.1771995843253948,87.88703284769326,30.295453560775613,正常邮件
1737.411536288589,7.096441694716451,0.1320226878521921,0.1950281222093206,5.479666930396657,3.074872268219572,35.421970531968576,85.0998846112904,垃圾邮件
1178.9797406316245,1.6159928051643098,0.0096637232043838,0.17625116810309932,6.5828079767114565,6.855561120963234,23.570660242697045,45.03440962835579,垃圾邮件
1401.3202324829185,10.168585091440589,0.07959575906087857,0.06214250309494762,4.781464337007144,9.68719147134399,39.87716766827235,22.159706592415006,垃圾邮件
1112.716239658564,12.268475186667205,0.1731222459274015,0.2449870497337435,1.3269990917663406,9.532417078039671,11.17963431781849,50.29236796678659,垃圾邮件
898.733304006927,3.53072294442675,0.20617052171112815,0.2571776163999959,9.875078320644748,10.999183893620492,44.210796600878815,26.61304175695991,垃圾邮件
1068.6735200828614,0.8743476795116485,0.043216666031152234,0.06401668244592887,0.31813032096730653,3.049977022358346,89.40273787566514,38.781885408190895,正常邮件
1006.1173311156193,1.0183407834073592,0.03903666800080989,0.04920893283412611,0.7288619373384128,0.7935818327872317,100.8620597222217,45.7822651032142,正常邮件
1582.4008265644948,12.365632476805917,0.16888768082215533,0.2409265456680889,5.1830352849090895,9.68982993708671,28.25350096126794,80.40437417759836,垃圾邮件
587.7352147952384,11.168184792688406,0.12049989233542606,0.1842342759553434,7.746332528992266,6.652106489386147,0.2195928732982253,7.218436272497833,垃圾邮件
1082.879724558981,10.644399309556897,0.11900624607999552,0.14581877837387408,5.133231368075175,10.661298999739339,41.27902216196636,69.84825167047877,垃圾邮件
517.2611468228293,7.224972394306146,0.08785920929491425,0.10708358976976197,7.905302341505137,8.917191321402877,9.94018979223759,58.41465541555327,垃圾邮件
1010.9696928022813,1.9464413135846306,0.025006852869379953,0.056309812446939334,0.20835398764892005,1.194865692050655,82.8271999519981,61.89484232539117,正常邮件
1224.541279606235,2.004259128569981,0.03857305075769721,0.05909985823861857,0.24562322720014568,-0.11680463092395743,104.02242706783339,4.716694849731162,正常邮件
1420.9186629624076,9.721033690413101,0.16166393377885796,0.2839321952283401,3.2909543796891763,9.90369050354958,44.970671310827235,59.772100795651724,垃圾邮件
992.0449150142161,6.267475250571923,0.1574841424804631,0.18780979843721016,3.392343920224328,8.62346597401889,49.32564842641597,42.067212333576286,垃圾邮件
889.1158805531389,8.562391092590005,0.1015093339177256,0.2547045021266509,5.474119242816259,4.59762553672979,30.69627655232654,85.86968915068667,垃圾邮件
1596.3817964688408,10.310784908896249,0.1672420779620273,0.26631871950833363,2.0162432354654665,9.81672589226033,46.7607289774581,97.38803172518972,垃圾邮件
818.4821277815769,6.955007083507067,0.1777225516261437,0.31785098579624316,2.2500147144243914,7.055383417013765,46.29093583237055,27.145305001868635,垃圾邮件
991.8890826926684,1.8725218839839308,0.026845182658514186,0.04477724728519239,0.06054455053627095,0.41984304743497247,89.36251111518277,15.806346337121184,正常邮件
435.04425581769476,2.579862911402439,0.028720751056869647,0.05761115178564036,-0.8007077196829,1.6319148734519269,96.84650471526281,62.247991016532055,正常邮件
818.9721588725993,1.8516407819988197,0.040442127420639615,0.05462355647919621,2.4089857960887304,0.2773341204917852,92.92438538154907,52.274187028101224,正常邮件
721.6683476891383,6.5549139912837076,0.18219853128266428,0.17170662513697338,5.134257539849621,7.0940546221089775,20.0581183665402,36.050501806593005,垃圾邮件
994.588818559935,2.4249003684517985,0.027365073393714787,0.06360660661100004,1.947660391384514,1.281437640329833,86.92870680799132,49.5086170497902,正常邮件
2074.6822937600327,7.279619516859131,0.10700180272259628,0.030749061346592527,1.8571762178059736,6.133020305726528,10.667886120798709,79.65186573041444,垃圾邮件
1938.5882078061636,5.47848802317621,0.13182370206689603,0.15753199438688634,1.1907675805063027,10.112042914888368,8.791166003522601,52.13721695292563,垃圾邮件
1229.5084927853577,2.1383594888059196,0.02396873412609391,0.047464071376566094,2.0018970451191307,1.8592589980966303,81.32814001669873,54.35722534540458,正常邮件
921.0744261631513,8.726070605589776,0.20179873712558483,0.2698012118306867,8.458550695578307,9.386602989710294,31.253383523017604,49.221623913186775,垃圾邮件
1607.5256123671263,9.828270843624798,0.1843840221188613,0.30510549734364806,7.012977808383263,10.861076124664525,40.450861413874655,71.26049250463953,垃圾邮件
885.4672587908747,4.872744661463284,0.041036479677253115,0.026759596805324002,0.6153546025752196,0.5542020143414463,103.62291044062718,40.46312818315369,正常邮件
1084.0707161406256,2.602900566845169,0.048487456422058726,0.06087078395041105,0.08066084599409917,-0.06469290822140317,80.75451033482531,24.6756879221126,正常邮件
1259.5636460951016,3.659586089454045,0.22961952770141975,0.2896416175418849,4.58021470305195,5.636532938717971,28.53809595015644,85.82402956838415,垃圾邮件
654.0507849443579,3.2323366763459696,0.027939925801990024,0.06524797444123884,1.5375083486840853,-0.7714017257316921,87.66412815661948,35.0604994274334,正常邮件
1310.8316152877028,5.35986717763206,0.18643030609666597,0.232188335378248,5.009971188917022,8.458868057525741,41.28486648105166,80.87169717514547,垃圾邮件
966.1559611270034,14.742071974623212,0.15179418764165903,0.2654576298774046,5.589040797017568,11.853773740842662,1.0175857405706203,59.454615016023254,垃圾邮件
1718.0491554450937,1.5077004501974418,0.16460031851161974,0.1800722461827072,2.77560071021476,11.288149989763046,10.083604452409006,32.64275747296211,垃圾邮件
1328.9535209405515,11.73761505374988,0.19505288016475925,0.12303471390294553,7.299923450941543,8.543906734931255,59.931567616600205,88.58658419847858,垃圾邮件
922.416661411734,10.333087977854992,0.23271251507242469,0.30473646806409826,3.7673193077281795,8.957924526816242,43.735361026318685,48.105343908543624,垃圾邮件
760.3723805135761,4.092741064082899,0.04148836285931201,0.07571136751207935,0.392734978560984,0.3305132433168737,62.85059346236892,29.056191846657583,正常邮件
1133.723480204055,3.6397720580577873,0.04008769434500794,0.05068205491952697,0.8004658403280653,2.1401373058177358,104.32119832434904,39.88494663013537,正常邮件
632.6078150368132,2.286706767224739,0.03252150925133347,0.057935833660862524,0.5950861783682924,2.320278244045744,80.90100644826458,45.60851770382923,正常邮件
368.4294774522618,3.840945116969835,0.03798836973676759,0.04796687124441844,0.006956467215761264,1.0105503129898818,76.91862852450235,39.826892117847784,正常邮件
1394.9064933648638,7.032756089155784,0.28405151440564697,0.11737444053635686,7.67306406655881,14.393467312028632,39.803512134185574,66.35877559746808,垃圾邮件
581.7168716693564,1.7740556873279885,0.02227277522770859,0.07266214967157021,-0.30992323713904824,0.29735679536125426,79.26379828883427,-1.8556337413271606,正常邮件
1257.1017236918124,0.658028098913995,0.02359513411466472,0.032187461280918025,-0.025095969598977197,2.171749166523939,77.2510104786179,44.946435330269026,正常邮件
1997.07650749705,3.9145754963727573,0.17421563029633816,0.13882031768708772,9.104387073625054,5.5848553603160775,30.265762340713746,92.144854658368,垃圾邮件
1251.1212596425626,10.35265403589585,0.13582409786326888,0.07894745528938127,5.072020176350042,12.028136644034326,12.984875780246632,75.61806280195079,垃圾邮件
1675.1648878306369,11.807705450884947,0.09273080686457755,0.2696168626254938,3.3047490855802115,8.148802419241493,34.69880955651639,12.181406316371515,垃圾邮件
653.5945799416156,1.8645544694914171,0.023086245855216563,0.05881530370224969,1.4520357123134628,0.4915692142553699,68.65881563158165,27.91851578253794,正常邮件
1815.8273233764426,11.066248126216593,0.06335572814806938,0.20678826574445142,2.080692869621629,7.545259632103534,19.721162725315835,29.907447876187014,垃圾邮件
1225.1226588067007,7.978793342656745,0.2096105385662044,0.1250094513340953,4.991846953242466,8.54952595283157,18.006249008496667,81.7912601631403,垃圾邮件
1413.327010593645,0.8808387869255299,0.12102203155014493,0.2897893259074935,4.126798618620146,12.228849031438756,10.927963912683456,37.77315127986223,垃圾邮件
969.6879692602852,1.571947617180077,0.012243744483434484,0.030733632101059404,0.8745787809697363,1.0246895927835296,70.12712259640841,33.561326307677966,正常邮件
888.9398611856263,4.3782775263523845,0.03724092743287837,0.06578307079118138,0.7100084693616724,1.443294939265793,78.61890497620671,29.97997401255101,正常邮件
713.5415422753732,1.388179625393767,0.006156405307640521,0.06679466437429324,-0.5433071288888118,0.294344454381255,92.61571584542507,29.94696316078297,正常邮件
96.29598671632027,-0.11164434567867954,0.049462737627282066,0.0510062135609553,0.6407224185654725,1.2319267483378171,85.44892661717473,28.514270128241474,正常邮件
1471.90794787574,9.43359539427595,0.19953604036771685,0.14983321286801174,7.340116424549461,5.5199540007358845,45.377412599197854,78.35919840578329,垃圾邮件
1095.3633749837177,1.1255542990867438,0.022063015952158337,0.0679527555336825,0.7038613781726429,0.25276626764593846,82.8043859032706,65.23530473451166,正常邮件
636.562425484061,-1.8452666589767892,0.024929496514591573,0.04076001504432501,0.22473399103364933,1.455866804156054,88.55695685498775,26.177500435377997,正常邮件
910.1546178787927,3.690516555557281,0.03575494637746885,0.04708845618888459,0.42395823714105385,-0.07054913521609785,62.87966054719899,42.81675294167596,正常邮件
488.5852089210077,2.687353894359652,0.046143306429564615,0.0354737801022887,0.09832523823982675,1.1846163871252604,77.73235511104093,21.059656748869333,正常邮件
831.6542379238765,3.9598832442305762,0.045648955140231304,0.054335328908730524,1.3214491287726997,3.317601109708123,88.40326684141336,39.53268891513912,正常邮件
447.85610071725057,3.4938944640749927,0.030730193568857943,0.06378970122124403,-0.5834786277489228,2.2581508535603447,91.10420849316934,38.93169501256855,正常邮件
994.346796899942,1.583775623995708,0.04121304127936284,0.05172776319481739,0.9998201905254867,1.6430591719817678,60.03096011933247,69.00953920844344,正常邮件
906.7566005533154,14.454002347031675,0.1316288862147933,0.19888266753291722,6.654814268499134,10.082358206011664,27.628271135983347,24.42811340800929,垃圾邮件
699.2361584385196,4.985011417028303,0.029511163651319762,0.06668087722318874,0.7783388538294047,2.0900424168555665,89.66402894106444,69.23352967286988,正常邮件
1249.8070899354461,3.055857707300081,0.03377838656931377,0.09950382418224074,0.8206387461993805,0.5530981572840157,95.49823945934881,34.789865780558046,正常邮件
1186.9880723439373,0.583849955117439,0.039776307161983264,0.027858604800628916,-0.43140135494392906,-0.3088660188913772,73.77160864998864,53.395124352305785,正常邮件
489.3591593444815,5.470063558867679,0.01383197542058635,0.06084375527119027,0.8478610467906447,-1.0570959131785194,83.53297232292597,31.09149556755742,正常邮件
863.2579098826609,3.5703077222528536,0.03227839126464606,0.03861439141435649,-0.6212885990005452,1.068446032836341,73.09425369656469,25.239210221486093,正常邮件
1235.6439739645268,1.708118473113911,0.02532264560991921,0.02284237721544814,1.5538399256723607,0.19996195275701822,76.65686366098768,47.05991394510978,正常邮件
472.2482914902513,-0.2003362034759264,0.04171520517905187,0.06657018183683189,0.2901366400408649,1.782059789006186,74.25690807521944,40.99671950569905,正常邮件
1343.5146561090917,7.442057332736303,0.22000059848670594,0.13759966097269677,4.656054810521032,4.4432346375864435,37.9508560696743,46.97259158301041,垃圾邮件
1575.1052264810335,4.271715610874644,0.19518458645430817,0.18425361983482563,2.6088397690159404,6.067738295541318,17.2725571939637,23.12492260088566,垃圾邮件
908.2234883732191,8.34089085062951,0.1586844847102257,0.16408571921484122,3.578426046513094,5.4061292673086925,13.32895844865116,89.66205945569047,垃圾邮件
748.2604684547509,0.44950995726373977,0.008170876885036541,0.04370935346690013,1.2026528062783783,-0.00963057088912267,83.2709015492198,40.80929880563325,正常邮件
1392.5909649521973,4.978304276801953,0.1460503409080968,0.3064947213861107,6.0637677097421445,8.272129599941824,34.885505299941975,71.69900390516243,垃圾邮件
972.4459445092568,2.205113514295027,0.01609383762089063,0.02982324669223161,-0.33173480437495906,0.6508421754090067,97.2949184764826,43.4758841726003,正常邮件
533.4942352428325,1.8218649818724004,0.04017632343437911,0.02176036702542238,-1.3964097080376927,1.2513493546072267,68.40894057613099,37.91708662208494,正常邮件
711.84073065246,1.4758024954816316,0.029360947545388594,0.032657110927393526,-1.0158326768981782,-0.33384680577025794,66.02519891492315,42.35313313190747,正常邮件
608.5026583150209,2.2213281924433876,0.021757219453026465,0.06725498072432581,0.604718498660616,0.5914924666845169,70.44958189337109,25.174628875707114,正常邮件
1445.4760585666759,7.209884129849876,0.13919930472523637,0.15905516593025615,4.548879684963491,6.4038838102671605,16.763924894733165,40.05203832821457,垃圾邮件
1171.7737224624652,5.218797867187854,0.12624926314865326,0.22224175870106777,2.2615335609952743,10.530557160927454,37.77013722648166,75.3682576067267,垃圾邮件
1321.9995736408866,9.163817648214085,0.17117172166039774,0.10623385957614909,1.561573325817276,7.734179517251478,31.732137344258923,68.56858049621238,垃圾邮件
1115.1339555212408,9.713790780697149,0.16153665952225701,0.3292820514479028,3.9695744840999145,4.550671732416397,30.862136585271475,84.90177102211265,垃圾邮件
1697.1552934788988,7.629828362232325,0.17585583319779147,0.15303955650898907,5.161839418893543,11.98438436668498,13.04034604020649,38.49964215296856,垃圾邮件
692.2157018751614,12.849672008223157,0.16423204408809983,0.0669358031887207,6.9513437024713,6.458592237566701,31.935991570346836,62.46980398919819,垃圾邮件
1353.8555984308837,1.620968423768197,0.08138508992585737,0.06757554759414999,7.12068627299389,8.51308988741361,32.31393879390582,29.31310498531659,垃圾邮件
741.5042454036303,3.1824211512907863,0.005111399043503096,0.052489093116661556,-0.06379828093563822,0.1748503406354417,65.83634367173612,54.49271241862199,正常邮件
1282.5411134216922,7.931997173200357,0.19466195829795216,0.21980124820223176,2.375609343891598,13.76644393488625,28.931216002080497,96.78575399769224,垃圾邮件
879.9132513600543,3.9810671334129575,0.15266603947706417,0.1500167719050427,9.974260468336094,7.64737003777952,37.20717851582152,53.45234535309028,垃圾邮件
1375.722905717534,2.975104142411304,0.02327100266449643,0.023340735130619975,0.7133605423652657,0.8683222085149218,71.65887597176621,24.801473168085767,正常邮件
948.3949300979297,4.16787612859504,0.02033380435598625,0.050242798397912763,0.7973997896450993,3.1153635039814116,94.18720276371926,59.171291377351565,正常邮件
1945.561458131324,7.514800951811737,0.1700586534608907,0.22184150701725305,7.580092270055783,8.269592144136263,41.37411767895085,32.312626987780845,垃圾邮件
548.3484756056619,6.135631788996498,0.029126445372030546,0.08445572395549428,1.1162836202713302,1.0946200813241196,88.99751787669412,46.676917652603684,正常邮件
823.4927696487466,4.112841916659171,0.04070747657632527,0.04310954565212188,0.2540593422594074,1.0582357293788323,87.05679488045536,54.06409187469123,正常邮件
1575.9639322993935,12.141730954804787,0.09190906774036334,0.17026577330338444,4.367467383549686,9.328511549509619,37.110432938043914,45.75467349346791,垃圾邮件
889.4462501423795,5.97337743648927,0.2023743828850403,0.15885295594240784,5.26374866464606,12.678758811858186,50.37277470255886,53.23264139017796,垃圾邮件
1245.351102980078,0.7695088400113803,0.025881409208437095,0.022694601491541077,0.7512924673311334,2.6999815259231776,87.53486107470175,52.01876784681919,正常邮件
527.9810566182931,2.437723039587181,0.03288184727668653,0.07088120077659632,1.2526380328282802,0.82026102735878,84.85745545142818,26.453699490673685,正常邮件
845.8404816965415,10.96053933352974,0.14492935624308245,0.21784033601858188,4.936687068709701,-0.6174392473561703,17.1126239867995,53.23440748773113,垃圾邮件
972.9619658994955,2.1236946456036465,0.04286297929471396,0.03223600974744672,0.5255304009886315,2.3748479771693924,88.48548006776701,56.468746787827754,正常邮件
1029.9190060044211,7.401363615323211,0.05028925002104008,0.24838665485937444,3.477993803855549,14.73248179744854,16.766655153334575,78.63804048854932,垃圾邮件
976.6680808520922,8.187387011086129,0.14087089490306695,0.10543164978814797,8.071872024198356,8.945293428240465,49.81569334208292,70.5073724910452,垃圾邮件
1015.914596555383,2.7592843985969813,0.024202660487269715,0.045005432368986145,1.6432931500390342,0.4415437800892712,78.94049494629783,43.566516669198265,正常邮件
1210.633825072923,6.774082718372657,0.15279164945119347,0.23516865103510315,4.147242792945976,9.755893777951911,10.359270052543042,86.334804836859,垃圾邮件
913.2751744004976,6.8098751073972235,0.12649350174459054,0.16351868154212823,5.397908587544846,9.159189100709963,52.499530635422,64.43999113787466,垃圾邮件
465.5943096181274,3.834521109759639,0.029638846357663336,0.04598709612485509,0.6953857979409394,-0.4402278148652743,89.47584864487867,36.86807482490815,正常邮件
1240.3377333894528,5.671458284025023,0.14600681717659558,0.10522096009174306,4.462509209991614,7.328663063935351,17.60229642944644,41.16119889523678,垃圾邮件
1021.7572838286613,3.0651631846969365,0.021977541794555598,0.04400709187608689,0.8040571165547954,3.1809420626349953,75.072190751043,28.14978974857546,正常邮件
928.8140791993194,7.6894248922943484,0.17227813079588944,0.20906621030953076,6.907784693166331,5.251267218808948,-3.192475714289685,36.426924909760075,垃圾邮件
956.8046093069071,5.141410612102229,0.08209762756497811,0.23581796339172972,6.398038469210599,1.3152414776715293,26.74403100891146,42.17670062505006,垃圾邮件
197.09324702529898,0.7197421130837511,0.032172078100721695,0.0709754671194115,1.9649569328194179,2.514623361665352,82.6925934447506,53.15728578274473,正常邮件
667.6609197153861,1.2039206892933525,0.036452454796860885,0.069012262368222,-1.3522219480978444,2.118988112117209,92.00446508387279,53.73596841691254,正常邮件
306.9246267349383,2.8662516363153916,0.0300883379732961,0.05623093129310804,0.5085507222337976,2.548464066187316,77.17688573259507,72.02402516417803,正常邮件
835.5294243325693,8.817728466115623,0.12408760119516823,0.22683925150902448,1.9533996196356385,11.192574635337198,49.219807787846094,49.1322339926452,垃圾邮件
339.79283264554823,0.5929356623479718,0.05587225906887977,0.08260263354191012,0.5177807848321079,0.6404403832868972,84.77753093320298,54.5344616561438,正常邮件
812.1583758157417,1.3186568114450408,0.017407027127153044,0.061661328052272264,0.8216955042083036,-1.2754566703218373,94.04697824060554,36.65863487773163,正常邮件
1020.0850829910053,4.644631008414736,0.09665085595858743,0.10231156437388379,4.984756353610942,2.8344928513608396,21.673322403853668,54.12050362230014,垃圾邮件
759.3664740584087,-2.7961944258040052,0.023703735586022776,0.01565914747324553,0.6245440774585711,3.1500016859754267,79.02086147982455,34.89884905778641,正常邮件
445.36530445790294,0.9873892644433635,0.043964198644098104,0.02443183590038088,1.5784425092556928,0.5629859449777522,82.5322179730559,24.42412878466454,正常邮件
1330.7164839246311,8.87922530903134,0.27227106128836326,0.17731023262825094,9.872604529979965,7.617403166979035,29.402061977117825,119.44225737613542,垃圾邮件
911.3005061311226,0.9988339527094592,0.14719020121886336,0.34193779506708943,3.962006269139043,9.17452123357121,27.041962389015964,86.52227378869472,垃圾邮件
207.4978087738217,1.1921869112354928,0.006819878541026524,0.023682153750821097,-0.50125678559095,-0.13542301867614692,87.11328277861678,58.83255744616177,正常邮件
1510.7166978334958,0.8458225363495049,0.03433947289776722,0.0842261544228619,1.1294211338151174,0.9801952903184299,90.70262498875314,50.44831821486454,正常邮件
407.12930824825,0.4685791291668324,0.036757653050958704,0.038996948068670885,0.190406078373333,1.1003877836675935,86.27395242297496,32.29714200871682,正常邮件
729.9780943814527,0.18810588912142223,0.01992889532721268,0.08630264145573376,0.7288774968978514,0.7647227257012856,71.02709770671497,34.91904229207838,正常邮件
1452.3643050966432,10.085135228098126,0.14812764056489175,0.22445526158740325,2.2077116784601207,13.449775025625925,17.167162254527057,28.05828737768649,垃圾邮件
668.9407869479212,3.2833086613762754,0.03010202131494442,0.07596127680324215,0.47610173783890125,-0.4493986560955574,92.71147708647794,15.344386424263096,正常邮件
1878.25921408946,7.250721454962876,0.10604977968700305,0.17269861611940138,3.5356509409525927,14.192319913870517,43.07358499807183,63.312906732513,垃圾邮件
1641.2255528909573,6.5463578791770285,0.14718215813154786,0.22845262503671243,5.742689662814817,8.252267353298723,26.79200662117482,66.71333254247905,垃圾邮件
395.8709495054213,5.54188387023766,0.17910706463051898,0.17091475389734204,11.232631609231268,8.210590730100837,25.288629349842054,82.68847738975049,垃圾邮件
375.2136188660629,7.342862676167083,0.16186275536921968,0.29789868633861705,4.303148620540702,15.561748594639639,40.668000455278836,75.20484283524044,垃圾邮件
1493.1331428723324,3.5250315488404755,0.1058860882363812,0.2794201678988071,7.133062305130159,8.291669479840001,28.47079555360078,93.75929273591575,垃圾邮件
1210.2611932065063,3.625528275924392,0.15159347698065787,0.19101574691359446,4.372091900383902,7.671914209659036,-3.865298983119473,95.49532007000505,垃圾邮件
911.2930371642499,0.7193954701763752,0.037274285519695374,0.04459390233456392,0.4757019122819729,-1.4684276982665856,69.69912009060965,46.13905764423174,正常邮件
797.7369742649172,0.6246431115433533,0.02475271010048224,0.02571656401263807,1.7979375991087805,0.1118307843312234,83.63550312149177,56.73160077399508,正常邮件
735.4819260040226,2.1218175950065334,0.04264592891706094,0.026615738037219946,-0.6077707715365379,2.0525186377598947,89.32196201054293,48.326694920008514,正常邮件
1192.392254297077,12.08557182307278,0.23897783163979663,0.17916088724492654,3.4689379552092134,6.917474273852008,30.311947689706457,86.51472769842442,垃圾邮件
722.8776443239424,1.9805474393270046,0.17056577815143104,0.2485172394406181,4.513347214169949,8.060479016546632,34.79213070117948,109.18101368145757,垃圾邮件
100.00038780964019,0.837751777838577,0.03633261325428642,0.05087355765730471,-0.8962423355532629,0.423321899155221,83.36210744858265,45.64767106919885,正常邮件
1445.1401619901453,6.527699577942305,0.11487294176466435,0.27859433824185426,5.799895494739637,9.598373952490528,6.1007126611088545,63.69202527961491,垃圾邮件
390.9850387991919,3.0754124819030033,0.017618314882803514,0.03337477753156182,1.21371029106436,0.37649595778223677,82.53885940247123,43.09531263789488,正常邮件
932.0415492066658,3.6779381028447578,0.025978903348413247,0.04280133675188972,1.4572160773540088,1.2864743186808125,107.52879595311953,46.50572743043162,正常邮件
681.5053793229931,5.98157129914889,0.17195635794815436,0.03023730388333548,9.125798401102301,7.47907815073861,26.859812537663277,61.35746296845057,垃圾邮件
1596.749312502734,8.545484230584067,0.09877559599755614,0.2520880678050778,3.750837789474647,5.604658239749431,17.706862932590603,57.92727914588519,垃圾邮件
724.7388985404131,2.8741045011023196,0.035182126885478934,0.051537311372174786,0.1390496739378428,0.6743172894008869,61.92846587176868,25.03309942915846,正常邮件
1490.4370183963308,3.8829229654699944,0.10712325147072144,0.2178067653727184,4.25236144631806,14.75144937824038,21.96815522824967,1.8748835624500586,垃圾邮件
514.4610907261335,3.1587766326361377,0.026655483440473315,0.09441390709747327,-0.12390192769864583,1.989010830543112,85.83708968657042,39.76764758570468,正常邮件
1292.3733482469243,11.469945076897393,0.23197700728716092,0.3083035780871846,3.5278853834732784,13.586989346412391,47.57884497934844,39.95967819725318,垃圾邮件
1104.7362722503508,7.155392967476002,0.17904369538973447,0.22866363927788302,2.287933471036065,5.4844591024136955,11.107865857771486,42.48055054752,垃圾邮件
1085.6378852776718,5.772379544604284,0.1542559999499684,0.27027920297839864,3.8745677766586657,5.7867646892720765,42.92955031502849,79.28264710815101,垃圾邮件
991.2621295012999,0.5160415390070618,0.026178084319094297,0.04972862464776772,1.3030323613973753,-0.7656046200395497,88.38640012924854,28.028904901892215,正常邮件
626.9117246357941,1.5257767723578697,0.029081425012918428,0.06090562552747729,0.6851802900410212,1.756447476663385,89.5825847955429,54.59261699939332,正常邮件
769.9348325527446,1.2200206520518553,0.021477390536650195,0.04326340224154706,0.9709931485376117,1.9094045170175775,109.66243064844966,40.292177149598416,正常邮件
2064.3229662991744,8.183121497049012,0.17385863203820753,0.17059586683599515,9.035016948797406,15.026695930309597,32.01060910513376,71.84093794896222,垃圾邮件
1574.3521946285814,10.875698733874314,0.19822062912485283,0.19724472535502502,1.995856815343355,9.279426462950012,-3.5894168486384004,77.94158218092865,垃圾邮件
1701.1925213462266,10.868272022554983,0.08683850623157409,0.2517034741403187,1.5062838918597494,4.565068835005477,51.39569586228568,93.85491065484486,垃圾邮件
847.4840185535313,3.8116075648924546,0.0309700580805481,0.04228389804204957,1.071572560814841,1.8661503805687443,81.90988733701951,44.5985534364799,正常邮件
770.9373585395534,2.7300045141068674,0.010924324180637664,0.047633387228929985,-0.7244156836211424,-0.3925822364492908,87.68037374985462,33.65475118929006,正常邮件
861.5333581830487,-0.1736665824059953,0.031402352312047195,0.05442501531425783,0.5284442491425354,2.5021951024597215,69.39695660274107,24.436608615394505,正常邮件
842.1015575459966,5.046004257513168,0.20242818286936162,0.2120247984895502,2.6573085517533928,11.92734122599902,47.134539465856605,23.041461930862766,垃圾邮件
259.77925095084026,0.7297932209908464,0.014939132856717446,0.01420885809853508,1.7218991462674373,-0.178728451933585,101.73056239985056,48.30260792510167,正常邮件
721.8225569073422,10.916874033180264,0.1724963757742175,0.03829256718714566,4.0590395355404345,8.590714685525029,39.357824122414,18.37302616050998,垃圾邮件
446.74489833800567,3.882626583733483,0.1340365636576561,0.10641187693631397,4.476223953582337,7.094505910133248,18.793336943008217,69.51978955034485,垃圾邮件
753.835460535789,9.647746949308779,0.2291507585421804,0.19596613630088877,1.351226686597855,7.107357952316082,22.157618295917562,74.95459039988044,垃圾邮件
991.5289423931406,3.7035592957630517,0.14692075181409603,0.2353709839721645,7.706651898682335,7.1327448406055645,23.54023381937956,80.2058287082773,垃圾邮件
1009.6101597559884,2.3839122905067294,0.03516913528559189,0.02397513919627293,0.15214151697929834,1.2549000952627827,72.38587939032871,64.02809230119779,正常邮件
926.7418112732119,7.550160344755315,0.2380141946708862,0.1269887888771173,7.963693181711058,12.836408062022228,6.067039261236179,45.396411608439664,垃圾邮件
654.3570416698815,3.5434493230513358,0.2256114030531866,0.23995912423444635,2.9950100351922346,5.989868539886645,18.518777051098873,73.367620187021,垃圾邮件
332.7412507053628,2.710785855069984,0.037724231123249526,0.08378278342330228,-0.5242125725696982,1.0067794606580827,73.45734002374307,35.934441455444244,正常邮件
822.9636806787465,0.8226374817655844,0.02773266452929509,0.07683613613847343,-0.8193171241049586,0.7920591600319059,84.08732956359225,29.71129330452692,正常邮件
772.3442912525766,1.9694429543288094,0.03691963326879759,0.06767398875402003,-0.5068431816525396,0.2793259345674096,89.92246736980543,28.741653202822512,正常邮件
1596.5761047326675,13.74906272284605,0.1940598507261188,0.1999147556004076,2.559762323539322,5.709565876847101,12.581956471934863,44.08062742057217,垃圾邮件
1479.8288904952924,8.095748779183086,0.10575172368388036,0.1914983173410634,3.12172922097076,9.485199611972044,44.674965736912576,57.069793697976735,垃圾邮件
585.2562156727049,1.0718356913297813,0.026216244378025767,0.056903706967849466,-1.4017959288501336,1.7196357125164143,76.00498111478366,40.38695395714858,正常邮件
1046.3906153627545,-0.4816533666637204,0.027343053890607878,0.02249153727801744,1.419929570883562,1.096330215740531,105.35606524986915,41.42851984581118,正常邮件
2031.6111184744482,5.809334262940102,0.21159598287537956,0.23128380434182685,1.4060752932935232,13.060344644564623,34.29311821341737,55.83318219811427,垃圾邮件
977.3037269643519,1.312479631401424,0.02571423171305195,0.07077589722112382,-0.5756863093895184,0.3283379105894557,85.44919012485333,46.59645099049299,正常邮件
311.3078326418303,1.362241211720648,0.043042647632442865,0.06977552936534324,-0.24834353224057548,0.7148394751814552,83.28198928102633,31.429580644775438,正常邮件
762.5166233725703,2.3523245435472346,0.04909905338818001,0.08757344499269062,0.9098473023388906,1.2860945461758326,99.52665927036469,51.80827865295907,正常邮件
1481.8199942134643,10.656498508344335,0.12006223877825624,0.1664088230964888,5.166263006382527,8.670910515259886,35.374716768877526,47.74244617153499,垃圾邮件
646.8044401187426,0.953183490264172,0.027231498804063666,0.061131471691969384,1.3017547555396085,0.32191802224400556,78.22500576428166,24.665245175473196,正常邮件
1144.556391679352,6.616868584471073,0.132160323840865,0.354125837698494,3.570269331620338,4.1603939377070365,59.48403357184133,57.020537851728875,垃圾邮件
964.9433792733616,0.8727904944186973,0.022369254057976733,0.08784865514229784,0.29412510732362696,-0.8610262916862885,86.0117703793003,44.34032166420549,正常邮件
1597.8027500498852,9.771885931130885,0.06641995061975896,0.17369962119521498,8.451429883624154,4.361987494384446,19.00288653262016,50.05984299288906,垃圾邮件
1203.3337877291217,9.239034678565503,0.06854513678082637,0.34444350319130607,5.721323277114964,7.621892972850782,44.19341265561949,115.77254991602311,垃圾邮件
612.9473992246798,12.181163259788711,0.19154155607670936,0.0976714890274159,6.940977803424984,4.123093324825484,36.463559292120394,52.50990038753126,垃圾邮件
1125.2810999339981,2.1441324768605545,0.029101344401157365,0.03882398724890463,-0.9448033753770664,0.08848538844871157,68.89033267985539,39.93196839328221,正常邮件
1517.8435769949974,-1.062284576734137,0.05359596297848939,0.0533979076221684,0.07102340611937241,1.1289174522975616,78.91434972121988,44.86674983658867,正常邮件
962.1934013102441,2.3561618218019618,0.032106600790680014,0.010254404168968598,0.33458694745311024,1.6621807072773673,85.58105093501855,48.8691733233902,正常邮件
1025.7702930019,8.072946829260829,0.12148415479576753,0.09146262799841927,6.837864096423747,8.343160156683242,49.28375336117055,58.9322928738317,垃圾邮件
1426.7864765374566,2.6980482323725394,0.04288944761362262,0.07291474561076207,1.1358353435246007,2.519356629085909,73.28230909391866,26.907454048304675,正常邮件
691.9992971490246,9.765300281980426,0.112380159694734,0.29140341866714603,3.879743220027289,6.851016443492179,25.2188504578866,70.89485955232365,垃圾邮件
1568.629047625203,7.806436074186475,0.14105857985518516,0.12644708168956187,5.043676940921514,10.940995665361942,31.359672031710687,66.22240432949647,垃圾邮件
1736.1819385782671,10.254220340022961,0.13960591443584933,0.21043505137544088,4.629178241063205,2.121325269851254,29.52051028936034,25.31219348274262,垃圾邮件
756.0377648344946,1.7406234948835202,0.03591845309970335,0.05276870061251303,1.6911902065011482,0.8761586221720129,86.92525573722833,15.849165551377428,正常邮件
1931.1861113970979,9.518844708393154,0.10849072430894091,0.41902913388023516,5.4149978899351385,10.660144383493943,32.822237489591366,62.255543222231395,垃圾邮件
868.1406348127605,3.2438008460119843,0.29650055570042155,0.3030253321249686,4.305422626590731,8.709329823240882,34.42119579546073,42.705548874361,垃圾邮件
637.9350983945766,9.51667550028129,0.1301431386893303,0.11951564552939224,8.490966102995857,9.961079492844775,27.632360603302278,120.05383964753332,垃圾邮件
738.1604894189187,2.5650845859153892,0.027991585338006334,0.03558950256132867,0.13571042396859095,2.5078644313912437,92.94129062122738,37.14949557886374,正常邮件
915.1213895679085,4.70109992349593,0.22752686514066173,0.15408337677415432,2.247184399376506,6.727783821401214,29.417992702231487,50.29260197496743,垃圾邮件
670.8461561461392,2.863741424833023,0.017313453586672738,0.01665875151135151,0.18613161558641367,1.039088318983663,85.50659938841656,39.88547671204532,正常邮件
1532.7354409607838,6.155430940421766,0.20037267035178863,0.08615917973613767,6.66134516132846,10.209963203703193,44.596323944761615,73.43844480396662,垃圾邮件
1499.1708829436725,13.031679753007232,0.12344322956751018,0.27642785438558864,6.767591205336279,9.287725636596917,21.630975095014037,47.38083972648823,垃圾邮件
1355.931037156664,8.8300900124462,0.11624311541139154,0.17023101118610173,5.012272983114569,9.353373991425148,65.06411060836135,22.00241915603307,垃圾邮件
1376.0651361896346,6.687597713758734,0.07232014679123722,0.16349886038461056,5.871331317980892,7.670606408931942,42.517030858044045,127.84237529901188,垃圾邮件
1152.05221287284,11.985346763658288,0.19446292746612637,0.23014870134776008,10.130489656976994,4.199483729474968,7.93111945890038,9.79221258292862,垃圾邮件
1027.9041888708023,1.3280963462138466,0.01876204800675255,0.036591318708701484,1.6689665670281213,0.8757860291089113,87.97924152917123,28.77125495315212,正常邮件
1410.818843167723,5.588507903445111,0.11489928701250782,0.21913158450360037,6.616677985177378,8.679480633857679,15.876793392887205,78.30204577180118,垃圾邮件
1451.8684276443482,11.888275182389721,0.1903204879742518,0.303974359041191,1.7889709827761155,5.558344887757759,43.03160753506062,51.25818984909605,垃圾邮件
1082.6681784662803,2.1112632917947587,0.008028121326492402,0.04739724369987765,0.5785391553632582,-0.0782072560571101,93.26950525348161,11.266874102319644,正常邮件
830.5706119590768,0.8419088630087224,0.032359549407937754,0.09000161934943886,-0.23934768179196875,1.5726540950415577,82.33525664634054,25.044730932532428,正常邮件
750.1155787182562,0.33539049383355923,0.029854016957927006,0.04811883632353473,-0.2273497833153475,-0.46980713810242336,88.62456425137759,35.078195930167155,正常邮件
889.0070633595662,2.4806004194411067,0.0315566122613557,0.0822612511813644,-1.0982116614310968,0.3705986259824725,92.13809968693181,68.82577040637482,正常邮件
644.7789903242658,1.3863996688749882,0.03783186687423388,0.042609098186279656,-0.29698355457784054,2.383935907917513,79.71108068252535,24.14037907344865,正常邮件
985.830243020337,6.446575559458703,0.2370379969143147,0.2962847415220658,2.810967368753457,10.2174105201486,16.248811096173597,70.48185089480711,垃圾邮件
1201.9071736898663,10.484274131302884,0.10228499568873523,0.11018794672703243,6.398548339632731,5.961986643732588,27.371509968686603,27.357750410413836,垃圾邮件
1441.5600766125583,6.429360749860045,0.10698843943846814,0.19970709690927374,3.5140824394017196,8.979100475076557,31.736533327445432,81.98335652267157,垃圾邮件
135.72063390549874,6.187175018288242,0.1928516903408075,0.18168654914487786,5.414747286447891,3.6687301540103476,11.521264427554744,51.247641137621486,垃圾邮件
600.6991352480155,1.0153164031112216,0.02374996493341058,0.07264457660171014,-0.42438536623422896,0.9460577802371639,77.94949453330071,34.43773398993907,正常邮件
1144.1778510337622,9.090177774934157,0.02490853639819743,0.383482729759603,5.481147333571987,11.838594804948698,47.26840869265054,81.44472627955861,垃圾邮件
1195.1972716966652,4.2016586533459295,0.02806333438236392,0.017674873875702858,0.9125087025368495,1.2149291120653758,85.69367075637226,42.10740290389575,正常邮件
325.2381929974996,13.847683329743036,0.15057700092837253,0.19265522152819736,4.466101261110129,12.520994084068821,16.011522265449038,60.36092632553035,垃圾邮件
1690.9160696770234,9.434694714488511,0.20421804331192703,0.15416618969131995,4.536199224887838,9.195900986030864,70.78241008044199,105.13638496709179,垃圾邮件
1318.997298583521,5.816923010149633,0.11236501540519933,0.10096122570063172,5.52659334687947,11.219884971581418,54.47528482266055,51.00957516337548,垃圾邮件
1657.9545862983482,15.228644877259768,0.017788804371359684,0.1247559647013537,7.890889361968451,11.597531631606238,10.675520783774392,35.98540185741667,垃圾邮件
788.6748106936428,1.069557574115537,0.12697149503839655,0.3423744756129914,2.1280598200220515,6.061077211661798,60.41160648384722,70.65726727309718,垃圾邮件
1472.8116618840315,12.829833309151788,0.1454489750404342,0.1642329683211967,0.4598473240233183,10.709197697363198,50.29744367828775,82.79575298587352,垃圾邮件
1197.4956547193326,8.813538049203414,0.1775589363481363,0.122696077083366,5.765240897365494,8.969121469822305,27.701830446349963,77.1531627455115,垃圾邮件
1133.3759656788156,0.07945279682265816,0.024452905102504988,0.05367608393411958,0.28016716644308437,2.1486925956762555,95.45993642860414,54.186481069736445,正常邮件
833.8682500013261,4.28003305005301,0.04099280764438365,0.047237175971748195,-0.027100082615172383,-0.1257344051614553,101.94770301657256,44.80512830343954,正常邮件
377.84248915077757,3.9136913461501925,0.02739709604456235,0.024827112864670667,0.9138291444456121,0.4342152401116558,74.82262539815366,31.74110560730395,正常邮件
714.2866621795914,0.6902201720360115,0.021122520719292187,0.05979266888076616,-0.1785297202469991,0.4803097763287989,89.11635544377108,37.36973550225103,正常邮件
528.0410081392964,6.440937208708285,0.13615192455681996,0.2828319548819697,5.287190679977806,6.68165884615898,60.60501893245672,89.50077109301601,垃圾邮件
1976.3853561053493,11.0966599905041,0.14198523764649693,0.3476758749428448,4.1459127078977795,7.350258223485143,46.30271939161578,81.44137139831179,垃圾邮件
1149.8545565923798,8.823723767213485,0.22673550602977222,0.26818837492433434,6.425956185400462,9.671101789639904,47.547464143337876,48.56198343003452,垃圾邮件
1645.1025915704781,11.107468730671643,0.2162003388164065,0.18371857256480992,5.715884507275567,6.714875047050628,32.31771060296617,77.00760739190008,垃圾邮件
1402.750795210387,6.727645778939346,0.1133297324001252,0.21021556617333673,3.2737487757781847,5.540009755194834,63.738885502482965,71.96934683384372,垃圾邮件
939.6125804002752,3.3912468353736314,0.020914303506031143,0.02231263260629398,0.6653061887917758,0.049271064105127826,93.76373173510565,25.963700964480175,正常邮件
754.9595832662264,1.7708794030684163,0.03883280752992271,0.051021778193141396,0.07783855172597698,2.905366522268515,80.61844763109639,46.50750792610248,正常邮件
975.5467016105898,5.351873284302859,0.025053173420450332,0.05710002791864405,0.41404762968856723,1.535722395419548,95.9213048866308,61.38545383181008,正常邮件
945.8034592658586,6.029840340546432,0.11389873269344394,0.13724443298791533,8.06306027818293,11.858506836705388,22.22388565672844,64.99405774167629,垃圾邮件
1364.855507233659,1.0128040135393432,0.027069083083398938,0.07433499859955163,0.03165249886425964,1.1271985211558957,80.22517556829945,46.94576095247333,正常邮件
1684.0570540682547,2.192892023669049,0.031642928440776596,0.007232553407444178,1.1089234244666182,-0.06201212157816349,74.03079733503918,26.648951206487766,正常邮件
710.3917274684122,9.104878907517561,0.039099463191019285,0.19416299178027693,-0.2551880041707486,5.59291413947038,50.36281001450151,47.06703653707841,垃圾邮件
1324.7197183211172,7.782724149958405,0.09217341107066773,0.25237853912438324,8.099812028112563,5.432075772238766,51.85185108453345,14.309306433903842,垃圾邮件
796.1748671850554,2.736156217745816,0.039224679687791794,0.054626649140939704,0.4253163055799031,2.0835983264369413,91.32809693977201,20.376090524563537,正常邮件
1185.9699932603655,12.60637753211293,0.1898818398083726,0.3036723309449947,-0.9500355865143142,7.839580159456638,-1.8864092054585626,69.54097679504875,垃圾邮件
848.7046755756078,2.789845934113308,0.03495390365578535,0.06328074746593675,0.6651811313522571,1.3052348019675108,90.05426999220731,32.28928531545429,正常邮件
1100.7261006355125,2.4662665370464723,0.02905617257582601,0.08341457912474615,1.2862782519684697,2.145551022981649,83.8187325719412,29.61369336847698,正常邮件
948.3347529931091,1.7699504536191455,0.03403224065844961,0.002205763047213205,2.5180970127349354,0.3578773107267954,98.86334463281064,57.66484912061096,正常邮件
225.57929761452272,2.607730047697959,0.03142217968235935,0.06279957523561931,0.2548895473734948,1.4032939312612887,67.80784834202785,38.0545139012458,正常邮件
659.8280700490895,3.229958530009626,0.04629012930030708,0.07078727457719829,-0.9260106443121074,0.7928990489749651,97.05583360098952,48.457428109123654,正常邮件
707.1126747405856,1.0552362769504717,0.018193525654041972,0.0694899792308727,0.6864725665624314,1.45209606854742,74.19606363756355,54.869424199751535,正常邮件
1847.0001753529018,9.048818194405687,0.1438884914138591,0.17466768876144181,5.720424799395016,8.204590956189627,27.311117269652375,64.72507170565807,垃圾邮件
967.9096416598106,1.2928303321179089,0.02599100317435904,0.04248077317884599,-0.19790332141160438,1.762179983417438,81.09476717569527,31.758692329512918,正常邮件
630.0727432074776,1.7595444888069576,0.03592305373701259,0.05620315600629087,-0.23973292024266912,0.31527680689867976,85.41623307010411,26.985135256311032,正常邮件
1051.0683590503086,16.402413660115418,0.19667747287031284,0.2055246642823632,4.219337623931102,2.7096181061330364,24.125527775407164,108.70143243399116,垃圾邮件
1228.2410496549464,10.799277770016499,0.17074524319107318,0.16939554869470277,6.481178414906361,16.60631881252253,21.201645865581085,113.96093217112366,垃圾邮件
1631.5285359352272,11.155413848728594,0.18842858734891,0.34997572907440566,12.099650107356272,12.777471330459768,18.715007505500466,55.774480789998215,垃圾邮件
896.5308499331884,1.5682184861507509,0.034981005591120426,0.06578781660803457,0.6616466116433263,1.7150179344537073,101.14794071366578,30.657898083488888,正常邮件
1329.992194419245,8.044114239159144,0.15777688714918411,0.192091122477417,3.5926932123684274,9.364709816345103,42.18267086916823,72.71256064985027,垃圾邮件
837.955639530031,2.986347178569053,0.02861790381533479,0.05895209382218927,0.057766561134762806,1.7840245786163185,99.04412245173714,42.308574097459655,正常邮件
1509.7487426694415,11.318472060897381,0.1738976404787463,0.1419005336007359,8.248255445164858,7.714945634576646,34.35959095155224,73.33557580927481,垃圾邮件
830.5186734263206,2.6378024094492076,0.04381527265840993,0.05471397250002451,0.526785860867446,1.391822239379198,73.21543686253011,57.158514313547464,正常邮件
574.0351259290163,4.447810095751263,0.040572993888136726,0.07988771919677894,-1.3126491676037404,1.5436340597479048,88.76872789889339,27.161241121139035,正常邮件
1050.930392741281,7.526473225910251,0.18679407402576667,0.10127652916003686,2.6273506231689954,8.74884770754706,16.492188838016396,66.58593974436997,垃圾邮件
548.424888938079,0.37670445615566206,0.04296075715528391,0.03586816850301205,0.8435662864203914,0.8664533960819687,105.14914445775905,43.04506809235931,正常邮件
727.9890146474785,-0.39452159672320786,0.038814584489309086,0.0656772953891724,-0.5571767714473279,0.8891955408700077,82.52268017600223,14.61844819052373,正常邮件
1009.6552929148124,0.9118429802393024,0.03225273743379647,0.012053540460022084,0.33682453693288283,2.009721203111686,87.90148797109954,50.44774673047927,正常邮件
1171.0393848113551,9.706339481382795,0.25180372616153734,0.27857624118376406,6.849934270010582,7.430708025304659,35.305155588546796,79.92516804614687,垃圾邮件
997.5014958197706,-0.9709561822687958,0.02102065482137959,0.04752986645536405,0.3882345271458616,-0.3082211912315982,74.16634175966577,20.580590503935174,正常邮件
1443.3886763734015,9.379503358583742,0.1499696647848544,0.16888990950381588,3.2663908226836345,6.461503184843604,34.87135321025299,69.81588351805107,垃圾邮件
1138.5644305737758,5.110310291079296,0.15266588730060193,0.2750743270545839,4.021506733198539,11.78876106028135,28.336722206648975,67.2374897816234,垃圾邮件
620.7658430991982,-1.057908143179501,0.0363461222938306,0.04209489120308422,0.14390392481977954,1.330562841244413,73.83496358335313,46.224119216983254,正常邮件
389.36341950845224,2.6396366408359135,0.01657853844441219,0.06785145017413663,0.4921849584668681,0.7422533563238141,93.23091549470027,22.29948818757889,正常邮件
993.2671168902037,3.4999435916362067,0.019746112978312816,0.04280642357213351,0.6020502746954433,1.4590664834312315,70.03968164660954,55.344124634568544,正常邮件
272.7731627821371,4.1985250409747366,0.035859152082780614,0.03668486638996911,0.7446702054719563,1.7588357125490237,83.98825174553271,27.086255107787913,正常邮件
1116.7900705291108,5.796069130586564,0.13751326643172207,0.10162039851074035,2.4829018709293327,10.109946339157428,16.931865463578575,66.5176860325905,垃圾邮件
1154.027466072992,5.106598550047469,0.17373234012210645,0.19249070864737972,8.340397280148036,12.806523191675915,20.470735526875536,49.68068485696494,垃圾邮件
912.6175397683473,1.2339568880722895,0.02328245607583537,0.050150866008819794,-0.5820636717818601,0.44353865961324435,100.76121315027882,26.703389097341798,正常邮件
1212.5430333101963,8.441482361120713,0.12011362699272352,0.24310919394584615,5.181480765889038,15.37382783955916,26.41317916044755,51.55718253965418,垃圾邮件
989.4575877461522,-0.22552516343107465,0.03947585913745708,0.03928491976289073,0.4026967083440892,1.6432707910063475,70.53978334948017,40.88485462359545,正常邮件
725.0096601675114,4.728584709911872,0.022297597259678115,0.008594942774764483,0.7977418636041884,1.9703968033910417,75.31740584227936,77.3187975559033,正常邮件
956.6561555585029,1.7041841434239373,0.043315294651761836,0.043125211968215636,-0.07509725889834351,0.8513804318727606,83.72138168048656,60.63374902471945,正常邮件
1153.0560343492514,8.434374644900906,0.19762065287453642,0.1575323056835109,9.10038880507204,5.740814230127617,21.30019355204654,101.60262893885121,垃圾邮件
703.2314947573187,1.2994758218525413,0.03197021787660974,0.07036631394072596,1.0904490448524422,1.1690359002026232,93.01575873928077,36.409518043606134,正常邮件
412.76073280056187,3.170599693636288,0.027673242121938512,0.05351413656286149,0.4803479106851235,1.961507956381754,96.53988551899924,88.21786783940335,正常邮件
1653.9805093135874,12.4662938120012,0.13215492776994492,0.35016804679116786,2.803224694915839,7.642370506729343,11.40729688181747,16.087234383338306,垃圾邮件
1127.337688586605,6.822889336801573,0.15324161368983674,0.2709265665347056,3.820358852370541,6.230454238174879,41.30099100099197,104.63006013265323,垃圾邮件
1457.4235051797878,10.254408449973733,0.18070063263088643,0.24088993085072707,3.95671694781503,5.644634513577852,52.64336864074397,58.7124618141245,垃圾邮件
643.8952047722563,7.820971216077865,0.15215537357365383,0.03689658140630256,4.177638688689869,6.618200948426507,26.03524163616992,69.254159307432,垃圾邮件
536.9235467761247,0.8869056534133886,0.0439166934709316,0.028260223071379206,1.218616949187843,2.0742250775479154,88.60380997139906,27.408805783962183,正常邮件
1061.646257375407,3.7099604734076808,0.03757596374182025,0.053934887676031835,0.7365809566009547,2.3516000087948132,73.71157642979503,40.30798000271805,正常邮件
820.1619609810655,5.894509223008474,0.04098432963887794,0.031752249171613414,0.4040009775970347,2.1093158567452797,64.2130684234832,53.792239513605594,正常邮件
1323.1791430654075,-1.157101665208629,0.028141434288544428,0.10342483166021868,0.9650516611591554,0.05760381573037998,95.86014387845863,60.96237983053878,正常邮件
53.051901654820995,12.56704291154125,0.15116293497179012,0.22715088108816808,8.124483457037746,8.472170280546788,41.8999479567096,48.04062983330554,垃圾邮件
1005.4831787093957,8.550079971939413,0.10315468189217673,0.18039687618778866,6.2054642092869114,11.390598788138302,17.67086003146497,91.61548556597057,垃圾邮件
2104.2685109849904,10.252950076386014,0.11552178696486243,0.24973946567056843,6.528272841234779,6.001078695349807,12.087891034945677,36.501752998736805,垃圾邮件
1222.012979800271,7.074347493079388,0.08481131673615779,0.11192980143128355,9.187250858379393,7.994005595353902,8.42581973612528,72.95204760442178,垃圾邮件
1363.8465936655036,7.812214041504968,0.22255387346665978,0.3112680134194654,1.7533874818790935,8.341975581830388,20.17197612159987,61.332615852829875,垃圾邮件
1011.9695567520102,7.078025119585221,0.201829056719569,0.18737642276457114,6.390193494768843,7.037575095149453,20.335085996570022,71.66165848860688,垃圾邮件
899.8927990002992,-1.4471880024775685,0.028567373849071008,0.04118298019539261,-0.44746389664694775,1.2553413715683572,87.75263944257883,56.70005243929313,正常邮件
1139.021517558882,0.25713364418372997,0.047760007315424444,0.03848453396300831,-0.2889177794582838,2.219472569152156,92.88350003882574,42.46580109484815,正常邮件
606.4715153934127,1.5667555536003814,0.022792306773762167,0.08380783380741189,1.0337463228355221,-1.4226328259643823,88.92115044918678,29.349584815434685,正常邮件
716.4858003620049,-1.930182284567703,0.026455949542234885,0.0556632526784343,0.6440492660034611,-1.0195011355570767,79.04720385435161,33.76013518145601,正常邮件
1528.3730490877995,6.310912146108311,0.21484200055315644,0.13344481723269003,3.8632118539595055,7.8695368191583075,31.926058485472602,67.40704581439836,垃圾邮件
1083.874003567015,6.854560642204849,0.06349369875903403,0.2037393572453386,6.102682367387702,7.56144759368583,10.541996532012021,82.01321690075913,垃圾邮件
799.3624743946111,4.752824020982986,0.137781819769783,0.21945352547931832,5.786546519909788,9.50628490255426,15.960313616944457,107.14604847138033,垃圾邮件
831.0597797020905,1.869097655427603,0.02659340529298517,0.061122292162273995,-1.0724023032533552,-0.06141874466960573,85.13291713650158,23.66834581724152,正常邮件
1079.2690723279793,8.136856251598164,0.1498582780645782,0.12912805892118384,5.935702242044697,7.716483775363454,29.17911527185944,66.03702262127747,垃圾邮件
488.6134078225055,1.686147024747637,0.037900347121550215,0.06063975334849431,-0.15602065875517712,0.7105148435086528,103.36514709883059,42.40889051327083,正常邮件
1097.0143712802612,8.161766522774773,0.1304353263517938,0.23451462760990377,6.9509912940202545,4.737562209409042,27.4857610663841,31.520911686090955,垃圾邮件
1586.918804929607,9.587922231438544,0.11100783755007071,0.34826375261115805,2.8204936664164255,4.369607855862496,21.940273885367432,45.573564710121744,垃圾邮件
1364.6768736062925,7.337232506239682,0.12433671790320647,0.15373378716956335,5.544459122785652,9.84143163080313,25.815716464654276,79.90702043301494,垃圾邮件
792.3183678591782,4.767355524399187,0.11887324777653879,0.354258151847467,3.142802778011915,6.352376941249759,11.308787238954167,83.56236089294853,垃圾邮件
1044.5282866263694,4.150582581182747,0.04366411144365748,0.013251318418349874,1.5459403654379533,1.6386550945840122,79.95605529718435,25.440341549857592,正常邮件
814.8512391374773,9.203517821751872,0.1399086453766533,0.299596927986979,6.560882904609708,10.072386768597838,36.05137334265382,94.06528893315904,垃圾邮件
781.5504451392254,2.3167442060359074,0.02252790195632137,0.00886114465682445,0.06996802606052482,-0.0826746128548097,99.37420697691917,48.91192942571847,正常邮件
737.3937755050986,2.8335804299198752,0.032787136822201184,0.059283273632633395,0.5375908225720433,3.2481087162027875,69.62507568695321,19.709630036638405,正常邮件
663.9839986382214,1.8432708296069695,0.020073753634886796,0.05297606148809507,0.7847734555969499,0.872378497372544,86.18136617184962,41.6414627848242,正常邮件
852.2377881924059,4.075503676545717,0.171105516629573,0.0020227786496775646,3.1961672318146084,10.952487751315024,4.57412991281198,101.42663643618172,垃圾邮件
1810.4177408159962,4.505814212490138,0.12266771100675557,0.2290412162904764,5.630005575379269,7.953783758488938,30.127523708704857,41.6476316348697,垃圾邮件
816.3699954945441,2.7248548549882337,0.15357750259318945,0.14017721454633258,4.394168219310551,8.889315403799026,-4.725870125186454,56.03929203325691,垃圾邮件
886.2802449911494,5.877768642304412,0.24021260929999194,0.24866236496106073,5.6840098058437505,6.796768327207904,40.56444024608479,46.04512572151413,垃圾邮件
627.3246353905666,2.120990697786685,0.02465838318091195,0.06314700813671201,-0.15003452315544896,1.350801164495925,85.529574733481,57.451318820349286,正常邮件
841.6018701149204,5.572254563468928,0.02848977756737427,0.10755163356984607,-0.1984178524558391,1.294278973741441,102.29968455412813,42.81118162317943,正常邮件
440.70022855562354,2.8533094428854398,0.030799259091535088,0.05985352349405004,0.4178410540973676,-0.2093099071946245,80.59840991435853,44.53339042243623,正常邮件
899.868464131069,1.4035655963716631,0.02373530845193268,0.07606037379999883,1.736169980799644,1.8076812975697312,104.6271251576602,27.869697358377838,正常邮件
1904.3349300566952,3.5581252622522825,0.13260501880338443,0.11217519106228019,7.850496547484722,10.27123537243895,24.376273726526456,47.96030515204153,垃圾邮件
1238.289460749864,1.6043815778386528,0.027737366251652934,0.029792802759307662,-0.9473933159799472,2.4942774882745873,84.98105435936877,44.44030265967466,正常邮件
1309.3093093244413,11.988311219879686,0.13925325299636238,0.18327000778871153,4.379641938565604,8.337754446863181,52.255120231778,74.3486709926299,垃圾邮件
874.432441813459,2.3843843280654387,0.04617107532435567,0.05872337754880918,0.6045061172805819,0.809068198675543,89.22953954303188,56.133225660290236,正常邮件
412.44139386205137,1.058889869831694,0.03096077907824737,0.018011177009951647,0.6570045265904538,-1.7513625323589732,90.74430656289374,40.05703234072389,正常邮件
688.3683771934607,8.175071871004587,0.1260088664025786,0.16845460350977448,6.75338695814863,8.755502855946037,43.5164670161446,55.51870974320646,垃圾邮件
885.1784120098397,0.5662326202692101,0.03204475869521506,0.09144579172529735,1.0161670436917725,1.0980030104299112,96.86765514459455,16.421149035075747,正常邮件
1552.6051847740885,6.299880543165089,0.14261636114871437,0.33351537334114245,4.971340886761028,4.354895414658436,15.497583977033365,39.566378953826344,垃圾邮件
536.1990071714786,2.4588938476705677,0.020841859850674486,0.026740357269304002,-0.625358133880213,1.0232745068521394,92.67913045325318,36.20408581071818,正常邮件
822.8110259555674,-0.39868992172526996,0.034359109341695664,0.023709480392857224,0.8678132021926743,0.520829760326803,97.55166195193301,38.24317070875087,正常邮件
375.607145932731,0.3425356249455149,0.03948125690187563,0.04387930983626562,2.2008525647380903,2.5366523925306526,72.76863123222702,44.60785252521596,正常邮件
2032.1578128709302,12.924490515046864,0.14051800787078694,0.2378799714471164,6.864476903367485,8.094490724434023,30.307664456254077,53.331228184892936,垃圾邮件
251.8261965637697,7.65681926138644,0.13005028885930184,0.17756101722396908,4.231911552345961,2.859350256678126,-2.1612218868997317,70.15657768984062,垃圾邮件
1038.0712890042125,0.301410376028858,0.022041830940862716,0.0175046003487129,0.4401957029477962,2.6180966076506147,71.85196864202977,34.74948735029029,正常邮件
1569.2417797474593,8.220610228403604,0.2699269688450638,0.33155817401372817,8.818588845592908,10.547371267753302,50.28499507344459,42.79141319656202,垃圾邮件
1858.8004698832895,8.949902649664516,0.16711985929778078,0.1054887749372268,3.8283549215755412,3.8601256385744733,54.79391565583415,54.932109666007435,垃圾邮件
1095.3999186638687,0.2533552082598822,0.03726161876214602,0.06963176227951559,1.2384427514113199,1.1003419270426953,70.39034744969673,39.787191802656864,正常邮件
1669.2457993033247,4.983473978962616,0.22318039414502777,0.29450387629880626,8.40286675784976,1.1286183524607782,51.89433992118353,70.26112273058598,垃圾邮件
1065.8463545023048,2.512625037292168,0.028838822408162466,0.044138272733205995,-0.01632717661209726,1.1355595728947145,87.915869019748,48.54141278736462,正常邮件
1062.2811580601665,8.809702980741998,0.1823980781338981,0.2361372828624615,1.4663613436467964,10.732912582428026,40.6222743848517,61.704710391562436,垃圾邮件
1739.3639131934387,9.4304732273355,0.23097617943329038,0.19839262623112014,4.062625859180836,9.55152762412866,44.05250441963522,75.1273073774782,垃圾邮件
1204.008472275536,5.79885930382414,0.11896170437932288,0.11565075118411879,4.834927504633742,8.516764317845354,-3.051661152008869,93.24217535346959,垃圾邮件
543.9707894434362,1.064979091015978,0.024410702772688274,0.06255619112277333,0.6136887345379402,2.097078349375569,90.31249117729365,48.72545574867092,正常邮件
1494.1242330804625,3.6951132920002845,0.11551151552505204,0.16301230586773635,5.835704934031667,9.748933058618908,53.05554679470519,72.24652871450925,垃圾邮件
605.8784125031088,4.372059676164416,0.02890840479024699,0.061641141175853065,0.15002495274624966,0.913129421265781,89.25720396696427,54.62139137356842,正常邮件
804.9042958484612,0.8266145703259755,0.03913988817999322,0.018490606500968787,1.4901485376484072,-0.34549098553479607,88.52739718281957,83.64269280013872,正常邮件
1086.1774560909,1.4759363792626958,0.04029355460144459,0.04315688191046032,0.28554801569788946,1.3487897908650628,90.36906962529427,18.982014544915838,正常邮件
861.7311185490921,11.960096420187512,0.15516973050576344,0.175558477474554,0.020061997559214007,10.602319734797092,44.29869872560495,68.66109595042178,垃圾邮件
1326.7645094946524,1.1489396234438185,0.029453567219965067,0.025268621520118665,-0.9545403801014105,1.2020127257525381,79.71732767320432,29.406647141074764,正常邮件
179.90512560317643,2.71455540247616,0.03029589324312728,0.07451750382655703,-0.2074885329093854,1.2272227164663154,73.51628203687096,46.69442504716289,正常邮件
1105.7595128127996,2.5334949574770134,0.02452080382919013,0.06759589009972418,0.6586023460908779,-0.18548087781887346,91.86529669346629,34.292613731610246,正常邮件
1086.032781331427,3.668869431902615,0.018022471928089864,0.02941851827609536,1.9220947708622846,1.3947462997556281,78.19739362625705,53.48436216601431,正常邮件
940.7835841345317,-0.34153360819078316,0.029400342336165116,0.05530255697319772,1.9606866199163082,1.7037267514212173,93.51733074439632,61.485252567576694,正常邮件
1524.3831451486453,11.660171174816295,0.14681696520856688,0.2964158356404183,6.3313394966247305,3.123833764979076,32.68994725362129,66.25992903606455,垃圾邮件
1016.033107997697,7.46187078368528,0.18506879763769807,0.11449933030648064,9.433112930948312,0.1694733395926864,17.554300491068815,63.5300877582697,垃圾邮件
862.2648032633717,5.956209441461354,0.16840289835940142,0.14023258342407294,3.295988411159287,6.554419781634056,20.972347035000762,68.8688708771541,垃圾邮件
1156.4705896832634,6.1163979260989025,0.07607321146472629,0.32451227472542105,5.388841671889781,13.898817267490534,17.526660578408077,98.77463615903604,垃圾邮件
820.494760821085,3.328828464276311,0.049543322565279144,0.09349025517152657,2.0639650172658857,0.3018826297517644,92.17577033991635,10.895123269860687,正常邮件
1470.0522184725473,9.381599146834137,0.2423192524514125,0.12647880180701898,5.9083849195928115,12.189547266211552,46.652812327803424,57.560011159491225,垃圾邮件
567.1988903270355,2.4585006070372515,0.029466112059941187,0.04115575354017455,-0.06982276045352043,0.4959964587194925,95.26749241379676,15.413707879887973,正常邮件
1172.0352535491443,0.7936012779291959,0.026574938408014965,0.05848315471495759,1.44063840468477,1.574971065515719,85.3390092464886,21.570758690955923,正常邮件
942.173241778192,10.05077136659515,0.13737461525036337,0.09950522633639618,2.064194519391785,10.920972759554244,42.87115787969518,75.90960867171869,垃圾邮件
989.9411913538702,2.0916883304551903,0.02982897487668255,0.014282703090328454,0.24004563215355296,3.313765524776148,88.97357833980999,15.7118417782474,正常邮件
1931.7226514266872,13.25885835845261,0.1490507945115283,0.12020772599025575,5.85192703968135,8.417190637004822,12.119846186942766,39.26625218306787,垃圾邮件
863.615979027212,7.324171281848834,0.13652823469204586,0.15966239033995044,11.080363981975065,12.735233715437651,12.213221065755313,60.01296962731685,垃圾邮件
851.5729132752433,1.3818379706574568,0.030562714044931813,0.027771807481787442,0.30797288827634994,2.1051386972297204,82.38104302174352,21.36156988503154,正常邮件
1377.4623078192135,5.096703485533268,0.1510677055226336,0.31042861767253815,7.228661270523961,12.09141692815205,52.251297412270944,45.77408980134085,垃圾邮件
1066.878504928201,9.461316087751717,0.19264842750435707,0.22396357953377266,4.179695750704023,6.9719224721613315,26.99314121148781,61.93810014749759,垃圾邮件
1216.5639904403872,2.325774077757228,0.038758115313777604,0.0835451211468191,0.23989371112553204,0.12533020014155993,74.42227045849344,50.223463102180446,正常邮件
1134.4670537011718,4.177360349530713,0.030251804702719636,0.0033797572549530072,0.5525948523896604,0.7594800621346574,81.31771215544548,54.58233491335676,正常邮件
748.440364203702,1.3279217776749552,0.029132911735645188,0.07851800562079846,0.7527134506419795,2.3068689917301217,91.20545714914267,48.13780949695654,正常邮件
404.3905901614338,6.71964590480402,0.1932827672616788,0.10861496865545649,5.396457497029191,9.234495586945558,57.01158459304369,95.00826111402017,垃圾邮件
1038.6068501020122,6.988774831074341,0.11682013434348201,0.11138145193829703,2.518524654579959,4.393813873450704,34.35295344857116,55.48020056972089,垃圾邮件
288.86907932866626,3.1287746284257305,0.027071561009278697,0.05359827453905505,0.3225606164934456,1.264067334891286,74.98957204054634,37.37181394948192,正常邮件
904.9366510123396,0.5844414117692658,0.045990468932545284,0.039374363182148105,-0.43945287268373956,2.5231063937013842,84.43325919070301,40.538469547023844,正常邮件
1649.294560983885,1.5080295692301071,0.05169565204130881,0.25078258032699396,6.616931538810723,6.394358066777842,38.94362897713189,69.75510893085772,垃圾邮件
1257.327617417894,3.4312103472892366,0.03433081189762245,0.024744942462410754,0.8234214265370469,1.2578584787949896,76.21130471733865,27.500045897736975,正常邮件
1030.807661982596,-2.934481446665516,0.01663592746312184,0.032204834266630754,1.0147301855372028,1.1137024054002576,82.30540477080363,59.38070767794821,正常邮件
1077.2536315690704,1.7907256578661572,0.027313884204879534,0.03400848923764439,-0.06791470155933987,-0.39561743929107585,99.27347826975347,30.32030467164388,正常邮件
656.9411262974008,3.804555768618031,0.042181761744612946,0.031004370257763668,0.6260116142945824,0.6896294805132459,88.95551175003963,49.88863701351894,正常邮件
1405.1012424022272,7.136585251601331,0.22250158496402894,0.21261012253154338,2.080099574495665,6.009855210988819,35.89016096086103,75.82837442471435,垃圾邮件
1006.4184368772314,2.921363547807145,0.02274792159481227,0.03497171101673355,1.1252958096819192,-0.5344976270956545,93.02448723622823,26.35589916029975,正常邮件
811.1232645334576,8.476644310470647,0.1286747695252178,0.17078504228647998,4.65554459452198,10.103306099558974,41.75722892926085,54.77218846837127,垃圾邮件
115.1242506303305,2.9727542014443524,0.030057012687096037,0.04823759766984044,-1.2657316820030076,-0.38723491861086257,92.21741155075554,30.31491566072543,正常邮件
1562.1069105544075,7.2938502573457615,0.23287969602544686,0.1620939932438814,0.9169466424129178,12.688162733061745,20.240353730236073,48.92735080877747,垃圾邮件
367.9655955051653,1.9416652020537644,0.015302400440268838,0.044326330679879164,1.4036119314871975,1.7285271393845343,85.30903369545486,38.24284225427201,正常邮件
249.56787172777103,10.25008746834473,0.12059606070429746,0.17040606817347725,9.49903554344317,10.916917681035947,51.521603649196564,14.895034462253797,垃圾邮件
1537.5592567705107,8.310027741781903,0.21406348945971393,0.07902539397871593,5.899359086004309,9.88412209827122,38.36094219929252,63.59112765748703,垃圾邮件
1074.503937624169,8.482543788885508,0.20281463400938396,0.1408623271371922,3.7754763708733785,10.87890445871654,37.62878661608403,4.6814766515245765,垃圾邮件
970.212014417795,3.935631778606548,0.03292396743390005,0.061825340186251077,0.4958646960027223,1.4045462847576269,88.62392434714414,35.90680187687751,正常邮件
1011.5790710230709,-0.025557850091715295,0.024337239507424644,0.09071042711679408,0.01201596742277622,1.5806365336936923,98.00610764377399,27.523192570988215,正常邮件
1188.4628722118568,6.592872171857254,0.17714396980110042,0.24405057346180187,10.376285608026569,7.741282638741861,36.83520180724901,35.626412137241005,垃圾邮件
735.7392072394229,5.570498261708476,0.11282940652262238,0.2829840789539111,3.6455957905170244,8.520438678851486,23.021190251703793,18.784652966894733,垃圾邮件
497.3588432056743,-1.451973064748489,0.03794163593075286,0.03065596699873169,-0.011029216680679355,0.1588313239322754,86.96201145810954,41.29829963534673,正常邮件
1259.3796454791918,9.043334775397408,0.15093526759689782,0.1682440360967461,4.176075248477425,12.432783790264516,32.947126082684726,47.46114405997956,垃圾邮件
1389.9436981447345,4.970407922281705,0.1957955559427059,0.20215575636470556,1.4333830775941205,8.20956698207286,19.41709785006747,29.12522004138771,垃圾邮件
1055.7028035177616,5.138334446150981,0.04062873062459228,0.06897056675772305,1.4523769367895742,2.1458822116797256,100.7020188208785,45.467110529495486,正常邮件
432.1002825722887,-0.013343251243399301,0.03518240923376866,0.05152336544500126,0.699462071932017,2.559674230123072,76.06090554280479,44.68571209380532,正常邮件
948.2546506815237,0.6198379453009075,0.027448079952520184,0.024998665755283426,0.4240357122561908,1.2397627808892924,84.87835148221826,52.16509303894534,正常邮件
694.6830164576954,0.6844488467868994,0.028965320304044515,0.06796287986783381,0.3548458674169504,0.47085735875370893,93.23932988636645,31.411946356137374,正常邮件
616.8533555895451,9.69484550011035,0.09297282360181625,0.22930458995215344,4.744994655652857,4.367055921984494,37.93751327626009,53.89175098898282,垃圾邮件
899.8596044875547,1.1389105874207255,0.034181267592667694,0.03356019559862895,2.806307606555385,1.2850565162836418,85.81829089560311,43.034180310721474,正常邮件
909.2778434337952,1.631328400431797,0.00495801352043811,0.022606071739681564,-0.00019759261000062978,1.8272731634068822,75.77639371501789,50.40941828336095,正常邮件
803.7472171413389,3.1536690049480907,0.03775971680048935,0.05772423030859594,0.5525091983689121,1.5969645967816164,81.59428031815042,25.6422360922466,正常邮件
416.4333209337403,-0.8997276132853345,0.04228707033494644,0.07335875157271668,0.9156701697628695,1.0944846148552403,72.01891085984302,21.094221466337796,正常邮件
709.0525220910688,1.293452145626407,0.03364626635836005,0.03539350390883568,-1.035825664118112,1.8123321209016616,66.41897411196854,42.86464983060556,正常邮件
1694.0349897476094,7.442766802444726,0.22223833240291072,0.16742060294157193,9.350955778638383,8.066898025567328,19.81033284741161,36.22943198780111,垃圾邮件
798.0396333846306,11.049126302915349,0.15468003845015604,0.2004840081720431,2.432967246198336,10.238448661557284,24.55357996024448,36.067578203651976,垃圾邮件
389.7828772388523,1.457009849497755,0.011840515630003101,0.0336284508057882,-0.9135437804296984,0.8967591479093254,94.32548834485657,63.889131535488474,正常邮件
1238.029391155526,10.285184325282042,0.11303893107415519,0.18304193219273715,0.6446492468427465,7.809916191123189,6.3854942427282495,61.26656266315175,垃圾邮件
576.6568520285362,3.506952422691545,0.029781712677820538,0.07354010525749385,0.398234944840656,3.00463308480197,77.37739314155385,33.25986459302928,正常邮件
1036.5515847566326,6.963927916240894,0.20472815825512358,0.1956109991161275,7.719999772408745,10.046963375693114,23.906088464111505,51.319542593361604,垃圾邮件
879.0811936899628,2.684579945299595,0.03474373584573956,0.0318682642955369,-0.885660573557133,-0.21443205249948138,89.02227079038508,58.46160813400043,正常邮件
806.0895534446522,8.574601288405363,0.18242483622826516,0.1697750573229334,5.577350224120717,7.565920145554941,33.27830053392157,52.51870907423151,垃圾邮件
1005.6943735927277,5.884029601277864,0.06028534092927254,0.2548526621208932,10.042364936288081,10.793676182338451,52.50812883009493,38.93009138476239,垃圾邮件
1201.4428174410618,9.182484876417002,0.05603364954073449,0.10648420039993975,12.178602493423128,2.8211547073026697,29.240877179340995,52.53295410706948,垃圾邮件
715.3724876847618,-1.0673815482777647,0.018986100823099962,0.03660318768644722,0.18178293796164047,0.14988663714813977,92.23958136230392,46.65297766435741,正常邮件
1126.1548025214145,14.828597479686236,0.16398081553396776,0.15729947157786006,2.168293249790581,6.688425577038629,15.320087851914051,56.84468099857694,垃圾邮件
1157.825888270888,7.570247825779041,0.1604020634013948,0.2650173138808508,0.5047228078443968,6.457351218156221,26.21486293583737,69.06090099896828,垃圾邮件
796.8781656960808,7.72668818944375,0.15644017340598418,0.27042588862075934,6.27270478413095,10.299499339725209,21.630536913076842,63.84179016309153,垃圾邮件
1183.2602853540202,7.713012890172185,0.21334306338273162,0.07529783748518792,5.945807170267654,10.418936454969396,17.568486954690997,77.63645082280011,垃圾邮件
1799.1365254553925,8.433893490472217,0.22491105829001562,0.15138760116947222,6.744824861552575,8.18734058383521,30.889315526829318,78.62519165548437,垃圾邮件
1032.0422996295986,8.338290409616617,0.19448209902810804,0.1879415257128753,5.716586407301613,6.884840819439802,13.543541685008421,85.40063924057829,垃圾邮件
270.5783279348485,0.3382184979492857,0.03270604546146085,0.05988866783335723,0.727131876340347,2.101116141518146,103.40138526892511,32.14342359447244,正常邮件
1546.8483037380786,10.849817671716648,0.19977090994584468,0.1989505279538198,8.773068771382016,10.39812355889595,28.02012213187061,76.13468422257739,垃圾邮件
760.6715464862754,-2.2010215197182967,0.04980959573320991,0.06979188596912006,1.5662741826931552,1.9942045997273596,85.47371794636702,49.07502219859088,正常邮件
753.0498076743008,-0.28031878390001586,0.024840267845612968,0.03755694056229448,0.2036269599826706,0.14436778629487645,79.92800857993447,23.920078926926738,正常邮件
883.3676468141718,0.8886375211254505,0.04159942732108034,0.03510402151664592,-0.22354093563778954,1.788345822702266,89.85040287355082,66.46459727984512,正常邮件
780.306561610579,11.837830959267638,0.21129949374618806,0.16038316572946884,7.414359787896226,10.200697825234721,45.007429063181306,37.13514998032035,垃圾邮件
1200.573150658832,-0.07907574945829765,0.10432213822989309,0.2607016829936676,2.489346605579617,9.133351728703714,17.2844716460912,24.677950091282277,垃圾邮件
800.1439749828876,0.006238010719738174,0.01968453533985226,0.06572962828243281,1.9422840394725815,0.6242135761250335,80.69548451066885,21.570113799778284,正常邮件
595.4494820380693,1.212460162145362,0.050435145286929675,0.06399877045906315,1.003395863734538,1.285527564478709,91.81913648565495,47.84589890871222,正常邮件
320.64439905496255,4.322992230201215,0.028936980693423413,0.08637429125555285,1.0497870757542036,0.4168481264099181,87.42251506911704,56.716688457704734,正常邮件
989.1090757302022,-0.1388766453271355,0.030586559114257096,0.02782604921993449,0.9201985070674256,1.2812689285992778,86.63338456446776,50.916659508263045,正常邮件
729.0245420703712,5.937189532017017,0.14297321426053286,0.2364643636226242,3.9433545753442085,10.546240730447758,46.77438864122388,58.44158992897954,垃圾邮件
690.7859392601372,2.432697576417673,0.03753062075323765,0.041875401024178,0.6895202081172429,1.6958083811611466,64.47821127474265,30.443810937322958,正常邮件
783.0483490218703,0.2603405334131099,0.02719611488706978,0.11208229860891311,1.3060205745738473,2.1929640718320043,91.33094761563761,31.345190517280148,正常邮件
401.1190592585397,0.8628073449159159,0.018722690782821086,0.09522183782717403,-0.3718575285882997,2.37009231651904,82.86926200058741,35.32235145166358,正常邮件
1773.6598312450767,7.050601289898661,0.053119142113558046,0.1597960828826695,5.734739956082915,5.064323381732135,17.92148298208942,49.38332533277363,垃圾邮件
771.5405269905831,11.719273188854192,0.11058722757884944,0.22584411914088945,8.326337159745854,6.24993801013082,36.946923151388816,40.06079642450108,垃圾邮件
1198.036316839542,1.4906084549485503,0.020973013478049363,0.06842076920575603,0.015465951990340843,0.6585379314772684,79.92564390932107,46.12058455286787,正常邮件
1285.9949525793816,6.106597223761957,0.1879067783458644,0.05930037517746731,5.539521410728167,14.207205431625333,46.00129663178313,91.92795485428077,垃圾邮件
884.0055025349191,1.743255306190835,0.028013229182997795,0.05053172861337607,0.8005566480859336,2.462496590756686,99.78809296630321,85.23318470689676,正常邮件
1220.0438500713433,1.8509371726157937,0.05346614601427366,0.20302002535105082,8.50712301778725,7.367953645468611,57.150085113369634,87.18481334293871,垃圾邮件
1178.759091549793,13.184524187981992,0.1271531859907778,0.09035666569262438,5.204151968503461,8.512294301330352,0.015555676313152134,56.50830813107868,垃圾邮件
856.7733898898292,1.1543681859737744,0.02517234379263293,0.06140173272683338,0.4198615508071929,1.0224402847487533,99.07489227604617,25.74566567812414,正常邮件
1329.9639943241734,8.772251217310234,0.07132713545689515,0.15988339736504326,8.373129686643694,16.463637245684424,13.5155934794705,27.857930556932658,垃圾邮件
777.9830733525494,2.3772656620207693,0.03398869535825745,0.020407628781207457,-0.16766732360974013,3.5331483267892736,78.0369088961788,52.118882431277065,正常邮件
1913.1287486029225,7.172399046915567,0.10158470546572432,0.21341982756896594,5.347857872764101,6.842699374106461,29.818119215886817,81.109227578545,垃圾邮件
808.6977504280175,2.110992550921216,0.02165564930833589,0.02598568060269238,1.607560550115489,-0.7794392311413274,96.16714850852574,36.73477972454775,正常邮件
1375.4429373772432,3.2908108692384372,0.05758422513308145,0.2455045326762307,3.437166637828719,2.0007756993564216,39.82328658626838,42.72244444241103,垃圾邮件
1087.506619201894,2.351699238559576,0.03539514133248695,0.03968237697615174,0.3660358814442435,1.2575260729543392,85.71801067793274,36.65592174612403,正常邮件
861.3433143955833,8.605184438896247,0.10644472016525264,0.09163136566620954,5.89475615933358,4.553271289857214,46.65834894869194,86.40165898458136,垃圾邮件
1126.5454224201767,6.5812274851845665,0.06252885497665779,0.17511261616512525,4.502916877674892,8.306648333024958,44.14694795944223,31.125467444174877,垃圾邮件
609.8965962617938,3.191698418950579,0.037638420578710946,0.03236758213282872,1.292607618281126,0.505549314380337,79.31167009220084,32.334927129225754,正常邮件
302.8272937426079,1.6232325829807506,0.030883143737323572,0.04526950154905613,0.08767661249489311,0.7949906331830519,76.65916742896351,45.80666096114741,正常邮件
399.6595959955021,0.26818257916202803,0.03182710066572019,0.051114328675274705,1.8389929510575138,1.8047066163950674,98.22884676297913,52.07482725458686,正常邮件
889.8502046963736,-1.0605595655990054,0.017787581496284698,0.03579033323297257,0.6420620652283525,1.4521667523415498,80.78832825137205,36.59398837414377,正常邮件
1799.7388820109509,7.090586829720756,0.15489443860339971,0.17863519318722157,5.72272284294824,7.266968309753778,35.162301357860414,26.854078339192895,垃圾邮件
1328.1601563430854,9.847306172953168,0.2602769258884643,0.186678155025895,7.639440483797285,12.231342765268945,29.244489409933653,105.58782280222243,垃圾邮件
689.8291702805541,1.1419683544078443,0.028473397149945064,0.03917909507313677,0.60821299393818,1.7814276266954043,86.88819339760136,35.394060878915276,正常邮件
1034.7002555326762,8.878562462315086,0.03454668688390114,0.19407951109576024,2.13762297896562,10.055441679279578,28.695026631966137,41.126509305555956,垃圾邮件
801.9335314967543,14.588331249028986,0.14739680079586576,0.3199853601403399,6.064497073484811,7.013847010329297,43.94330655794108,83.17068180841564,垃圾邮件
753.1377841015851,3.4703375543938653,0.024808028626869906,0.05367483563133544,-0.12370667082607656,-0.782201374450753,96.05053680491723,33.112410148954794,正常邮件
714.7536053885092,2.568815329798092,0.021851424224962578,0.013203574345847145,1.4315701676041814,1.7998600175253268,80.71183676828717,33.42661869111836,正常邮件
943.0917255077037,3.623108895506924,0.016432087662875967,0.08528608761166351,1.3752826186496008,0.9799614114967684,85.72209462308138,31.264887375289184,正常邮件
1255.3636712734,3.362802326904241,0.014357265445980143,0.0649517068429721,-0.9132070036686348,0.9779789730151687,70.62551135895367,11.736851316498665,正常邮件
275.9729844243627,2.9647918087949767,0.024711331130814942,0.07021488748986811,2.205669423021944,1.2269299004092875,86.83955280912636,47.242640944072484,正常邮件
943.4884599022963,7.046364828561372,0.23349682226911278,0.18978912310955096,4.1363867553892,9.761466063914138,49.44904994396501,74.03035782981206,垃圾邮件
773.9757605555542,3.7068202562763823,0.01697903813844065,0.04350266765903785,0.6226197117762096,1.0302988430387283,72.69211051971288,29.934308703923925,正常邮件
847.5783480558456,0.17264364081432282,0.029677095350527757,0.030588200380803586,0.8916263275653247,0.3026371334805058,91.60621631485351,22.898580785610072,正常邮件
1291.385983150527,3.2795575485155704,0.02528958879313234,0.04038480675521622,0.6393895814168531,0.4578909990564659,108.31145785435325,28.37165203189179,正常邮件
1030.0388800023495,0.7876930449789288,0.014693003639303951,0.03903495629161331,0.8724220909451372,0.9258149331970373,90.51445531696672,51.80615734372186,正常邮件
1611.7974070950002,6.655765100054776,0.1266021210513995,0.16819752047878844,8.858820339254605,5.962800049551675,57.044704359626834,31.01524274000805,垃圾邮件
1392.2354109378207,9.44022920536375,0.12355099252325612,0.2974728077486897,8.956288636264006,9.906053842271508,23.553327055655128,69.93869100633597,垃圾邮件
706.5757216065789,1.8129917280787873,0.02412721410857612,0.05408970243997465,-0.6399413188218392,1.158811259701648,91.73553031507453,40.89729303927336,正常邮件
863.010385350199,7.319162270137444,0.2291580627758253,0.22434091974023343,1.4870515992759605,7.0936326712702815,35.82037683324389,63.30226623246807,垃圾邮件
789.9204220611533,-1.610951877936833,0.02701469040210233,0.06776677566304774,-0.06231971891733834,1.887504807239607,86.85041688841672,35.93397594040756,正常邮件
979.5694156154434,11.605795421175483,0.12857785582672945,0.11740358214728762,4.5079989602805295,6.751412997382353,43.4542293506835,72.27508419036202,垃圾邮件
945.5022115823363,3.3919248344921984,0.01268906318299632,0.07970128221196618,0.06108990655741908,1.0123507114817074,69.73359321071176,41.67893528342633,正常邮件
621.1617452072078,1.6833152442928556,0.021725097105925295,0.0743098231478405,-0.4572955337351625,1.6170747301659372,83.48117039129718,58.79546092312286,正常邮件
1324.9015418378901,9.421602079406458,0.2542031046361639,0.2979027575769123,2.0503104294316943,10.17043674206614,33.68917157557046,45.73493710364701,垃圾邮件
1427.973107380542,11.143999827507145,0.1366930935098906,0.18382222858468955,3.801074807675899,14.174441554291747,23.112417849274223,74.69544933476638,垃圾邮件
713.0137721548681,3.5008756100102385,0.01599650743627241,0.0026803004110489276,0.005026324673765792,2.7114505515663185,75.04018199680588,53.2268617603217,正常邮件
635.649811893953,6.267868222081466,0.09428870595240077,0.18466386374131252,5.07252006060743,6.756877818218793,24.0232666563927,71.554312802951,垃圾邮件
1478.1967171108079,8.046316832802116,0.14757713526499708,0.1730197721206908,5.3559551431291945,7.738562356626843,39.19910603989847,51.33438507906122,垃圾邮件
340.2852411391992,2.968136080394082,0.034141805893429016,0.061833398657167304,0.0938087713552413,1.0637862417517585,90.26798506280521,42.574763920838556,正常邮件
809.5199252829935,7.890405252362243,0.16860901542522427,0.31801306551382935,5.391543091777924,5.177767906086514,25.27514044761695,101.12502709542233,垃圾邮件
1285.8454445106793,12.151135390319586,0.22948506572385707,0.24797030170188797,7.038599697542173,7.14037171118485,25.83200670058378,68.83723027375656,垃圾邮件
866.5154732640154,5.544552870446654,0.12330373288287189,0.08008008214954496,3.878854077554694,10.183917278752489,35.93993195365705,20.54592201840584,垃圾邮件
