时间,风速,发电量,风向,气温,空气密度
2023-01-01 00:00:00,9.455889856739597,2.9958756293360946,178.84344983388218,9.94888312390205,1.165
2023-01-01 01:00:00,5.05029286601723,0.6198635024823879,224.52879258666266,19.955971778352026,1.1567177905567194
2023-01-01 02:00:00,7.3223868886616685,1.8074033222701615,175.54426049574982,21.462945804213703,1.149
2023-01-01 03:00:00,7.205789974021783,1.9018028145657535,225.3802034627345,21.010902141816096,1.1423725830020306
2023-01-01 04:00:00,5.570272917778692,0.8967135904815908,232.3354082590225,15.629488302534579,1.137287187078898
2023-01-01 05:00:00,6.698432951615728,1.5291883680249114,246.50743614928268,17.55749724935474,1.13409037355875
2023-01-01 06:00:00,6.215133126056201,1.1718322513176893,226.2410269764599,23.719805833174778,1.133
2023-01-01 07:00:00,4.951361243101552,0.5514526531217746,241.29708655112466,22.029030609156205,1.13409037355875
2023-01-01 08:00:00,4.194594395346065,0.3483745307176838,213.98835824550852,24.11019408498452,1.137287187078898
2023-01-01 09:00:00,7.685631217194397,2.227255873978704,195.79197974814286,20.452205374298668,1.1423725830020306
2023-01-01 10:00:00,7.074694914970646,1.502852111832976,183.5559397768099,18.534458103242997,1.149
2023-01-01 11:00:00,4.059513575879599,0.40911694611224375,162.81881328210497,9.79159964044397,1.1567177905567194
2023-01-01 12:00:00,8.018435287983174,2.722694542638124,171.17282416970295,17.467296935317854,1.165
2023-01-01 13:00:00,6.057702937797453,1.1173835475651364,174.5829105115278,10.982009084903112,1.1732822094432807
2023-01-01 14:00:00,7.189212344155987,1.7593820578604085,153.3373580783149,9.805382228842332,1.181
2023-01-01 15:00:00,8.496910408257953,2.93494362334102,152.13951684607648,6.133808621180172,1.1876274169979697
2023-01-01 16:00:00,10.4501424140655,3.0707542350934167,165.72643717742702,3.4505635778734502,1.1927128129211022
2023-01-01 17:00:00,11.508175478886116,2.974171133668488,126.183606850478,11.68900687418281,1.1959096264412503
2023-01-01 18:00:00,10.152093711318795,3.0868675271339177,181.80592996090613,9.386463084864666,1.197
2023-01-01 19:00:00,10.247986365501566,2.9825859282869756,151.63819779680335,9.708580115749848,1.1959096264412503
2023-01-01 20:00:00,9.777268656322335,3.171418346662434,137.09034237819557,7.422264915426388,1.1927128129211022
2023-01-01 21:00:00,12.494479241165882,3.1686596136022187,143.78815296209387,4.129378412610234,1.1876274169979697
2023-01-01 22:00:00,4.14574227358769,0.3097530884258016,137.33740086446298,17.306134267513414,1.181
2023-01-01 23:00:00,8.560266299710243,2.99189761632612,167.83880367264447,14.196322532970015,1.1732822094432809
2023-01-02 00:00:00,11.513329614944332,2.997763113812166,136.76807733522926,15.410367600230986,1.165
2023-01-02 01:00:00,8.674707743841852,2.999103367423626,216.76218053498462,15.993153293928936,1.1567177905567194
2023-01-02 02:00:00,9.415346272119912,2.9052570954939325,146.16778399965463,12.866331241187154,1.149
2023-01-02 03:00:00,2.1307718019489252,-0.06218816684304902,212.6548246207516,24.081530446322546,1.1423725830020306
2023-01-02 04:00:00,3.1551055943156605,0.27606643530069075,196.0913631438323,18.75509270956874,1.137287187078898
2023-01-02 05:00:00,6.268891957669391,1.2941150801102126,209.44308914453524,24.367114098899314,1.13409037355875
2023-01-02 06:00:00,8.131283696714,2.693518815400503,213.5569613415491,25.312501883370693,1.133
2023-01-02 07:00:00,2.739175968221511,0.09193016874058216,261.97918473224695,23.729879475932016,1.13409037355875
2023-01-02 08:00:00,4.440720467661257,0.6104670549723711,196.90612906089297,23.338123851271167,1.137287187078898
2023-01-02 09:00:00,6.403476316743367,1.2608695701732175,230.10499604927708,24.69521350518727,1.1423725830020306
2023-01-02 10:00:00,3.2433739250376092,0.2504172650121742,225.70803658534683,16.622753764501084,1.149
2023-01-02 11:00:00,7.865761400102161,2.202228713327314,144.87829302475149,17.564060130950683,1.1567177905567194
2023-01-02 12:00:00,2.2252706777479245,0.030034844216637567,167.69294466477135,14.324683785960495,1.165
2023-01-02 13:00:00,9.34423128564263,2.9844178944426183,198.0423248269006,7.41075249571353,1.1732822094432807
2023-01-02 14:00:00,7.128178273238652,1.7357861328344122,131.20453098561097,11.858999989601033,1.181
2023-01-02 15:00:00,8.9055360979964,2.8674501032004316,172.1457155794981,13.096897540081684,1.1876274169979695
2023-01-02 16:00:00,11.66416383862003,3.0703880927824256,140.67152520167855,12.200799245756073,1.1927128129211022
2023-01-02 17:00:00,11.653708634688046,3.1028610311303377,135.31139122563832,12.845025017574647,1.1959096264412503
2023-01-02 18:00:00,10.954015081097928,2.9256140610877086,136.38983225439267,1.6788426262322709,1.197
2023-01-02 19:00:00,12.916432701359733,2.885265848367867,143.38477444762106,12.158476483331176,1.1959096264412503
2023-01-02 20:00:00,7.383403941688049,1.859375591981438,121.91609313581537,8.626316062805627,1.1927128129211022
2023-01-02 21:00:00,10.808280709993452,3.049549866914018,142.9718041835546,14.1448332726175,1.1876274169979697
2023-01-02 22:00:00,8.27128901907003,2.662511671075963,164.91196827960417,9.81565277241371,1.181
2023-01-02 23:00:00,11.013684056419782,2.9865934750363623,171.89085975898672,11.337046202795177,1.1732822094432807
2023-01-03 00:00:00,9.79749416345184,2.8926539255297303,186.9845112508893,11.354182271319315,1.165
2023-01-03 01:00:00,9.086944081015087,3.1979286405501464,177.27311614663572,19.39848506003864,1.1567177905567194
2023-01-03 02:00:00,10.17241545639993,3.0073198628162783,215.14598419566605,20.543428211595252,1.149
2023-01-03 03:00:00,8.451964585840727,3.0194554793995945,214.3493186631621,17.305825562801395,1.1423725830020306
2023-01-03 04:00:00,5.324761389707084,0.7755841786381366,187.3571421368213,15.43579292923651,1.137287187078898
2023-01-03 05:00:00,5.2382599693214615,0.6872561642486688,212.83923184366847,23.97314231328273,1.13409037355875
2023-01-03 06:00:00,6.231899271622116,1.1549132645552551,207.08990959382788,24.5875111008342,1.133
2023-01-03 07:00:00,5.293997751406626,0.6412274576637556,205.29910032359433,19.766552075135248,1.13409037355875
2023-01-03 08:00:00,6.626590676893738,1.3547550407304239,209.44154056127115,18.364717990162628,1.137287187078898
2023-01-03 09:00:00,1.13990718346332,-0.09365491197017238,224.08924388723028,22.624458786931136,1.1423725830020306
2023-01-03 10:00:00,9.909977756799636,2.8883134028067055,189.96415500879885,24.56918109497466,1.149
2023-01-03 11:00:00,6.944436048052837,1.8196797649403764,196.14801473477223,15.585581764095972,1.1567177905567194
2023-01-03 12:00:00,4.331709314035278,0.4188886542616536,181.22325135701843,12.361083201831212,1.165
2023-01-03 13:00:00,6.532165653545878,1.4873826607490415,152.7720948842528,13.82602303043158,1.1732822094432807
2023-01-03 14:00:00,4.859694106675892,0.47270016578823826,150.60369738665415,12.905759194544222,1.181
2023-01-03 15:00:00,7.620260318657725,2.0034952204149383,165.47717931258364,8.250275462830386,1.1876274169979697
2023-01-03 16:00:00,10.075899085466524,2.9022221789041147,144.024982968522,14.147070020200358,1.1927128129211022
2023-01-03 17:00:00,13.78863354869235,2.9577928114910303,147.50989504501305,9.97764875611249,1.1959096264412503
2023-01-03 18:00:00,11.791326660640939,3.003649993182616,160.44993087815558,5.856187881904999,1.197
2023-01-03 19:00:00,11.444072822018185,2.984906338315601,145.23207890055346,2.495144472852836,1.1959096264412503
2023-01-03 20:00:00,8.513546924494273,2.8911161292998218,102.61507949199381,12.03006213316911,1.1927128129211022
2023-01-03 21:00:00,8.750481355683602,3.0087715009317764,153.59214916891838,12.918939459152828,1.1876274169979697
2023-01-03 22:00:00,8.357773894042607,2.8259959298973745,145.1377713665285,10.091741390114702,1.181
2023-01-03 23:00:00,7.7653638946875985,2.3228137992277995,204.55919517046985,13.981174012017478,1.1732822094432807
2023-01-04 00:00:00,7.720286271682392,2.3606281517687964,187.9853881522835,14.548590307552468,1.165
2023-01-04 01:00:00,7.088225519854116,1.6768125487676466,179.69809108016238,18.63234900414705,1.1567177905567194
2023-01-04 02:00:00,6.203495043731965,1.2699800803871342,213.83023858882373,15.925151406604943,1.149
2023-01-04 03:00:00,4.856621060433807,0.5576534332151645,213.6356232127368,17.154296889261843,1.1423725830020306
2023-01-04 04:00:00,5.909710388878358,0.8401430874942303,184.61199689590353,24.36079442855707,1.137287187078898
2023-01-04 05:00:00,4.611966109562905,0.6502317739276762,240.72787780806232,25.540251140841338,1.13409037355875
2023-01-04 06:00:00,1.8388880177542086,0.25716677176677116,216.88920171865843,21.52762392313518,1.133
2023-01-04 07:00:00,5.090412046426837,0.6964434880544158,251.87902803848823,20.480043382429475,1.13409037355875
2023-01-04 08:00:00,4.982716037511149,0.6040845764804709,216.48252748742354,25.3709025867096,1.137287187078898
2023-01-04 09:00:00,2.4412931278990255,0.04285267962088592,240.60567483010408,18.51106669154685,1.1423725830020306
2023-01-04 10:00:00,4.965767825819928,0.5426593330033974,210.99796299811646,19.166233767957326,1.149
2023-01-04 11:00:00,8.016524002962912,2.599372346950756,211.12932441553198,16.856307425702195,1.1567177905567194
2023-01-04 12:00:00,5.303740098498989,0.7159722302608639,170.16361019034343,10.599282163944249,1.165
2023-01-04 13:00:00,5.875394217255934,1.1430730949062142,175.41326658131644,13.505790440415835,1.1732822094432809
2023-01-04 14:00:00,8.46858096503086,2.9251343456513688,122.97530431975872,11.283220860212491,1.181
2023-01-04 15:00:00,11.046595018653155,2.958765330657659,145.63945678910463,10.423719584812458,1.1876274169979695
2023-01-04 16:00:00,13.981051124191486,2.939869953548827,111.33822599107917,8.546489378684358,1.192712812921102
2023-01-04 17:00:00,12.077075033410912,2.9256283914705503,113.67379499992995,13.679655617927573,1.1959096264412503
2023-01-04 18:00:00,13.139632970113553,3.0514145826406045,117.18391468510751,10.485034693969691,1.197
2023-01-04 19:00:00,11.671746855092362,2.870550664514199,149.74175653581815,7.389020391051856,1.1959096264412503
2023-01-04 20:00:00,9.413524007640236,2.9181662516663747,138.08165413457445,8.462514021273096,1.1927128129211022
2023-01-04 21:00:00,11.70287412018445,3.132448262584107,148.8087350336822,14.634003373759981,1.1876274169979697
2023-01-04 22:00:00,9.680413182930755,2.9045450689175523,154.00824551544483,13.589263358015737,1.181
2023-01-04 23:00:00,9.931688794715836,3.086270492199002,189.96755294812635,9.242439057696505,1.1732822094432807
2023-01-05 00:00:00,6.531300371477679,1.1339769952174987,180.08083915646316,17.846844668421284,1.165
2023-01-05 01:00:00,8.57313924496669,3.145008704217575,196.62359860464088,20.798955606999968,1.1567177905567196
2023-01-05 02:00:00,6.6406353974538685,1.2816974717171288,191.09493614343813,23.853151227327345,1.149
2023-01-05 03:00:00,6.661785015338939,1.3345840076634519,234.80799102671958,19.452379204669914,1.1423725830020306
2023-01-05 04:00:00,5.469457707603642,0.8551322053879835,243.45892890635784,20.504851743868613,1.137287187078898
2023-01-05 05:00:00,4.68638944561309,0.5221615356045811,222.72888312162996,19.901961545970554,1.13409037355875
2023-01-05 06:00:00,5.999404069435481,1.1282709342413852,213.31409940639037,23.9243823930084,1.133
2023-01-05 07:00:00,4.209466144127839,0.23099406369697636,191.14713550866696,24.926009357679646,1.13409037355875
2023-01-05 08:00:00,2.0388677723191226,0.012091566316889207,201.59921455758558,20.388215670242992,1.137287187078898
2023-01-05 09:00:00,1.8526078816444866,-0.031120143849937075,168.47800392287945,20.231408356484884,1.1423725830020306
2023-01-05 10:00:00,6.517203858066959,1.2205998412085217,184.28714959824015,12.838846613142811,1.149
2023-01-05 11:00:00,5.927943251482483,1.061682880543096,198.7862589775189,21.598899512028137,1.1567177905567194
2023-01-05 12:00:00,4.118441620956297,0.4303480393435958,178.9920009880196,10.305070885499717,1.165
2023-01-05 13:00:00,8.572822290820481,2.9663133794959466,214.81848265948125,14.053786895758272,1.1732822094432807
2023-01-05 14:00:00,8.930599099067619,3.152271129929617,150.07886570399222,11.71476450011703,1.181
2023-01-05 15:00:00,8.801503292583762,2.9214299779121657,139.19756002751652,9.48056965610241,1.1876274169979697
2023-01-05 16:00:00,10.8540145791078,3.149846732413704,162.2842488202763,8.27818740474357,1.192712812921102
2023-01-05 17:00:00,13.389392343919152,3.0562239059758265,97.99461205208085,4.2372498625189525,1.1959096264412503
2023-01-05 18:00:00,13.539158927171616,2.877643281452499,105.36465554841024,6.015804387416516,1.197
2023-01-05 19:00:00,11.265880884306204,3.198152426708267,149.81016504210126,10.17944534644397,1.1959096264412503
2023-01-05 20:00:00,10.61433510119999,2.9555522466808974,137.12037277031285,11.8672632710344,1.1927128129211022
2023-01-05 21:00:00,10.714922382213988,3.120511773961445,144.7302741586562,8.080442934782788,1.1876274169979697
2023-01-05 22:00:00,10.469643146335693,3.0145649121929634,138.7569768433135,6.318741408569256,1.181
2023-01-05 23:00:00,8.6410247649437,3.037444122445183,173.1485464420393,10.593426085288673,1.1732822094432809
2023-01-06 00:00:00,8.772446144085805,3.0901206780492307,163.83953490707114,20.558091284558607,1.1650000000000003
2023-01-06 01:00:00,4.492988501203483,0.5209018785689862,193.1017236035581,14.913118890858492,1.1567177905567194
2023-01-06 02:00:00,7.04434955767919,1.647369745063672,179.33032876293524,18.708388989220648,1.1490000000000002
2023-01-06 03:00:00,7.152896711019981,1.813690097237895,208.1718654057434,24.904591335551835,1.1423725830020306
2023-01-06 04:00:00,4.659920173241094,0.5324385045159231,259.4685219802166,20.34751521426417,1.137287187078898
2023-01-06 05:00:00,5.049850387724258,0.6408421380468159,214.9679463882576,22.230800441369514,1.13409037355875
2023-01-06 06:00:00,2.8070117487964157,0.08606517094046616,222.36483623616442,25.383494872268933,1.133
2023-01-06 07:00:00,2.5210212359923396,0.09823360466951567,219.4162022336264,27.862827212901056,1.13409037355875
2023-01-06 08:00:00,5.637874188992684,1.0588232471519454,222.4617713371895,19.99154763619059,1.137287187078898
2023-01-06 09:00:00,4.141422001534145,0.3121968357910601,221.18284474707977,24.83313998185594,1.1423725830020306
2023-01-06 10:00:00,2.5947193960609543,0.20469508967125355,207.64475501353047,18.155413870407042,1.149
2023-01-06 11:00:00,4.5988222826713105,0.40591783798481984,197.23317386506352,14.412766244425345,1.1567177905567194
2023-01-06 12:00:00,5.64388178823626,0.7766964517908714,176.38333231202287,15.748669290922653,1.1650000000000003
2023-01-06 13:00:00,9.908913352176404,3.3276399345113,170.3589374205275,9.45674346587407,1.1732822094432807
2023-01-06 14:00:00,9.476576231751272,3.054002419698924,153.2208914162491,12.416034294388657,1.181
2023-01-06 15:00:00,8.057526082714627,2.573275681478909,111.933020718063,18.79208978391125,1.1876274169979697
2023-01-06 16:00:00,9.184864132803776,3.05952277718342,193.6411570267377,11.388599215485566,1.1927128129211022
2023-01-06 17:00:00,13.383373155917997,3.140729970653459,151.09679280793623,6.957894476317081,1.1959096264412503
2023-01-06 18:00:00,12.84218236019524,3.0407810014617755,115.41361589430898,10.1566057230233,1.197
2023-01-06 19:00:00,8.742230742125379,3.0816221872557192,141.1345459046599,4.478028203835655,1.1959096264412503
2023-01-06 20:00:00,13.11080768617835,2.894143172174348,114.10604237809615,5.780772861717979,1.1927128129211022
2023-01-06 21:00:00,10.238194350091005,3.0983923537244453,138.29616386335107,9.111651424873793,1.1876274169979697
2023-01-06 22:00:00,11.450852532899484,2.976323944196246,127.8602291774842,11.263343599549529,1.181
2023-01-06 23:00:00,8.851005209056796,3.067174248219187,167.32944605757788,9.04953918155051,1.1732822094432809
2023-01-07 00:00:00,10.79501842166395,2.8284880045305303,148.3728954773988,14.080567523668694,1.165
2023-01-07 01:00:00,5.32100642020748,0.7877497681937153,199.41531491587074,16.636786209862002,1.1567177905567194
2023-01-07 02:00:00,6.37075092822263,1.0196599132312967,216.14442161825636,23.625917043515862,1.1490000000000002
2023-01-07 03:00:00,8.632189076769006,2.9724084529563823,195.28019316172222,16.776817700487904,1.1423725830020306
2023-01-07 04:00:00,0.85438776085938,-0.16755488432134286,222.18902725428092,17.770057608518783,1.137287187078898
2023-01-07 05:00:00,5.148672868047525,0.7198749364443813,205.86737514255987,23.25453343812624,1.13409037355875
2023-01-07 06:00:00,4.242929870452288,0.37437299746941843,235.23461928539814,26.452629808182177,1.133
2023-01-07 07:00:00,6.390970862998457,1.1786518877673258,209.69430121175895,24.382185652434103,1.1340903735587498
2023-01-07 08:00:00,7.356070903896246,2.058286110143994,234.75054567123823,22.836233910544447,1.137287187078898
2023-01-07 09:00:00,7.0611156716233054,1.603953267125947,175.58796874669494,19.7910301594878,1.1423725830020306
2023-01-07 10:00:00,6.630371226007495,1.0990791498364316,182.4004816980023,21.028314787884504,1.149
2023-01-07 11:00:00,6.903507977130916,1.634088522115551,169.4705306038825,19.55122002027029,1.1567177905567194
2023-01-07 12:00:00,6.891218732860602,1.397627744985446,184.0670751681002,14.228067401446012,1.165
2023-01-07 13:00:00,8.779697599762184,2.9134990356989157,179.45493695921846,10.083574108620573,1.1732822094432807
2023-01-07 14:00:00,12.037657868185356,2.948265342706072,163.11274733565384,8.173633713941587,1.181
2023-01-07 15:00:00,8.139705882474145,2.451912062222769,138.00066427879133,11.97934858465062,1.1876274169979697
2023-01-07 16:00:00,9.556232992497948,2.950627241394178,85.12711551086187,3.438976806431822,1.1927128129211022
2023-01-07 17:00:00,10.608184378569929,2.859471811274511,137.30738371214326,12.303770915578802,1.1959096264412503
2023-01-07 18:00:00,12.971842848192674,3.0162383185133046,150.76098168634138,5.6316229195161895,1.197
2023-01-07 19:00:00,11.424956277193445,2.877125474424781,190.1435152496568,8.201189180600165,1.1959096264412503
2023-01-07 20:00:00,12.750719758016078,3.0030146398782014,132.54095241548686,10.17692694365574,1.1927128129211022
2023-01-07 21:00:00,12.467671947997827,3.116200770427121,134.87388462792342,7.2920886054203296,1.1876274169979697
2023-01-07 22:00:00,11.035702932426958,3.078237277029216,163.90509562576315,9.620306472034283,1.181
2023-01-07 23:00:00,7.049633885928703,1.677200500059147,163.2299741059578,13.32535764501659,1.1732822094432807
2023-01-08 00:00:00,11.74554784797303,2.901126268158018,205.50746814526406,12.438837542353163,1.165
2023-01-08 01:00:00,10.46500898547248,3.015917711592258,175.48308386465067,13.86762707082244,1.1567177905567194
2023-01-08 02:00:00,7.008731891990335,1.5866339422819185,197.52304562017946,16.06665326596077,1.149
2023-01-08 03:00:00,3.435729036003662,0.21521028868095027,229.3440666388414,24.28429310776299,1.1423725830020306
2023-01-08 04:00:00,2.518607741505192,-0.09467255740585952,225.1384294229374,23.121977770421495,1.137287187078898
2023-01-08 05:00:00,5.749426929403876,0.9949859615792492,246.6908156181686,20.347905433683497,1.13409037355875
2023-01-08 06:00:00,3.626521625937092,0.2327604175774208,216.26867897140667,25.618278368702292,1.133
2023-01-08 07:00:00,1.5872701351902094,0.24008916253180318,248.73235223038222,20.51414086981391,1.1340903735587498
2023-01-08 08:00:00,2.057512634348299,0.17250706115517428,185.6943357047607,16.076966625303307,1.137287187078898
2023-01-08 09:00:00,4.660582886349361,0.5436049252492812,179.34369892394645,22.747281222973413,1.1423725830020306
2023-01-08 10:00:00,6.5382298668349605,1.3321493801395217,228.08079832918514,23.938692855429725,1.149
2023-01-08 11:00:00,9.63380498297185,2.9270395636298336,191.7938485389084,18.744671375377216,1.1567177905567194
2023-01-08 12:00:00,8.545081524514082,3.0942409295034135,198.41631731759983,9.337989145694733,1.165
2023-01-08 13:00:00,7.596943295770092,2.0862280879429274,170.34256213256975,12.858781438517601,1.1732822094432807
2023-01-08 14:00:00,9.878247324359936,3.11683646329483,157.35918182938607,10.17626600074113,1.181
2023-01-08 15:00:00,10.381865650206542,3.0400823163735287,121.61977766412089,10.477782238439303,1.1876274169979695
2023-01-08 16:00:00,11.839486357137973,3.040799712724976,140.49206546335736,5.529988939118136,1.192712812921102
2023-01-08 17:00:00,10.679320096535816,3.0594526126967962,163.76548254332704,6.272161639406848,1.1959096264412503
2023-01-08 18:00:00,13.042372991825559,2.908037306156244,136.13340588143345,2.739751050931865,1.197
2023-01-08 19:00:00,12.627255198544004,2.897786375612638,150.17490173179652,7.93790573701162,1.1959096264412503
2023-01-08 20:00:00,10.949155974202837,2.8943290551636776,154.11633601757262,3.923109011906874,1.1927128129211022
2023-01-08 21:00:00,10.161003254458816,3.104749691487599,127.92603451337276,10.655419207676427,1.1876274169979697
2023-01-08 22:00:00,11.691126238767849,2.905427841248153,174.64260663505445,8.74835843299087,1.181
2023-01-08 23:00:00,7.750672482845732,2.1577092511600595,162.07856850918947,3.50520401529017,1.1732822094432809
2023-01-09 00:00:00,5.410134365892814,0.8155151582226988,174.80695183410603,17.381274429297385,1.1650000000000003
2023-01-09 01:00:00,4.615651659919086,0.4478320212327752,233.60076080971993,18.552672418457362,1.1567177905567194
2023-01-09 02:00:00,5.288902840806643,0.6737136527278742,214.44606733663016,23.058826143312054,1.1490000000000002
2023-01-09 03:00:00,7.5185741185252715,1.9979166049289512,199.04976466785033,14.386498727982639,1.1423725830020306
2023-01-09 04:00:00,4.794006348034179,0.2974562597935003,220.26190443049413,19.964554610766346,1.137287187078898
2023-01-09 05:00:00,5.649827681918907,0.7708759641759146,224.19906071017243,23.122185491998128,1.13409037355875
2023-01-09 06:00:00,4.039430368436525,0.4352271900174539,258.7218630867799,24.71511767910895,1.133
2023-01-09 07:00:00,4.0469336699430345,0.26490124172739143,224.25587379229015,18.338754797094246,1.13409037355875
2023-01-09 08:00:00,3.165316684051995,-0.03748658361454632,263.13111623691907,23.222583103457147,1.137287187078898
2023-01-09 09:00:00,5.416756782178001,0.6637648165577635,185.88515120499395,18.941523523664234,1.1423725830020306
2023-01-09 10:00:00,5.79804324765509,0.9736344632538743,201.85294492658616,13.43476400953979,1.149
2023-01-09 11:00:00,7.647708927303839,2.185744610145448,176.38974818568235,14.8185093996652,1.1567177905567194
2023-01-09 12:00:00,8.152035189843833,2.57669015309695,170.10342789160774,16.543131409841614,1.1649999999999998
2023-01-09 13:00:00,7.965457594796095,2.362321453092205,158.89071287819965,7.489553422080965,1.1732822094432807
2023-01-09 14:00:00,6.106170518893986,0.9550039137584346,143.27386640002257,12.911155518826295,1.181
2023-01-09 15:00:00,11.941889414185782,3.036818503641201,182.78363094631806,10.193279757712954,1.1876274169979695
2023-01-09 16:00:00,10.190307264670048,3.083787041766779,169.48006340655053,7.310219538289275,1.1927128129211022
2023-01-09 17:00:00,10.918489703491337,3.1288880002051846,144.58622804627433,2.367000859734703,1.1959096264412503
2023-01-09 18:00:00,14.170967621423452,2.8889412641309957,125.51296210221258,2.3351535296975516,1.197
2023-01-09 19:00:00,12.794795851280934,3.136552298040619,122.86867696143813,6.077148454290386,1.1959096264412503
2023-01-09 20:00:00,11.676654364559157,2.994338791273554,155.8650316592556,4.696976704069533,1.1927128129211022
2023-01-09 21:00:00,10.394840392248975,3.0026571963404307,154.1832138713289,8.341869934035714,1.1876274169979697
2023-01-09 22:00:00,9.82833818311869,3.089359204063146,154.6034809280081,13.718546472044862,1.1810000000000003
2023-01-09 23:00:00,9.657850114503534,2.9459046096520267,179.17700311639504,12.110383986932021,1.1732822094432809
2023-01-10 00:00:00,9.237173475892865,2.7836196998650973,197.82141081820976,14.098665186806487,1.1650000000000003
2023-01-10 01:00:00,11.063051154855346,3.070486154819576,188.56605642907365,16.171594033825667,1.1567177905567196
2023-01-10 02:00:00,11.828183956511284,3.034857074429507,186.75348174623815,22.04020579289508,1.1490000000000002
2023-01-10 03:00:00,6.77979113177787,1.463121724975494,185.39749181685445,24.536963911949403,1.1423725830020306
2023-01-10 04:00:00,1.3330519131666403,0.07364873348576255,223.98377665712908,23.194004366796054,1.137287187078898
2023-01-10 05:00:00,3.3373067297130152,0.26150127619507857,266.81158164566796,23.13718116250772,1.13409037355875
2023-01-10 06:00:00,8.653016273942198,2.848799368793842,202.78673460097514,23.688687844567884,1.133
2023-01-10 07:00:00,6.45895365842246,1.2984825259339032,245.4560438036892,27.0112623170718,1.13409037355875
2023-01-10 08:00:00,6.068337007564294,0.8472352854453775,205.46001998336408,23.35696151053719,1.1372871870788979
2023-01-10 09:00:00,5.266872210199856,0.6904671983726727,202.339174435133,25.224170978762032,1.1423725830020306
2023-01-10 10:00:00,3.770326600761035,0.22055544448555192,220.79846960235668,17.742745444038782,1.149
2023-01-10 11:00:00,10.177958390431199,3.049190901742724,186.54169389636982,13.063845301715887,1.1567177905567192
2023-01-10 12:00:00,5.930219472872221,0.8959424111420617,184.96519592980985,12.992821548102892,1.1649999999999998
2023-01-10 13:00:00,9.818375989789478,2.957851346414848,172.93503809463405,11.241056846923772,1.1732822094432807
2023-01-10 14:00:00,6.51694466950605,1.0098541323769783,144.02104676473166,15.813583783208852,1.1810000000000003
2023-01-10 15:00:00,9.370033109372674,3.055750382103384,166.08214596500937,11.552386984115667,1.1876274169979695
2023-01-10 16:00:00,12.346310203652024,2.9911600083205925,139.79721308504443,6.159427196771651,1.1927128129211022
2023-01-10 17:00:00,10.259815978769957,3.008724143782061,108.76313283864708,9.697826920485543,1.1959096264412503
2023-01-10 18:00:00,10.233077739069282,2.8506569263965273,117.15031961734792,6.611256666724054,1.197
2023-01-10 19:00:00,10.999624134786396,3.0398062174853004,74.20028086779406,12.176248465918345,1.1959096264412503
2023-01-10 20:00:00,8.11175018205584,2.7329477437232605,142.0686974731931,7.070693035657349,1.1927128129211022
2023-01-10 21:00:00,7.351158152898595,1.892520107814297,174.26152411358186,4.726477979271817,1.1876274169979697
2023-01-10 22:00:00,11.280102246174852,3.0650088908081643,136.55700344440066,10.439746800497913,1.1810000000000003
2023-01-10 23:00:00,8.33320126782421,2.696696603124684,180.0639081371563,11.929984642947915,1.1732822094432809
2023-01-11 00:00:00,9.836329545342513,2.9923143809952943,188.61134768123773,10.970320056154968,1.1650000000000005
2023-01-11 01:00:00,9.876613677588493,2.846865938604183,176.60930651786325,18.82828763265508,1.1567177905567194
2023-01-11 02:00:00,9.27893700897659,3.0788121804693462,233.23068312636343,23.274156490951146,1.149
2023-01-11 03:00:00,2.9572529518180937,0.1403958069400434,206.36659634889637,17.289401278323794,1.1423725830020306
2023-01-11 04:00:00,4.24394548074611,0.2457812954355741,259.1765107670307,24.846334409042015,1.137287187078898
2023-01-11 05:00:00,6.3159662903840665,1.131849406106913,190.75308280300362,20.90751412834613,1.13409037355875
2023-01-11 06:00:00,6.136025854005967,1.1174756680369267,219.61728896817513,22.92584433013018,1.133
2023-01-11 07:00:00,9.520523570303547,3.0923865015964176,220.4616217026749,22.338089937117168,1.13409037355875
2023-01-11 08:00:00,3.4010169666081387,0.33719682966169173,218.15888274388624,21.854070635068755,1.1372871870788979
2023-01-11 09:00:00,7.9368848359175725,2.3917598570061442,226.1464248391606,22.076102265477612,1.1423725830020304
2023-01-11 10:00:00,6.892919939290084,1.4389889508435523,270.46254635325806,15.92745207865681,1.149
2023-01-11 11:00:00,3.541907147613255,0.23759718656849393,200.7481801003083,20.950452688138803,1.1567177905567196
2023-01-11 12:00:00,6.481009502367208,1.4880438609332436,180.48480485250948,16.51062827015028,1.165
2023-01-11 13:00:00,8.884808381359571,2.8377251594677486,146.42915249903632,15.436195968199051,1.1732822094432807
2023-01-11 14:00:00,5.709614792421807,0.7999390147550334,119.69787054692475,8.659802141224626,1.1810000000000003
2023-01-11 15:00:00,5.652918469085934,0.9300851556474097,171.58541147396716,5.998824167395888,1.1876274169979695
2023-01-11 16:00:00,6.837910785472808,1.553395078555613,130.09317371138624,11.619937065347731,1.192712812921102
2023-01-11 17:00:00,11.277471633872223,2.94549802717352,188.61650488190423,3.7993456520960533,1.1959096264412503
2023-01-11 18:00:00,10.000642972334457,3.0220113873301453,152.3642323677111,7.447915723676324,1.197
2023-01-11 19:00:00,9.738440203461797,3.0977545201854317,143.36452728595106,10.329580884751255,1.1959096264412503
2023-01-11 20:00:00,9.61251229659424,2.99016636578075,148.91143474754244,7.691390862409908,1.1927128129211022
2023-01-11 21:00:00,7.55120714367475,2.052709346572913,156.25973014771444,12.853376939596473,1.1876274169979697
2023-01-11 22:00:00,8.938822915106782,3.058902416992572,143.60866109272465,10.185325088618507,1.181
2023-01-11 23:00:00,5.536825022916139,0.7894902168391094,133.3230888939794,9.097193642836707,1.1732822094432809
2023-01-12 00:00:00,10.798642302897415,3.114252356087813,168.9862974696834,16.122517623326488,1.165
2023-01-12 01:00:00,11.024907084641512,3.202673967848435,191.27973254573865,17.665440461963517,1.1567177905567194
2023-01-12 02:00:00,2.229524364207318,-0.035981255634384826,189.54365397543796,27.063928731422184,1.1490000000000002
2023-01-12 03:00:00,5.261010202322595,0.575489812246788,186.09813415419572,17.821527651153332,1.1423725830020306
2023-01-12 04:00:00,4.8315811959843105,0.5797519741981594,204.00693687105016,21.17266191428744,1.137287187078898
2023-01-12 05:00:00,4.891826663062405,0.4345801824585853,244.18131152246679,20.534809749761365,1.13409037355875
2023-01-12 06:00:00,7.033083358947464,1.5432713543723935,239.96391568788295,22.57254625528461,1.133
2023-01-12 07:00:00,4.089226837523105,0.124021614557623,226.89485810107826,22.178999313093456,1.1340903735587498
2023-01-12 08:00:00,5.039741107611728,0.5775477947721668,230.7131016963056,19.311303764093974,1.137287187078898
2023-01-12 09:00:00,11.558657960612154,2.996700969717275,189.1811358015081,22.061567078583064,1.1423725830020306
2023-01-12 10:00:00,5.9257849040023896,0.9492626563779488,186.59150416490368,18.35756838373157,1.1490000000000002
2023-01-12 11:00:00,10.354858601539007,3.139033318353217,197.8671585171773,21.107001264471933,1.1567177905567194
2023-01-12 12:00:00,8.580615290598065,3.131588726704612,159.9098233813438,13.054328630134098,1.1649999999999998
2023-01-12 13:00:00,7.252334370561222,2.027856354577895,170.52110793215067,18.51356685313448,1.1732822094432809
2023-01-12 14:00:00,7.676880234663476,2.1811107441832305,132.24950811894468,11.82762201912547,1.181
2023-01-12 15:00:00,9.786185289029813,3.1183819058510776,115.18793625793337,13.157146069262966,1.1876274169979695
2023-01-12 16:00:00,8.10744969325298,2.5944764055486655,155.7504319505978,8.418157166593097,1.1927128129211022
2023-01-12 17:00:00,9.031472390912144,3.020838231251962,157.07425486054723,4.930630190119545,1.1959096264412503
2023-01-12 18:00:00,10.123856287749778,2.953261392470454,122.38358012185117,6.209437239522605,1.197
2023-01-12 19:00:00,11.565038681943493,2.7736853209244856,106.12408616757416,3.1122887571743902,1.1959096264412503
2023-01-12 20:00:00,14.43575039040779,3.063729145501399,96.86141304944232,7.73719592114399,1.192712812921102
2023-01-12 21:00:00,9.4295431133941,3.1154136236528025,185.02019783729395,9.859424378903109,1.1876274169979697
2023-01-12 22:00:00,10.774665373543222,2.847438207170175,159.72781707009898,11.137168387056295,1.1810000000000003
2023-01-12 23:00:00,5.921825425895706,0.9980238935644906,156.19327702702174,16.919919314590448,1.1732822094432807
2023-01-13 00:00:00,10.543937305954234,3.099164716841457,172.72176872345028,14.552598506811252,1.1650000000000003
2023-01-13 01:00:00,4.196882493433165,0.31966211910986864,153.38021202663447,11.388571582293448,1.1567177905567196
2023-01-13 02:00:00,8.478424735188531,3.051158577862935,214.89796947532463,29.632195032879345,1.149
2023-01-13 03:00:00,6.037419614407164,1.0446159843914404,251.82195899110116,18.585028625042376,1.1423725830020306
2023-01-13 04:00:00,5.398298171774327,0.7042588059020288,203.31600299271196,24.8344385566492,1.1372871870788983
2023-01-13 05:00:00,4.640266240458794,0.6056739610735932,271.13580291594536,18.21466659717808,1.13409037355875
2023-01-13 06:00:00,2.4275172614144678,-0.02456039890089795,222.67190201077798,23.735636520405063,1.133
2023-01-13 07:00:00,2.5251073821733607,0.004962112631630544,256.80172475388144,20.343769186098445,1.13409037355875
2023-01-13 08:00:00,6.889284345152266,1.4834076774572325,225.11556405621366,13.460298355541951,1.1372871870788979
2023-01-13 09:00:00,5.624421593372153,0.7416533793912696,217.94242893349443,19.808424264364724,1.1423725830020306
2023-01-13 10:00:00,5.53325724885048,0.8302676442544851,239.3785148503058,18.849803925308525,1.149
2023-01-13 11:00:00,7.709174782212308,2.1527474464697995,207.3009358016508,16.41389458985173,1.1567177905567192
2023-01-13 12:00:00,7.779260542262901,2.3135625901512835,187.49696156665638,15.729340044851144,1.165
2023-01-13 13:00:00,6.773889256833161,1.3217737102583935,129.52640620894968,12.12092337900232,1.1732822094432807
2023-01-13 14:00:00,14.0403406606995,2.887745190949558,127.35582868287572,11.207449448409715,1.1809999999999998
2023-01-13 15:00:00,11.282243236035441,3.0051579089526372,157.35129432698383,9.85348175547052,1.1876274169979695
2023-01-13 16:00:00,10.614533089465207,3.1469680597203715,170.38452293712527,7.966262503413218,1.192712812921102
2023-01-13 17:00:00,9.731981719275666,3.037850214891752,139.10235916191778,6.760265893081218,1.1959096264412503
2023-01-13 18:00:00,12.875496868189718,2.941060940514956,123.1739072224211,4.319039469113179,1.197
2023-01-13 19:00:00,9.403215858636843,2.85104686466197,99.74993003355983,9.055930201699805,1.1959096264412503
2023-01-13 20:00:00,9.04020648498717,2.9352153951593905,125.35715568002456,7.222804727824901,1.1927128129211022
2023-01-13 21:00:00,13.78610323847139,2.995751587745718,150.79981743054583,8.25166857386388,1.1876274169979697
2023-01-13 22:00:00,9.912979632928414,2.764230810595691,140.3708669550848,12.536882931512784,1.181
2023-01-13 23:00:00,7.650922745629584,2.03311797910811,149.06421756243702,13.565321720184489,1.1732822094432809
2023-01-14 00:00:00,8.434731420258956,2.812998224091033,178.97765473046678,12.90533903633518,1.1650000000000005
2023-01-14 01:00:00,9.34062075098383,2.974259139281504,220.61509043206115,20.822528289634967,1.1567177905567194
2023-01-14 02:00:00,8.124160698896047,2.574042345565499,216.19438775776806,15.43232804526281,1.1490000000000002
2023-01-14 03:00:00,8.147794047143675,2.5409660088313006,217.537240860797,17.562430617760153,1.1423725830020306
2023-01-14 04:00:00,3.1404922517749454,0.199588307934982,222.74087078550804,23.933265133805868,1.137287187078898
2023-01-14 05:00:00,7.139093999646144,1.7628222073723223,234.4901962301509,27.98081340255589,1.1340903735587498
2023-01-14 06:00:00,4.671904958096371,0.45353767602922473,222.7973684843462,21.267793423311684,1.133
2023-01-14 07:00:00,5.19984993531872,0.7407227274770599,215.2450298294385,23.965870728511998,1.1340903735587498
2023-01-14 08:00:00,7.63523302036386,2.197421806044488,233.73502235546513,18.351112555470436,1.137287187078898
2023-01-14 09:00:00,7.005999379551956,1.5088896270024335,207.31189951014832,17.869898301224488,1.1423725830020304
2023-01-14 10:00:00,6.8504756811223615,1.5433265744720712,178.72805195064768,22.396594575162112,1.1489999999999998
2023-01-14 11:00:00,2.854385514646286,0.20090126240917533,220.51285723220926,18.167841453091583,1.1567177905567194
2023-01-14 12:00:00,7.485636265059825,2.1235675967396865,142.60145409903865,18.48968926542239,1.1649999999999998
2023-01-14 13:00:00,6.79040158157192,1.5432898672350932,198.71959946173337,16.188373902488987,1.1732822094432804
2023-01-14 14:00:00,10.540438817809063,2.9766711438253606,167.6291049301554,4.731350920647905,1.181
2023-01-14 15:00:00,11.78264685310055,3.0421319794232438,128.79718019181868,5.755282730340829,1.1876274169979697
2023-01-14 16:00:00,9.756333897180568,3.0807773431291783,141.51394790744044,8.89522417445798,1.192712812921102
2023-01-14 17:00:00,9.42512137212617,3.0115831949009566,127.95606980304665,2.181323446865787,1.1959096264412503
2023-01-14 18:00:00,14.082579080833202,3.022860414557842,151.15451456710096,3.837084872187763,1.197
2023-01-14 19:00:00,9.772056464061645,2.975019684566468,152.29196286691294,11.553495602918677,1.1959096264412503
2023-01-14 20:00:00,8.394680952853193,2.7121488998646317,150.25612725130225,6.447099139891856,1.192712812921102
2023-01-14 21:00:00,8.734109660952738,2.9825635879747843,163.10785646627662,11.474041486370721,1.1876274169979697
2023-01-14 22:00:00,8.741630504558575,2.9322886054119466,155.20335149827588,10.915495189543037,1.1809999999999998
2023-01-14 23:00:00,7.454895013160713,1.9256687634147616,203.58664487426563,10.88963887629589,1.173282209443281
2023-01-15 00:00:00,10.114142790735746,3.1433834489160155,204.4721376691524,10.007372181898376,1.1650000000000003
2023-01-15 01:00:00,3.244420752139056,0.2594443595019559,182.1067426631859,17.770458680513226,1.1567177905567196
2023-01-15 02:00:00,5.116530968094604,0.47500151930377793,218.71723432066446,23.363816617206588,1.149
2023-01-15 03:00:00,6.104274630061045,0.9857157922122791,226.29145087159557,18.702271810195082,1.1423725830020306
2023-01-15 04:00:00,6.060096497258492,1.0342619252219394,213.77591006454628,22.133998292962097,1.137287187078898
2023-01-15 05:00:00,8.624465351345624,2.935936776986404,216.70152929806633,18.168040200256534,1.13409037355875
2023-01-15 06:00:00,8.120497935726036,2.607730537327877,249.29016023555607,20.98347442624986,1.133
2023-01-15 07:00:00,1.8201740900218821,-0.0953493741762644,223.17278712249689,23.75005158869723,1.13409037355875
2023-01-15 08:00:00,1.4001481519351429,0.10905757414821707,224.17458097702897,24.15935069147497,1.1372871870788979
2023-01-15 09:00:00,5.650490557751375,0.8634689635014584,239.84188646267617,22.324700499366926,1.1423725830020306
2023-01-15 10:00:00,4.802000246286828,0.49862403327841137,253.16678001395698,12.90534606775831,1.149
2023-01-15 11:00:00,4.438326196973824,0.41915290851528625,181.1143580900019,15.699747843415894,1.1567177905567196
2023-01-15 12:00:00,7.608881770741707,2.077383498849181,175.58199498157848,12.098156669116243,1.1649999999999996
2023-01-15 13:00:00,8.82114699338179,2.79693574292739,169.83322320924412,12.002362811728746,1.1732822094432807
2023-01-15 14:00:00,7.440411329725983,1.9826594463547305,159.43472865476073,10.666425693538041,1.1809999999999998
2023-01-15 15:00:00,8.552560988954239,2.9679253611365444,155.70729261884327,12.542201424093346,1.1876274169979695
2023-01-15 16:00:00,8.836312887970795,2.9045542987347246,131.22528666696041,8.957507879805103,1.192712812921102
2023-01-15 17:00:00,9.936221841260984,3.109742983141658,111.2095174247354,11.526089308348709,1.1959096264412503
2023-01-15 18:00:00,12.052865688580813,3.0669438013393227,170.07650489699495,4.901469056718461,1.197
2023-01-15 19:00:00,8.82253987578586,3.2438856706579253,148.77498783306746,3.0213637159219644,1.1959096264412503
2023-01-15 20:00:00,9.502385979930494,3.0834828501192453,132.65814216291045,12.437524692185875,1.1927128129211022
2023-01-15 21:00:00,9.600887680819621,2.9356564932969724,156.92245500501974,10.643511464209467,1.1876274169979697
2023-01-15 22:00:00,9.838124470476716,2.9094210621398213,194.15901051907514,8.770184697923314,1.181
2023-01-15 23:00:00,9.729590104884753,2.9505694398713644,152.5927105948732,14.242916274710655,1.1732822094432809
2023-01-16 00:00:00,12.507875705201185,2.9333371384321354,184.22280426153935,17.50577870159832,1.165
2023-01-16 01:00:00,8.784499078503858,3.0108783363853964,163.84956221158214,17.428124799842813,1.1567177905567199
2023-01-16 02:00:00,8.073514485063994,2.3776548230943972,200.13316752252325,16.812890715920332,1.1490000000000002
2023-01-16 03:00:00,5.6660434944116975,0.9397843327649809,224.1517128756858,19.333065834925357,1.1423725830020306
2023-01-16 04:00:00,3.6798724658590407,0.24883412158552692,196.67667805119947,22.800067723824895,1.137287187078898
2023-01-16 05:00:00,4.184367646596891,0.405686664730483,219.7226348008386,23.324070476379614,1.13409037355875
2023-01-16 06:00:00,3.6093575297688805,0.11178175081881307,240.99854599059833,26.636780173356243,1.133
2023-01-16 07:00:00,5.806109753020099,0.9662368929534142,235.2506648276598,21.89967597310644,1.13409037355875
2023-01-16 08:00:00,1.913681185826836,0.16363122751258755,195.8185095517228,19.03692143514901,1.1372871870788979
2023-01-16 09:00:00,6.785615472183865,1.4169656442471406,219.29530265143958,28.3880172382025,1.1423725830020304
2023-01-16 10:00:00,5.913891540340953,0.9061982997972851,213.67437674374796,19.523464598463278,1.1489999999999998
2023-01-16 11:00:00,8.28907534631827,2.8109665695924324,193.80656736333412,19.57334063448879,1.1567177905567194
2023-01-16 12:00:00,6.128823597511851,1.0105530838324623,201.78678618633418,16.5655451160777,1.1649999999999998
2023-01-16 13:00:00,6.557012927028429,1.3328414797382906,156.56419659759266,13.489170954862491,1.1732822094432809
2023-01-16 14:00:00,8.30501077093745,2.9031757958894815,165.74968925582988,10.31676880777043,1.1810000000000003
2023-01-16 15:00:00,8.939431973521575,2.9126331108077372,124.87618910554096,0.9316986404339165,1.1876274169979695
2023-01-16 16:00:00,11.973092764895956,3.1544442098874264,109.0163399660327,4.882133047331035,1.1927128129211022
2023-01-16 17:00:00,12.352813989817676,2.966421825804587,152.15491744129747,8.259951029939351,1.1959096264412503
2023-01-16 18:00:00,14.780023656872174,2.887879867316115,135.41124940859655,-1.1569197140206846,1.197
2023-01-16 19:00:00,9.987367309053242,3.0603704155122626,127.26498639466996,7.487448567818285,1.1959096264412503
2023-01-16 20:00:00,4.088654773950509,0.3395789719751491,119.72573654779318,10.055488302317478,1.192712812921102
2023-01-16 21:00:00,9.58060682092899,3.001318026088669,164.7222424818717,11.84298160181783,1.18762741699797
2023-01-16 22:00:00,10.31294513120371,2.9231281739481636,127.33971254734317,12.794465742394072,1.1810000000000003
2023-01-16 23:00:00,10.606682501164148,3.0100452950452117,188.21069233415977,15.80462349403108,1.173282209443281
2023-01-17 00:00:00,9.03056856674704,2.793236944591165,189.01994740865211,19.8168341497256,1.1650000000000003
2023-01-17 01:00:00,6.647692577107679,1.4350931585602809,162.49102926931664,20.358906167047753,1.1567177905567192
2023-01-17 02:00:00,10.309980505816775,3.1297249200186052,205.01922829757277,19.590494196705784,1.149
2023-01-17 03:00:00,4.131797919846319,0.1627800477324178,264.8943026607219,20.252994685174166,1.1423725830020304
2023-01-17 04:00:00,5.09031436013023,0.5938197887255201,242.759508859569,22.272116853933536,1.1372871870788983
2023-01-17 05:00:00,3.08097599457484,0.053225269723180396,206.90611859925485,21.90091215528838,1.13409037355875
2023-01-17 06:00:00,5.069176034379008,0.4755201387283265,239.3341136447742,26.352742196736877,1.133
2023-01-17 07:00:00,8.199659919456707,2.4467734760968245,195.14839959227052,24.443707235215513,1.13409037355875
2023-01-17 08:00:00,4.934392185276677,0.4598753232987959,191.5448596481774,20.784973866935356,1.1372871870788979
2023-01-17 09:00:00,5.330948328822419,0.7045640663291177,210.47369175404023,24.629117600328655,1.1423725830020306
2023-01-17 10:00:00,2.7564467024584856,0.21566363948503747,213.53304537158218,18.12436343789629,1.1489999999999996
2023-01-17 11:00:00,6.248394509358198,1.0212777462341769,207.8734634080422,14.233237422600403,1.1567177905567192
2023-01-17 12:00:00,9.877614075887102,3.029439275913621,196.5036744910674,14.967772360047618,1.165
2023-01-17 13:00:00,7.859280025398772,2.357272675337419,178.24814522109085,10.457047188164713,1.1732822094432807
2023-01-17 14:00:00,8.482767781189716,3.1035523045094373,125.22017745807791,13.808617212611743,1.181
2023-01-17 15:00:00,12.012159630715812,3.0571031464397147,146.9615621436598,6.806849199092713,1.1876274169979695
2023-01-17 16:00:00,9.733267716804965,3.062859949303038,160.40249466232459,7.725687885091985,1.1927128129211022
2023-01-17 17:00:00,13.343311588157789,3.06993003997179,145.3991563491406,10.091715865524257,1.19590962644125
2023-01-17 18:00:00,8.400698299025848,2.759528312934076,138.64212064114653,4.863394124243969,1.197
2023-01-17 19:00:00,12.334059547771094,2.942717747641956,143.11785515519804,8.506023989646359,1.1959096264412503
2023-01-17 20:00:00,14.07641438231661,3.1116868162270737,147.2792544252446,5.151550694211119,1.1927128129211022
2023-01-17 21:00:00,12.415165761900452,2.794920014400585,108.88224918706823,10.076295132099112,1.18762741699797
2023-01-17 22:00:00,6.117082177516447,1.0328743601991157,180.59782285270788,12.701740546572566,1.181
2023-01-17 23:00:00,7.901014636198042,2.2396285967352756,166.14248482065116,12.802996044135497,1.1732822094432804
2023-01-18 00:00:00,7.939456974864035,2.4309359193608993,194.15172914971072,15.100578862434867,1.1650000000000005
2023-01-18 01:00:00,9.660158636701238,2.957839141468888,145.533946925529,18.402509825501735,1.1567177905567194
2023-01-18 02:00:00,4.21841555856279,0.42371082204519495,235.71983808281215,18.158474246126534,1.1490000000000002
2023-01-18 03:00:00,4.161396180185475,0.3357680145937883,188.69157227793707,23.325515142731266,1.1423725830020306
2023-01-18 04:00:00,2.4293011968939213,-0.08564243341800638,269.7979638109101,26.041626372301756,1.137287187078898
2023-01-18 05:00:00,3.5891951761208274,0.07244008050884801,265.8514699275871,19.95005263252169,1.13409037355875
2023-01-18 06:00:00,2.5268091962540375,0.07700436853673623,198.50167961155074,28.301178723373106,1.133
2023-01-18 07:00:00,8.217460122303784,2.5922565939441986,239.807395908192,21.816943331817257,1.1340903735587498
2023-01-18 08:00:00,3.9214894917783694,0.23683755815908117,198.62690601229656,27.911238079435055,1.137287187078898
2023-01-18 09:00:00,6.982398617269395,1.7314493115781324,199.0316844359044,19.78710299190082,1.1423725830020304
2023-01-18 10:00:00,6.184309733650744,1.213713073087392,190.1633479804565,21.122135725425885,1.1490000000000002
2023-01-18 11:00:00,6.83030144278937,1.7126796063250262,200.60547049720134,19.176584195408406,1.1567177905567194
2023-01-18 12:00:00,6.393752336741519,1.2257373418093658,186.49273580858778,13.838065385329891,1.1650000000000003
2023-01-18 13:00:00,9.899797330974337,2.9358853365547133,144.32132653691815,13.147329803718145,1.1732822094432804
2023-01-18 14:00:00,9.42703667429902,3.041818896442891,166.2990280680624,15.319701669070467,1.181
2023-01-18 15:00:00,9.99421830490732,2.9439205530760026,144.09801231673686,8.37659840122166,1.1876274169979695
2023-01-18 16:00:00,9.173554722390248,2.9471938886974263,104.61779919647549,6.819158570960735,1.1927128129211022
2023-01-18 17:00:00,9.899652471397504,2.9797898406068164,127.85269254161176,3.812191786129124,1.1959096264412503
2023-01-18 18:00:00,12.147799724952186,3.165274895581688,168.20853706986696,11.702656660314794,1.197
2023-01-18 19:00:00,11.438462821180035,3.070396580512863,128.52771239293332,5.830263705173662,1.19590962644125
2023-01-18 20:00:00,11.030700595942776,3.080882040227785,104.3181206091819,11.671737423568285,1.1927128129211022
2023-01-18 21:00:00,8.89136698365553,3.1607854336808248,164.46952950157544,7.539081299294684,1.1876274169979697
2023-01-18 22:00:00,13.739844687837985,3.0902532960075324,138.94979630580252,14.505753845586193,1.1810000000000003
2023-01-18 23:00:00,8.218207639944163,2.5569580696370675,172.64172157863555,15.349376989348093,1.1732822094432807
2023-01-19 00:00:00,8.36285470072876,2.902320568646277,176.56027009183623,14.314704236800889,1.1650000000000003
2023-01-19 01:00:00,7.266180385537636,1.9469273996605558,226.88026167235117,14.86772444695194,1.1567177905567192
2023-01-19 02:00:00,10.791074185508238,3.0651864852693094,199.07433351071563,17.040908273625725,1.1490000000000005
2023-01-19 03:00:00,5.6176402955555975,0.8332765582908704,188.9280196465989,18.65945463918703,1.1423725830020308
2023-01-19 04:00:00,4.8749201753025995,0.6119453068545437,209.59419108906297,25.123752770646377,1.1372871870788983
2023-01-19 05:00:00,5.4774179725297945,0.788515613616836,198.89113920201535,23.208097704152756,1.13409037355875
2023-01-19 06:00:00,3.642940731274293,0.13476041169519726,220.81470576671182,19.65463270247389,1.133
2023-01-19 07:00:00,5.244847835713994,0.6210928593957075,258.8624768397503,21.97100637730931,1.13409037355875
2023-01-19 08:00:00,9.95945119340984,3.070372281889928,243.94050395875473,21.53514292445463,1.137287187078898
2023-01-19 09:00:00,6.1999391441115606,1.05587625993156,252.64361521727676,14.239887568651238,1.1423725830020304
2023-01-19 10:00:00,6.674862562666166,1.3494602508950937,212.08500191793468,18.410461256721522,1.149
2023-01-19 11:00:00,5.3865690951217715,0.8271910003276317,194.5088611824758,19.24013128890644,1.1567177905567192
2023-01-19 12:00:00,10.995054284526324,3.0133789062865106,160.03413883357868,14.587116353227684,1.165
2023-01-19 13:00:00,12.237817758308879,3.057719331718773,173.74649875013245,13.692668275419841,1.1732822094432804
2023-01-19 14:00:00,10.823708960668359,2.8770982063446815,154.89277438041293,12.453539392318303,1.181
2023-01-19 15:00:00,11.108396925153984,3.0549429507435764,163.75274213944908,8.315339028194503,1.1876274169979693
2023-01-19 16:00:00,9.890865239868461,2.9339971851089257,118.5837572538424,10.264060753205705,1.192712812921102
2023-01-19 17:00:00,11.541879485392789,2.8983116014452155,137.58698690319358,11.645046283182555,1.1959096264412503
2023-01-19 18:00:00,9.299662280076323,2.9494655107799703,103.53005751971139,2.4284240876577856,1.197
2023-01-19 19:00:00,8.726123646531555,3.136206495692748,143.28558966809564,6.238044132467836,1.1959096264412503
2023-01-19 20:00:00,7.80903613347421,2.2543603733551967,154.54389445988426,15.060649220085615,1.1927128129211022
2023-01-19 21:00:00,11.220799913540223,3.2201390712287936,115.74999301482887,9.854841900131646,1.1876274169979695
2023-01-19 22:00:00,7.09488033614562,1.5118139937811617,130.7049549262793,10.895444148526881,1.1810000000000005
2023-01-19 23:00:00,8.178350312834844,2.476809967156193,142.43354255743094,12.155320348513593,1.1732822094432809
2023-01-20 00:00:00,8.300901273775647,2.883932482077293,176.44750082713304,18.823305432818366,1.1650000000000005
2023-01-20 01:00:00,9.63082844233114,3.1575604559155734,163.69716477300443,14.253572772132637,1.1567177905567196
2023-01-20 02:00:00,5.725211457743821,0.8164106631053223,230.06980444305424,21.77852358005535,1.1490000000000002
2023-01-20 03:00:00,8.425814146449557,2.8844971521171003,220.54286478355536,19.82660115715762,1.1423725830020306
2023-01-20 04:00:00,7.517921883542269,2.115259041008937,230.95193476498667,19.678674462150987,1.1372871870788979
2023-01-20 05:00:00,3.0981790209545066,0.12012153533652632,191.6857044707412,22.03409865830506,1.13409037355875
2023-01-20 06:00:00,7.275673497969214,1.8677314061457637,250.86356171056445,22.86085854229378,1.133
2023-01-20 07:00:00,4.454486157627895,0.426288953976187,236.45885098497942,21.234175734044058,1.1340903735587498
2023-01-20 08:00:00,4.218341785622465,0.21295013110826377,205.32423037271442,25.266520783720672,1.137287187078898
2023-01-20 09:00:00,5.041841482182726,0.5820771049542416,180.98444665929887,18.430601964724083,1.1423725830020304
2023-01-20 10:00:00,6.141359265695655,1.1155040687190492,200.9774555386217,19.42022454387946,1.1490000000000002
2023-01-20 11:00:00,5.992289680064926,1.0453932726378115,182.31822878238873,18.68285013498439,1.156717790556719
2023-01-20 12:00:00,5.8972566550979035,0.8135606360057555,171.50146328886117,15.389169146050188,1.1649999999999998
2023-01-20 13:00:00,6.857241169323574,1.626485276958351,154.2445030488225,15.246137439629816,1.1732822094432802
2023-01-20 14:00:00,9.39623382842237,3.0129493652896095,171.9287181468819,9.699307901709389,1.181
2023-01-20 15:00:00,9.479803375395138,2.894461377865827,96.16869445601866,11.211026869944567,1.1876274169979697
2023-01-20 16:00:00,11.415015329545222,3.1799064234023655,169.6274126363421,10.028481370074584,1.192712812921102
2023-01-20 17:00:00,10.86393011811007,2.965341541838118,156.49566759131426,10.176953621409297,1.1959096264412503
2023-01-20 18:00:00,11.124005481768855,2.971835261774507,139.21370376590957,1.3430261552170286,1.197
2023-01-20 19:00:00,12.16397606775761,3.0641709245191326,133.65162640794196,8.799731805709644,1.1959096264412503
2023-01-20 20:00:00,13.621592110751065,3.1884001137569857,162.6898699407717,10.77560607840929,1.1927128129211022
2023-01-20 21:00:00,13.317496663574403,3.068103959604452,147.33501172473132,8.108769858136144,1.1876274169979697
2023-01-20 22:00:00,12.532442121015432,3.082610983669387,151.9314103095302,9.356535727270282,1.1810000000000003
2023-01-20 23:00:00,10.918519458542423,2.89983781345096,191.12750432750855,10.825314823512473,1.1732822094432807
2023-01-21 00:00:00,12.594181268363899,3.008695970203717,221.86791450099767,11.903983031002726,1.1650000000000007
2023-01-21 01:00:00,8.515895175774222,2.9176660393449434,172.2267205614002,19.067832522843492,1.1567177905567196
2023-01-21 02:00:00,7.532743421629806,2.126566322124369,210.99598626953562,25.8457087495425,1.1490000000000002
2023-01-21 03:00:00,10.68711207197687,3.0796965795509923,190.09196759584344,18.98879418301793,1.1423725830020308
2023-01-21 04:00:00,0.1876663570549546,0.16335474638960693,229.00393681551694,20.52855789166054,1.137287187078898
2023-01-21 05:00:00,4.813002699007819,0.32051087466622413,207.90303261549803,22.77359622094622,1.13409037355875
2023-01-21 06:00:00,7.535013968498663,1.9949554011976358,249.23096513823523,18.194074962890962,1.133
2023-01-21 07:00:00,6.982174307354334,1.7674748441927903,221.4642741437833,20.640761606836957,1.1340903735587498
2023-01-21 08:00:00,10.347547182745563,2.859847015306748,219.90071655439567,21.75730618948574,1.1372871870788979
2023-01-21 09:00:00,5.815519469672215,1.0267184208410487,244.44210710250672,17.975069280489706,1.1423725830020304
2023-01-21 10:00:00,5.286735514436612,0.8242185566849638,187.83994161775286,22.592324129649032,1.149
2023-01-21 11:00:00,6.158209387591804,1.1206304504018656,205.34370091172505,13.189100265616457,1.1567177905567196
2023-01-21 12:00:00,8.212776301542894,2.5226617284499637,167.33093116232672,17.703015972606472,1.1649999999999996
2023-01-21 13:00:00,11.603047548615564,2.987848032179976,192.27909384724964,17.334954454836087,1.1732822094432804
2023-01-21 14:00:00,12.386630226785321,3.1458681337458723,193.2351089766064,12.14517423454047,1.181
2023-01-21 15:00:00,9.688701135361883,3.1539017375255414,142.92205088910572,8.930794079639632,1.18762741699797
2023-01-21 16:00:00,10.866412916101678,3.020788037677769,97.14704883447553,8.810642208642026,1.192712812921102
2023-01-21 17:00:00,9.536001165297815,2.902276231128524,122.77059657396015,5.950902787867774,1.1959096264412503
2023-01-21 18:00:00,9.955546394590247,3.173839719404941,183.6527264804351,0.89179540457262,1.197
2023-01-21 19:00:00,13.07086602496338,3.082092287910971,124.69105395319781,4.334836390674326,1.1959096264412503
2023-01-21 20:00:00,13.988178744389048,2.9088490031323126,176.44927983766138,8.03825942329083,1.1927128129211022
2023-01-21 21:00:00,9.004884606050997,3.034251897114051,136.0544750440206,6.5210850955961,1.1876274169979695
2023-01-21 22:00:00,10.337541985049699,3.029674848097816,144.88001288212115,9.760631342692154,1.1809999999999996
2023-01-21 23:00:00,8.691465006901394,2.9363204898450443,183.93689451040234,14.366985117414265,1.1732822094432809
2023-01-22 00:00:00,10.151103343283614,3.034810681471471,193.18681990138234,15.435072517417497,1.165
2023-01-22 01:00:00,6.8632155985741665,1.6657923725852393,208.69034065605075,20.24597667717692,1.15671779055672
2023-01-22 02:00:00,3.028741912066565,0.10402933117677152,202.5982111712707,19.882502614004743,1.1490000000000002
2023-01-22 03:00:00,8.206650943194775,2.779677047780432,232.5070071136858,21.71576649866098,1.1423725830020306
2023-01-22 04:00:00,5.032636797540428,0.43763714413136034,238.2011450563793,19.791335372856704,1.1372871870788979
2023-01-22 05:00:00,4.841908244520345,0.7678933321315166,246.4472234429738,18.734088314088332,1.13409037355875
2023-01-22 06:00:00,5.901198343582342,0.9943260303342546,212.5288188940172,21.761233564968407,1.133
2023-01-22 07:00:00,5.727315688216207,1.0110542429372888,244.13924623858657,20.54585196235399,1.1340903735587498
2023-01-22 08:00:00,6.12848735057908,1.1291370715079918,208.54442032095704,21.42790033765211,1.1372871870788979
2023-01-22 09:00:00,2.3410817025169863,-0.02062945216211553,208.67778055360466,17.458739160836235,1.1423725830020304
2023-01-22 10:00:00,7.2609887432859885,1.8379112771998292,198.94745924753394,21.527466211705402,1.1490000000000002
2023-01-22 11:00:00,3.004266180237926,-0.06050697839750088,171.68477881065752,14.877927581279549,1.1567177905567199
2023-01-22 12:00:00,9.115770263382412,3.0688386930712808,145.28964779280588,13.90869293588062,1.1649999999999998
2023-01-22 13:00:00,10.596514920934082,3.019376457864482,192.82762382048102,12.868871330258537,1.1732822094432807
2023-01-22 14:00:00,6.381307923563904,1.2308876486342213,143.45500915273792,14.369530839805186,1.1809999999999996
2023-01-22 15:00:00,10.457596460192324,3.075269957107564,142.7854003551039,14.619224261372274,1.1876274169979693
2023-01-22 16:00:00,12.47475420197496,3.003752326159319,126.41452122772733,13.554122593065888,1.192712812921102
2023-01-22 17:00:00,9.861197082960478,3.0606829872282573,131.4002470829459,3.4272065286332163,1.1959096264412503
2023-01-22 18:00:00,12.317250221218584,3.0962316578880142,124.88194119215271,5.880578571385009,1.197
2023-01-22 19:00:00,5.407539852637672,0.7057452108936682,162.1150152058403,5.5824340383305335,1.1959096264412503
2023-01-22 20:00:00,12.980148203412519,2.9164589717608176,129.21877385776503,9.182724152901331,1.192712812921102
2023-01-22 21:00:00,10.459440444376977,2.827743992524753,182.47127780182498,10.270993560148304,1.18762741699797
2023-01-22 22:00:00,9.335970527514931,3.012256079882786,180.2854279839417,9.250994454901955,1.1810000000000003
2023-01-22 23:00:00,11.14570402486877,3.0452097288450686,158.864203140497,10.943638412889708,1.1732822094432807
2023-01-23 00:00:00,11.881939375627555,2.8676384601510962,186.39623269592397,12.007698783744829,1.1649999999999998
2023-01-23 01:00:00,8.611679325995071,3.142037984802835,202.03378362155564,9.108065323690512,1.1567177905567199
2023-01-23 02:00:00,10.099079557083451,2.917766452864728,219.33214407516775,15.105506399401772,1.1490000000000002
2023-01-23 03:00:00,3.092703015916812,-0.0680481323731153,230.6291453078225,23.257178245046095,1.142372583002031
2023-01-23 04:00:00,6.971501732922037,1.7794349587938487,222.7037963005542,26.322316681499192,1.1372871870788983
2023-01-23 05:00:00,4.976787970587911,0.3956830664976865,204.3782001901698,26.770979372100005,1.13409037355875
2023-01-23 06:00:00,3.453584300766029,0.294573389946567,237.81776649027242,25.72770182654891,1.133
2023-01-23 07:00:00,1.164285532185282,0.0797042716053686,218.73653467385748,19.691580770767747,1.13409037355875
2023-01-23 08:00:00,6.439818131079629,1.3166999536637283,163.1870433300225,18.384535887450397,1.1372871870788979
2023-01-23 09:00:00,7.351128139842435,1.8587104783408404,219.62537469458553,15.2237848208464,1.1423725830020306
2023-01-23 10:00:00,8.832416221199498,3.0502797294525577,187.8177989752259,17.25040852634897,1.1489999999999996
2023-01-23 11:00:00,9.17535975621026,3.104848487370455,182.47909549254015,17.331871018738163,1.1567177905567192
2023-01-23 12:00:00,6.033220601703658,0.957855919319201,180.12042271633393,11.976647184246964,1.165
2023-01-23 13:00:00,10.941163387337182,3.0976373672979483,137.28020210298746,14.222711860091088,1.1732822094432809
2023-01-23 14:00:00,11.911043216838026,3.0930874511937243,160.28082954226824,12.955573308546896,1.1809999999999996
2023-01-23 15:00:00,9.280762628523815,3.0293051090921557,141.8460459611201,7.919674416262528,1.1876274169979695
2023-01-23 16:00:00,10.417252470169533,2.946202512191889,123.48445711196231,4.051743585953819,1.1927128129211022
2023-01-23 17:00:00,8.89089590960446,3.0935457364848777,137.4581743173561,11.41537308109138,1.19590962644125
2023-01-23 18:00:00,13.931750071108002,3.0508312956162524,101.19607564734397,7.105426673862616,1.197
2023-01-23 19:00:00,7.954777306151163,2.319879385152439,138.04587338480002,13.096211414485222,1.1959096264412503
2023-01-23 20:00:00,11.853697311653235,2.9632644191231754,150.44083509976767,8.348934217900736,1.192712812921102
2023-01-23 21:00:00,9.2057935907592,3.08190549384207,154.28516803895647,9.829784502246236,1.18762741699797
2023-01-23 22:00:00,7.635923641673974,2.1532668929944525,173.2776841509728,8.106509540031183,1.181
2023-01-23 23:00:00,5.428164557936993,0.8780032635297006,191.66019062142797,11.658817639007328,1.1732822094432813
2023-01-24 00:00:00,7.992547768237615,2.421967288950042,178.37304545928447,10.323591691746145,1.1650000000000005
2023-01-24 01:00:00,5.111077414091267,0.5423037109914803,213.55584671979224,13.039679270965799,1.1567177905567196
2023-01-24 02:00:00,6.994490697533269,1.865490774482247,200.79829668697974,21.223495141979644,1.149
2023-01-24 03:00:00,9.73794416777202,2.831910491725351,197.83058768240952,19.809104100141504,1.1423725830020304
2023-01-24 04:00:00,6.038618710131683,1.0092912273064867,211.116130802358,20.660229144424118,1.137287187078898
2023-01-24 05:00:00,9.235356680865753,3.0279748000699986,228.8062139804413,20.50612866825117,1.13409037355875
2023-01-24 06:00:00,3.065476003242357,0.23718493654045597,246.70355696344635,21.843428886669166,1.133
2023-01-24 07:00:00,2.4597668019122714,0.13623912715336348,223.49591927928398,26.126596935134085,1.1340903735587498
2023-01-24 08:00:00,3.1622128566177454,0.38323993125759404,205.49800573823595,22.36086850089352,1.137287187078898
2023-01-24 09:00:00,5.470346955498769,0.7757220740261732,240.70500608980197,17.116809609209476,1.1423725830020308
2023-01-24 10:00:00,11.59426809466161,2.912701673864947,173.80366977306738,22.091154081667064,1.1489999999999998
2023-01-24 11:00:00,3.4981494538373137,0.1839563365813943,178.30274934008708,22.24566813021424,1.1567177905567192
2023-01-24 12:00:00,8.815966212145247,2.9680023470648975,197.85568756454083,16.484114004150857,1.1649999999999994
2023-01-24 13:00:00,6.959821684631854,1.6149444079612223,203.68228790113844,15.603318274546432,1.1732822094432802
2023-01-24 14:00:00,8.670742106912412,2.901751187710072,167.11362528440816,14.66234875210684,1.1809999999999998
2023-01-24 15:00:00,7.284690656496553,1.93804747942906,153.1779460098819,4.373330995054431,1.1876274169979697
2023-01-24 16:00:00,12.118672590825174,3.037083020933621,135.21155342588654,13.664607873381463,1.1927128129211022
2023-01-24 17:00:00,10.6713540577933,2.873611917092589,147.49476097797725,10.569035601719078,1.19590962644125
2023-01-24 18:00:00,13.144884591189669,3.0968025075870584,137.58735342021626,8.466564102738783,1.197
2023-01-24 19:00:00,11.328841986154156,2.9188518463015494,121.44271073670083,6.8962117722309,1.1959096264412505
2023-01-24 20:00:00,6.920508012571946,1.4761647673333556,134.84898146229025,4.0600695219679075,1.1927128129211022
2023-01-24 21:00:00,12.592537558941054,3.0087328703921647,130.83127491299336,8.348942439418812,1.1876274169979697
2023-01-24 22:00:00,5.825628016167635,0.7753113697895814,157.77231228761673,12.34519104958888,1.181
2023-01-24 23:00:00,5.437815753226985,0.8324665517605699,171.58993243123797,9.616372502060878,1.173282209443281
2023-01-25 00:00:00,6.588954663916328,1.092201827428502,212.68766397295502,14.790758197857748,1.1650000000000003
2023-01-25 01:00:00,5.832536559382405,0.851547139387187,179.69891451580114,13.519928248387416,1.1567177905567194
2023-01-25 02:00:00,9.673694521748626,3.157513732108791,198.88446490392957,17.846127471807335,1.1490000000000005
2023-01-25 03:00:00,5.8569567474700435,0.8978567046078293,237.00343158365845,16.598972150720176,1.1423725830020308
2023-01-25 04:00:00,8.134374641203232,2.5380586971086703,255.07293017945756,17.554874966883904,1.137287187078898
2023-01-25 05:00:00,4.104960719124549,0.460120280604852,232.96088173098147,23.747674844704274,1.1340903735587498
2023-01-25 06:00:00,5.665315248219934,0.7954319513080169,219.92873657103596,21.26072732479865,1.133
2023-01-25 07:00:00,5.969733024935379,1.0997798482651457,214.00630883758902,21.270034821087116,1.13409037355875
2023-01-25 08:00:00,6.608374867228401,1.505708150036417,182.10980687309456,20.02787232596296,1.1372871870788976
2023-01-25 09:00:00,4.670695684177701,0.5380162178697718,193.264439171481,28.826208212371753,1.1423725830020302
2023-01-25 10:00:00,5.392660941643216,0.6099165916605114,204.53124847007234,20.822101257117396,1.149
2023-01-25 11:00:00,6.226117722408508,1.1006434889732648,188.02713970932686,19.214782978323264,1.1567177905567196
2023-01-25 12:00:00,4.2718151952267895,0.6463637697785072,192.4681594799,12.673753391080222,1.1650000000000005
2023-01-25 13:00:00,8.191948630176327,2.5955332737582943,164.44908723380357,14.443699704893888,1.1732822094432804
2023-01-25 14:00:00,8.350979698861778,3.100246674352782,142.97885406725578,10.316836990765736,1.181
2023-01-25 15:00:00,10.960876267184334,3.1708964052029893,155.00708003351247,6.992796527806545,1.1876274169979693
2023-01-25 16:00:00,10.542998284865432,3.051906953937222,191.13416173916977,13.859070973380243,1.192712812921102
2023-01-25 17:00:00,13.43196793060992,3.0297234272497517,130.1863544690614,8.990967476316333,1.1959096264412503
2023-01-25 18:00:00,11.110154440218471,2.95351766448729,137.77775042690755,8.567015891416558,1.197
2023-01-25 19:00:00,9.853940205648506,2.9911087409096537,153.47184944124538,4.357392527372259,1.1959096264412503
2023-01-25 20:00:00,10.899150411257265,2.9311275843475726,129.5964889983148,4.261169039563631,1.1927128129211022
2023-01-25 21:00:00,11.847786448744953,2.99363735961804,173.63534557931223,9.170491339793001,1.1876274169979701
2023-01-25 22:00:00,6.305214465208903,1.0696368313832638,125.91919777764079,9.279457938438602,1.1810000000000005
2023-01-25 23:00:00,7.747124081424628,2.0951732284279636,160.19860262501388,14.767370466942896,1.1732822094432809
2023-01-26 00:00:00,7.035006552408897,1.8050039213069218,173.77558204982898,17.03778264266615,1.165
2023-01-26 01:00:00,8.462228049042078,2.753846821564539,194.670011934686,17.26706216517827,1.1567177905567192
2023-01-26 02:00:00,7.936224870369561,2.493186277554158,163.0703740002013,21.48313952074819,1.1490000000000005
2023-01-26 03:00:00,6.401724976640561,1.0726421509228088,238.8746030466165,21.236767443810347,1.1423725830020306
2023-01-26 04:00:00,0.6823278189980595,0.0644919427560311,227.25549486931595,19.313134383568993,1.1372871870788983
2023-01-26 05:00:00,1.9369593099128815,0.014200441984316373,245.9232910929905,22.132582460169555,1.13409037355875
2023-01-26 06:00:00,4.5521588672844215,0.5859146026896391,257.26071474927744,23.407199127761306,1.133
2023-01-26 07:00:00,4.018709555194019,0.2790170411609859,208.65538661626687,25.514181792238077,1.13409037355875
2023-01-26 08:00:00,5.226984790746308,0.48603483691927296,169.08406315584415,22.60305576359303,1.1372871870788979
2023-01-26 09:00:00,4.661751708138427,0.46854908692832314,234.74712665933149,18.942502435529665,1.1423725830020304
2023-01-26 10:00:00,9.211655651511078,3.0159660565547926,196.7723465965322,21.898513917842955,1.149
2023-01-26 11:00:00,2.2344957112471517,0.04047260102975415,168.983487112173,18.212819898064105,1.1567177905567188
2023-01-26 12:00:00,8.181895238880028,2.692371834053264,191.52599306081066,19.63702117676006,1.1649999999999998
2023-01-26 13:00:00,10.015773169039866,2.9435611901294276,217.6242816130318,13.191280046036491,1.1732822094432807
2023-01-26 14:00:00,10.521425125731136,2.8736596837454393,155.32187009723307,7.888013858690791,1.1810000000000003
2023-01-26 15:00:00,11.375276455031596,2.9000351115685774,167.20252099265213,12.874083841153151,1.1876274169979693
2023-01-26 16:00:00,12.222627759527963,2.948423265547046,121.27880096031097,6.34142687933475,1.192712812921102
2023-01-26 17:00:00,9.551244550489097,2.9475651383751647,102.79818250800113,8.15886577068979,1.19590962644125
2023-01-26 18:00:00,8.767009975847422,3.2406122358003273,153.27880938645984,7.5571500681068935,1.197
2023-01-26 19:00:00,6.9089882526996895,1.7120078410951127,147.4548012531572,7.409481379651032,1.1959096264412503
2023-01-26 20:00:00,10.058550299566306,3.0686709204348563,131.71480013651882,7.562336853192901,1.1927128129211022
2023-01-26 21:00:00,8.844385719080915,3.0446012510728537,182.3045810071136,4.386713354841229,1.1876274169979695
2023-01-26 22:00:00,12.174846908101271,3.0299772235602136,122.21022060686155,7.993688226108644,1.1810000000000003
2023-01-26 23:00:00,8.60250489875754,3.030500054520973,143.75254145194614,16.295844605871256,1.1732822094432809
2023-01-27 00:00:00,6.362548549724485,1.255379946676972,169.1426481049483,16.286402153322616,1.1650000000000007
2023-01-27 01:00:00,5.263176735364876,0.7053700380582656,184.5189168832008,22.798443512699464,1.1567177905567199
2023-01-27 02:00:00,10.85929189855325,2.7908135905449134,231.8070941505722,15.88688553389655,1.1490000000000002
2023-01-27 03:00:00,6.1550968909876165,1.0848490963853121,212.80376390961007,20.564885933435093,1.1423725830020304
2023-01-27 04:00:00,4.0765951307060195,0.3018731898975831,215.11206337830404,25.417783787159582,1.1372871870788983
2023-01-27 05:00:00,5.488879291840498,0.720615202473101,198.06652682719027,21.0299360792515,1.13409037355875
2023-01-27 06:00:00,8.823800822528804,2.94439030637712,246.7326708368306,21.543898867667238,1.133
2023-01-27 07:00:00,4.2422871173118555,0.39735394533576157,200.7338445136635,21.847387016396368,1.1340903735587498
2023-01-27 08:00:00,6.590265451970696,1.4536662955106392,193.47891734309647,20.59215984528589,1.1372871870788979
2023-01-27 09:00:00,7.9734701076700265,2.4685096992728144,203.81464233445118,22.25224644493425,1.1423725830020306
2023-01-27 10:00:00,2.3655229355131904,0.1379206716487586,205.76388049310304,13.65936949055216,1.1490000000000002
2023-01-27 11:00:00,5.545554043601117,0.8964205293668691,177.2440050264078,21.998730083014152,1.156717790556719
2023-01-27 12:00:00,9.698813232138125,2.9700294406472145,194.14035005915224,12.121010020333692,1.165
2023-01-27 13:00:00,6.961145478507909,1.675230254189936,162.69361743077255,6.5779325751946605,1.17328220944328
2023-01-27 14:00:00,9.947599007548904,2.825362752037632,178.55537879223226,10.969281806548427,1.1809999999999996
2023-01-27 15:00:00,8.283767280779607,2.6960782784614037,158.282407088267,8.210942858347204,1.1876274169979695
2023-01-27 16:00:00,9.469292135722242,2.94981484105337,176.85844363698294,7.5378575232266405,1.1927128129211022
2023-01-27 17:00:00,9.624476712489331,3.1531326802314235,127.688759299442,8.210323115694122,1.1959096264412503
2023-01-27 18:00:00,12.243317797193,3.033708729273368,151.8794204881119,8.934523868662676,1.197
2023-01-27 19:00:00,11.38151182648822,2.866554591884708,100.79711338071829,12.332547450691147,1.1959096264412503
2023-01-27 20:00:00,10.981474856947736,3.059458380477556,198.86203069121768,6.001374257077727,1.1927128129211024
2023-01-27 21:00:00,15.414442442708292,3.0909783345101163,164.05912551603012,11.666018925000635,1.18762741699797
2023-01-27 22:00:00,13.33102409502713,2.9910336078460364,151.57385555554552,13.126809353206134,1.181
2023-01-27 23:00:00,5.2151338779522485,0.7513522828472158,163.17063875772982,5.007090732453667,1.1732822094432807
2023-01-28 00:00:00,7.536540677742504,1.809693687532115,175.059538527254,12.500416792392269,1.1650000000000005
2023-01-28 01:00:00,12.49317499250106,2.73006776505677,228.4475894916467,13.209610667977843,1.1567177905567196
2023-01-28 02:00:00,5.7324717296095775,0.7883282384930863,220.47099000682337,20.343678575673596,1.1490000000000007
2023-01-28 03:00:00,10.37476149272106,3.0149039700624995,202.95343910568715,21.67033199728825,1.142372583002031
2023-01-28 04:00:00,4.786950427517385,0.680898965722044,194.19484280781393,23.001986330230125,1.137287187078898
2023-01-28 05:00:00,4.77280053520333,0.41037425913861064,247.3887548931664,21.810629807769303,1.13409037355875
2023-01-28 06:00:00,6.757165228470288,1.3988225632765763,241.77097852627247,22.385730322759535,1.133
2023-01-28 07:00:00,4.841234051895295,0.554699198897803,237.5940761280202,22.64166435547935,1.1340903735587498
2023-01-28 08:00:00,6.205493312222875,1.1003102970798047,217.2962544626624,20.724863416486844,1.1372871870788976
2023-01-28 09:00:00,8.750445431624655,2.9450809230703174,205.82745617517926,22.98840106580681,1.1423725830020308
2023-01-28 10:00:00,7.665972587164542,2.12504636911284,236.2044702295953,15.791009121962691,1.1489999999999998
2023-01-28 11:00:00,7.105443145239594,1.8571954649910007,227.21224181570318,14.725110770743731,1.1567177905567192
2023-01-28 12:00:00,10.923693659255584,3.111613428873812,192.80249751283353,15.363957696769868,1.1649999999999994
2023-01-28 13:00:00,10.113127308463119,3.0023469322292615,187.74996026718418,11.825659984744862,1.173282209443281
2023-01-28 14:00:00,7.651261882819641,2.3201895233572687,162.22196328341448,7.67365526176852,1.1809999999999998
2023-01-28 15:00:00,13.760880945917265,3.0509028354067977,120.78047939726818,10.938921714614334,1.187627416997969
2023-01-28 16:00:00,11.645127126846452,3.115389413453849,121.4340017095071,6.3549346519415435,1.1927128129211022
2023-01-28 17:00:00,10.331850785963821,2.913945342745137,159.45697587798085,4.738430477383752,1.19590962644125
2023-01-28 18:00:00,6.928342320629443,1.534499686648243,160.4741069562238,6.476860877788298,1.197
2023-01-28 19:00:00,8.2231988379597,2.6085282828490453,157.61587798318408,4.592844897132217,1.1959096264412505
2023-01-28 20:00:00,14.18402578772557,2.99132777508585,147.94990303144127,7.9692527832330855,1.1927128129211018
2023-01-28 21:00:00,13.878782470931526,3.005991323709126,170.00617397251057,8.264049242587607,1.1876274169979697
2023-01-28 22:00:00,10.022197418253477,3.0324177308596996,156.33725411001447,9.462259688759552,1.1810000000000007
2023-01-28 23:00:00,5.637132767108836,1.0590395987725065,180.7809497011519,11.410446951586039,1.1732822094432813
2023-01-29 00:00:00,6.249409516878389,1.2462490073599335,175.90635263759734,17.986845492075677,1.1650000000000003
2023-01-29 01:00:00,4.392710939187921,0.3562707188080946,170.51114436661587,18.178204594653216,1.1567177905567194
2023-01-29 02:00:00,3.5614292711581403,0.21697717515326512,219.79143944994468,13.872410421449814,1.1490000000000007
2023-01-29 03:00:00,10.252874258844583,3.1504942189115206,237.3222932466181,23.305812865877858,1.1423725830020302
2023-01-29 04:00:00,9.759439874082855,3.078187984260412,268.450318778634,23.477874364675014,1.137287187078898
2023-01-29 05:00:00,2.999101369165316,0.27894675370835376,228.7472422109277,24.099951315847612,1.13409037355875
2023-01-29 06:00:00,5.012552558403465,0.5575923879552084,204.04380363243538,25.663732658755254,1.133
2023-01-29 07:00:00,2.452056082047361,-0.0002431418728120749,216.89784743643182,22.772496721044945,1.13409037355875
2023-01-29 08:00:00,5.185767940074129,0.6011606458425864,216.25331545979603,23.78845427511136,1.137287187078898
2023-01-29 09:00:00,8.87915579974757,2.9598013508863863,214.78976128595335,19.263438429923426,1.1423725830020302
2023-01-29 10:00:00,8.305808820819035,2.6500686821884765,211.91752513477002,21.542740954627774,1.1489999999999991
2023-01-29 11:00:00,8.43970441193477,2.9213820985364665,198.90624287754667,17.724893025941817,1.1567177905567194
2023-01-29 12:00:00,7.188280501294669,1.8180184743286114,195.54164516930592,10.86911503669246,1.1649999999999996
2023-01-29 13:00:00,10.88368658870565,3.133877797042106,172.30160392423858,16.038602542971535,1.1732822094432804
2023-01-29 14:00:00,10.411685702181,2.8239737499419992,112.99408194446451,10.61328605368885,1.181
2023-01-29 15:00:00,10.608561641660666,2.905587244353758,152.72287142047406,8.538777623454031,1.1876274169979697
2023-01-29 16:00:00,10.129577266346525,3.0805580474530725,142.76347205584432,6.743794387794828,1.192712812921102
2023-01-29 17:00:00,11.395950202732877,3.018347311871157,147.53867509341094,6.164502532902791,1.19590962644125
2023-01-29 18:00:00,11.54648064553999,3.004480245638794,127.77035588844954,7.688905945221476,1.197
2023-01-29 19:00:00,9.895488307940512,3.1263853839910123,141.00385230651955,4.309853404191518,1.1959096264412503
2023-01-29 20:00:00,9.233922899471164,2.899004579732384,152.15370058027779,3.3659587462771263,1.1927128129211022
2023-01-29 21:00:00,8.405638046329845,2.7841125157800826,144.9793508119908,6.14974913320861,1.1876274169979701
2023-01-29 22:00:00,7.98590305719981,2.3653600513874053,171.01741204460606,12.145153552520185,1.1809999999999998
2023-01-29 23:00:00,8.801415367969707,2.7987091956106642,169.75564161968308,12.443633199489982,1.173282209443281
2023-01-30 00:00:00,7.717990226188438,2.2248922738215104,183.13317664630074,18.339579373730704,1.165000000000001
2023-01-30 01:00:00,6.398780150081964,1.2080542224056658,133.1926810484738,16.875814162585172,1.1567177905567192
2023-01-30 02:00:00,5.492088841515331,0.7236187438137789,179.62225430348906,21.52753932470851,1.1490000000000005
2023-01-30 03:00:00,6.783029573203405,1.4099561786948023,188.99648884020158,18.578410425342092,1.1423725830020306
2023-01-30 04:00:00,8.394818951602517,2.844193099274312,223.29778752829262,20.62277660206876,1.1372871870788983
2023-01-30 05:00:00,5.218964314149558,0.6039773186328029,248.89996684893825,22.755979084113402,1.1340903735587498
2023-01-30 06:00:00,4.877360910117126,0.5803063995205234,222.63169790567744,22.559069053858586,1.133
2023-01-30 07:00:00,3.1518750164842277,0.19654505532890618,240.43262576910573,22.00631151541448,1.1340903735587498
2023-01-30 08:00:00,4.770104409492887,0.4926734172536097,231.93619629681749,19.311859572750983,1.1372871870788979
2023-01-30 09:00:00,7.981220714228115,2.40945748193415,214.61767362280125,15.900168111894578,1.1423725830020304
2023-01-30 10:00:00,8.223292926230949,2.693607432449568,213.97953401663352,20.89304971596548,1.149
2023-01-30 11:00:00,8.758326369488866,2.997115027986573,196.56573140625102,18.62833342389345,1.1567177905567188
2023-01-30 12:00:00,9.448377634260083,3.133015935535473,177.15439006414366,13.158392330778707,1.1650000000000007
2023-01-30 13:00:00,9.233217467842591,3.0318265537560203,176.17474996371737,14.06609900258836,1.1732822094432807
2023-01-30 14:00:00,9.920762535980328,3.109558600027431,186.43262819603547,10.50066197159034,1.1809999999999994
2023-01-30 15:00:00,10.290231132398775,3.0610511002359013,157.6351743161197,12.661661005884687,1.1876274169979693
2023-01-30 16:00:00,9.526625382641067,2.8681581859873613,145.38827923047356,4.1350179897484045,1.192712812921102
2023-01-30 17:00:00,10.926603120934564,2.944173512419435,118.98432619360227,6.892414364999184,1.1959096264412503
2023-01-30 18:00:00,11.401176857213072,2.995190257695734,163.31750298529218,6.380359796653167,1.197
2023-01-30 19:00:00,12.244688804721138,3.086844431059593,108.39236719701326,7.75594126625603,1.19590962644125
2023-01-30 20:00:00,10.984268941016015,3.1927812997438574,106.90759521773826,12.683210202369894,1.1927128129211022
2023-01-30 21:00:00,14.609774728935461,2.951585286911279,155.60940861295495,8.971994240092055,1.18762741699797
2023-01-30 22:00:00,7.432004886671173,1.9802838469283488,139.88479617770517,13.229396539574532,1.1810000000000003
2023-01-30 23:00:00,10.686572518601208,3.079991128168839,190.1351230273354,12.485998843952506,1.1732822094432809
